time,open,high,low,close
2026-01-01T00:00:00+09:00,88530,88540,88000,88254
2026-01-01T00:15:00+09:00,88244,88264,88000,88040
2026-01-01T00:30:00+09:00,88037,88187,87840,88115
2026-01-01T00:45:00+09:00,88113,88210,87993,87998
2026-01-01T01:00:00+09:00,88023,88057,87865,87975
2026-01-01T01:15:00+09:00,87980,88121,87766,87979
2026-01-01T01:30:00+09:00,88000,88007,87500,87521
2026-01-01T01:45:00+09:00,87541,87771,87504,87717
2026-01-01T02:00:00+09:00,87704,87758,87557,87595
2026-01-01T02:15:00+09:00,87605,87825,87554,87685
2026-01-01T02:30:00+09:00,87692,87756,87598,87678
2026-01-01T02:45:00+09:00,87678,87766,87615,87687
2026-01-01T03:00:00+09:00,87704,88000,87640,87969
2026-01-01T03:15:00+09:00,87968,88076,87885,88005
2026-01-01T03:30:00+09:00,88005,88005,87895,87950
2026-01-01T03:45:00+09:00,87951,87966,87753,87758
2026-01-01T04:00:00+09:00,87764,87937,87764,87848
2026-01-01T04:15:00+09:00,87854,87888,87735,87810
2026-01-01T04:30:00+09:00,87815,87815,87694,87718
2026-01-01T04:45:00+09:00,87705,87784,87587,87603
2026-01-01T05:00:00+09:00,87609,87609,87479,87603
2026-01-01T05:15:00+09:00,87594,87630,87507,87561
2026-01-01T05:30:00+09:00,87547,87607,87298,87500
2026-01-01T05:45:00+09:00,87488,87772,87408,87721
2026-01-01T06:00:00+09:00,87739,87851,87739,87808
2026-01-01T06:15:00+09:00,87802,87849,87784,87828
2026-01-01T06:30:00+09:00,87830,87953,87821,87899
2026-01-01T06:45:00+09:00,87888,87922,87839,87879
2026-01-01T07:00:00+09:00,87882,87919,87842,87910
2026-01-01T07:15:00+09:00,87915,87964,87877,87909
2026-01-01T07:30:00+09:00,87909,87909,87771,87834
2026-01-01T07:45:00+09:00,87815,87863,87739,87800
2026-01-01T08:00:00+09:00,87790,87800,87720,87757
2026-01-01T08:15:00+09:00,87769,87772,87690,87736
2026-01-01T08:30:00+09:00,87757,87761,87716,87744
2026-01-01T08:45:00+09:00,87749,87765,87705,87720
2026-01-01T09:00:00+09:00,87722,87882,87701,87804
2026-01-01T09:15:00+09:00,87815,87849,87811,87846
2026-01-01T09:30:00+09:00,87833,87842,87790,87817
2026-01-01T09:45:00+09:00,87803,87930,87802,87873
2026-01-01T10:00:00+09:00,87878,88074,87875,88049
2026-01-01T10:15:00+09:00,88069,88117,87926,87941
2026-01-01T10:30:00+09:00,87940,87959,87886,87949
2026-01-01T10:45:00+09:00,87931,88063,87929,88000
2026-01-01T11:00:00+09:00,88014,88104,87960,88063
2026-01-01T11:15:00+09:00,88063,88156,87994,88006
2026-01-01T11:30:00+09:00,88013,88110,87984,88013
2026-01-01T11:45:00+09:00,88019,88024,87944,87962
2026-01-01T12:00:00+09:00,87967,88041,87933,88037
2026-01-01T12:15:00+09:00,88032,88074,87952,87976
2026-01-01T12:30:00+09:00,87985,88006,87958,87985
2026-01-01T12:45:00+09:00,87980,87980,87869,87893
2026-01-01T13:00:00+09:00,87899,87907,87665,87680
2026-01-01T13:15:00+09:00,87689,87735,87589,87653
2026-01-01T13:30:00+09:00,87660,87689,87593,87593
2026-01-01T13:45:00+09:00,87594,87675,87594,87610
2026-01-01T14:00:00+09:00,87625,87759,87623,87732
2026-01-01T14:15:00+09:00,87734,87760,87699,87730
2026-01-01T14:30:00+09:00,87733,87769,87655,87737
2026-01-01T14:45:00+09:00,87723,87762,87722,87739
2026-01-01T15:00:00+09:00,87740,87740,87660,87677
2026-01-01T15:15:00+09:00,87678,87696,87671,87679
2026-01-01T15:30:00+09:00,87690,87708,87681,87688
2026-01-01T15:45:00+09:00,87689,87692,87672,87672
2026-01-01T16:00:00+09:00,87684,87702,87629,87669
2026-01-01T16:15:00+09:00,87667,87700,87633,87633
2026-01-01T16:30:00+09:00,87654,87700,87654,87668
2026-01-01T16:45:00+09:00,87660,87698,87634,87653
2026-01-01T17:00:00+09:00,87653,87840,87649,87780
2026-01-01T17:15:00+09:00,87786,87799,87730,87775
2026-01-01T17:30:00+09:00,87768,87816,87719,87740
2026-01-01T17:45:00+09:00,87733,87808,87732,87796
2026-01-01T18:00:00+09:00,87797,87890,87786,87890
2026-01-01T18:15:00+09:00,87890,87997,87850,87875
2026-01-01T18:30:00+09:00,87875,87916,87860,87913
2026-01-01T18:45:00+09:00,87906,87915,87890,87913
2026-01-01T19:00:00+09:00,87916,87923,87895,87897
2026-01-01T19:15:00+09:00,87891,87891,87825,87886
2026-01-01T19:30:00+09:00,87886,87892,87864,87868
2026-01-01T19:45:00+09:00,87865,87913,87862,87891
2026-01-01T20:00:00+09:00,87887,88000,87877,87966
2026-01-01T20:15:00+09:00,87975,88012,87955,87959
2026-01-01T20:30:00+09:00,87959,87987,87873,87953
2026-01-01T20:45:00+09:00,87957,88062,87955,88053
2026-01-01T21:00:00+09:00,88061,88102,88016,88040
2026-01-01T21:15:00+09:00,88035,88062,87979,88036
2026-01-01T21:30:00+09:00,88038,88039,87955,88009
2026-01-01T21:45:00+09:00,88012,88032,87976,87977
2026-01-01T22:00:00+09:00,87977,88041,87927,88017
2026-01-01T22:15:00+09:00,88019,88066,87991,88016
2026-01-01T22:30:00+09:00,88014,88024,87980,88012
2026-01-01T22:45:00+09:00,88012,88013,87903,87945
2026-01-01T23:00:00+09:00,87938,88007,87863,88001
2026-01-01T23:15:00+09:00,87998,88017,87885,87917
2026-01-01T23:30:00+09:00,87917,87945,87855,87939
2026-01-01T23:45:00+09:00,87937,88004,87923,87993
2026-01-02T00:00:00+09:00,88001,88028,87964,88028
2026-01-02T00:15:00+09:00,88030,88130,88011,88056
2026-01-02T00:30:00+09:00,88058,88155,87980,88066
2026-01-02T00:45:00+09:00,88064,88138,88031,88075
2026-01-02T01:00:00+09:00,88082,88089,87958,87983
2026-01-02T01:15:00+09:00,87988,88001,87906,87993
2026-01-02T01:30:00+09:00,87999,88034,87971,87979
2026-01-02T01:45:00+09:00,87977,88035,87977,88034
2026-01-02T02:00:00+09:00,88036,88123,88010,88098
2026-01-02T02:15:00+09:00,88089,88329,88076,88301
2026-01-02T02:30:00+09:00,88312,88542,88309,88403
2026-01-02T02:45:00+09:00,88400,88499,88330,88366
2026-01-02T03:00:00+09:00,88366,88412,88210,88210
2026-01-02T03:15:00+09:00,88207,88298,88144,88146
2026-01-02T03:30:00+09:00,88161,88225,88157,88215
2026-01-02T03:45:00+09:00,88226,88256,88190,88230
2026-01-02T04:00:00+09:00,88238,88248,88105,88155
2026-01-02T04:15:00+09:00,88156,88214,88153,88203
2026-01-02T04:30:00+09:00,88205,88380,88199,88364
2026-01-02T04:45:00+09:00,88360,88476,88341,88429
2026-01-02T05:00:00+09:00,88426,88429,88338,88380
2026-01-02T05:15:00+09:00,88388,88410,88351,88405
2026-01-02T05:30:00+09:00,88402,88402,88278,88295
2026-01-02T05:45:00+09:00,88300,88326,88281,88295
2026-01-02T06:00:00+09:00,88305,88485,88285,88439
2026-01-02T06:15:00+09:00,88431,88438,88393,88420
2026-01-02T06:30:00+09:00,88418,88440,88361,88361
2026-01-02T06:45:00+09:00,88361,88430,88338,88425
2026-01-02T07:00:00+09:00,88430,88638,88430,88548
2026-01-02T07:15:00+09:00,88549,88626,88519,88583
2026-01-02T07:30:00+09:00,88581,88640,88472,88619
2026-01-02T07:45:00+09:00,88619,88735,88580,88680
2026-01-02T08:00:00+09:00,88681,88814,88506,88613
2026-01-02T08:15:00+09:00,88629,88833,88623,88773
2026-01-02T08:30:00+09:00,88779,88930,88779,88930
2026-01-02T08:45:00+09:00,88900,88946,88782,88876
2026-01-02T09:00:00+09:00,88898,88918,88628,88673
2026-01-02T09:15:00+09:00,88673,88758,88620,88743
2026-01-02T09:30:00+09:00,88743,88918,88674,88728
2026-01-02T09:45:00+09:00,88728,88921,88727,88869
2026-01-02T10:00:00+09:00,88869,88908,88768,88794
2026-01-02T10:15:00+09:00,88796,88796,88714,88726
2026-01-02T10:30:00+09:00,88728,88734,88557,88665
2026-01-02T10:45:00+09:00,88674,88704,88613,88686
2026-01-02T11:00:00+09:00,88680,88703,88470,88521
2026-01-02T11:15:00+09:00,88530,88565,88408,88467
2026-01-02T11:30:00+09:00,88457,88557,88445,88528
2026-01-02T11:45:00+09:00,88529,88690,88502,88686
2026-01-02T12:00:00+09:00,88687,89000,88607,89000
2026-01-02T12:15:00+09:00,88990,89000,88838,88911
2026-01-02T12:30:00+09:00,88923,89143,88879,89001
2026-01-02T12:45:00+09:00,88999,89144,88896,88968
2026-01-02T13:00:00+09:00,88969,89011,88827,88836
2026-01-02T13:15:00+09:00,88836,88872,88701,88759
2026-01-02T13:30:00+09:00,88766,88857,88727,88730
2026-01-02T13:45:00+09:00,88744,88791,88646,88650
2026-01-02T14:00:00+09:00,88659,88728,88636,88687
2026-01-02T14:15:00+09:00,88683,88780,88590,88590
2026-01-02T14:30:00+09:00,88600,88711,88580,88698
2026-01-02T14:45:00+09:00,88698,88808,88698,88767
2026-01-02T15:00:00+09:00,88762,88871,88737,88805
2026-01-02T15:15:00+09:00,88806,88938,88802,88930
2026-01-02T15:30:00+09:00,88933,89099,88933,89000
2026-01-02T15:45:00+09:00,89002,89070,88934,88953
2026-01-02T16:00:00+09:00,88963,89084,88963,89047
2026-01-02T16:15:00+09:00,89059,89062,88874,88915
2026-01-02T16:30:00+09:00,88912,88941,88844,88874
2026-01-02T16:45:00+09:00,88874,88918,88844,88873
2026-01-02T17:00:00+09:00,88881,89109,88810,89090
2026-01-02T17:15:00+09:00,89096,89136,88992,89078
2026-01-02T17:30:00+09:00,89075,89187,89026,89105
2026-01-02T17:45:00+09:00,89142,89207,89088,89184
2026-01-02T18:00:00+09:00,89177,89349,89128,89267
2026-01-02T18:15:00+09:00,89269,89300,89117,89160
2026-01-02T18:30:00+09:00,89171,89256,89140,89250
2026-01-02T18:45:00+09:00,89246,89500,89219,89482
2026-01-02T19:00:00+09:00,89494,89876,89451,89854
2026-01-02T19:15:00+09:00,89860,89957,89600,89606
2026-01-02T19:30:00+09:00,89611,89731,89611,89721
2026-01-02T19:45:00+09:00,89730,89761,89611,89662
2026-01-02T20:00:00+09:00,89664,89688,89502,89533
2026-01-02T20:15:00+09:00,89528,89560,89353,89365
2026-01-02T20:30:00+09:00,89379,89547,89376,89532
2026-01-02T20:45:00+09:00,89542,89582,89492,89509
2026-01-02T21:00:00+09:00,89490,89539,89380,89482
2026-01-02T21:15:00+09:00,89471,89600,89436,89472
2026-01-02T21:30:00+09:00,89472,89553,89427,89528
2026-01-02T21:45:00+09:00,89519,89571,89407,89407
2026-01-02T22:00:00+09:00,89407,89523,89386,89480
2026-01-02T22:15:00+09:00,89480,89700,89480,89567
2026-01-02T22:30:00+09:00,89573,89596,89411,89455
2026-01-02T22:45:00+09:00,89454,89536,89314,89361
2026-01-02T23:00:00+09:00,89349,89381,89116,89141
2026-01-02T23:15:00+09:00,89127,89158,88708,88907
2026-01-02T23:30:00+09:00,88887,89500,88500,89402
2026-01-02T23:45:00+09:00,89412,90130,89136,89583
2026-01-03T00:00:00+09:00,89591,89863,89086,89198
2026-01-03T00:15:00+09:00,89151,89358,88793,89127
2026-01-03T00:30:00+09:00,89114,89781,89050,89741
2026-01-03T00:45:00+09:00,89740,89883,89288,89399
2026-01-03T01:00:00+09:00,89398,89770,89192,89770
2026-01-03T01:15:00+09:00,89724,90168,89721,90044
2026-01-03T01:30:00+09:00,90049,90834,90049,90111
2026-01-03T01:45:00+09:00,90110,90426,89890,90364
2026-01-03T02:00:00+09:00,90354,90738,90352,90621
2026-01-03T02:15:00+09:00,90621,90949,90502,90580
2026-01-03T02:30:00+09:00,90592,90684,90359,90509
2026-01-03T02:45:00+09:00,90512,90564,90163,90372
2026-01-03T03:00:00+09:00,90371,90564,90227,90349
2026-01-03T03:15:00+09:00,90342,90558,90255,90306
2026-01-03T03:30:00+09:00,90292,90329,89978,90025
2026-01-03T03:45:00+09:00,90019,90100,89548,89748
2026-01-03T04:00:00+09:00,89774,90003,89644,89980
2026-01-03T04:15:00+09:00,89980,90155,89849,89964
2026-01-03T04:30:00+09:00,89966,90080,89872,90002
2026-01-03T04:45:00+09:00,90005,90117,89859,89909
2026-01-03T05:00:00+09:00,89906,90082,89784,90073
2026-01-03T05:15:00+09:00,90067,90095,89880,89888
2026-01-03T05:30:00+09:00,89885,89958,89806,89893
2026-01-03T05:45:00+09:00,89911,89942,89616,89743
2026-01-03T06:00:00+09:00,89751,89846,89722,89823
2026-01-03T06:15:00+09:00,89823,90043,89789,90005
2026-01-03T06:30:00+09:00,89996,90006,89883,89960
2026-01-03T06:45:00+09:00,89963,90181,89905,90060
2026-01-03T07:00:00+09:00,90060,90342,90024,90115
2026-01-03T07:15:00+09:00,90118,90229,90078,90130
2026-01-03T07:30:00+09:00,90130,90336,90056,90301
2026-01-03T07:45:00+09:00,90310,90405,90177,90202
2026-01-03T08:00:00+09:00,90198,90207,90080,90082
2026-01-03T08:15:00+09:00,90087,90138,89930,89951
2026-01-03T08:30:00+09:00,89958,89993,89897,89964
2026-01-03T08:45:00+09:00,89959,90029,89911,90006
2026-01-03T09:00:00+09:00,89993,90137,89986,90048
2026-01-03T09:15:00+09:00,90033,90105,89959,90086
2026-01-03T09:30:00+09:00,90081,90116,90025,90069
2026-01-03T09:45:00+09:00,90065,90201,90057,90153
2026-01-03T10:00:00+09:00,90152,90235,90131,90235
2026-01-03T10:15:00+09:00,90232,90234,90072,90074
2026-01-03T10:30:00+09:00,90072,90200,90069,90175
2026-01-03T10:45:00+09:00,90177,90306,90170,90284
2026-01-03T11:00:00+09:00,90273,90274,90129,90166
2026-01-03T11:15:00+09:00,90158,90267,90147,90261
2026-01-03T11:30:00+09:00,90260,90333,90230,90311
2026-01-03T11:45:00+09:00,90313,90412,90300,90338
2026-01-03T12:00:00+09:00,90337,90370,90198,90221
2026-01-03T12:15:00+09:00,90240,90294,90196,90216
2026-01-03T12:30:00+09:00,90231,90274,90197,90271
2026-01-03T12:45:00+09:00,90264,90373,90259,90325
2026-01-03T13:00:00+09:00,90325,90486,90239,90239
2026-01-03T13:15:00+09:00,90244,90302,90244,90247
2026-01-03T13:30:00+09:00,90238,90278,90028,90080
2026-01-03T13:45:00+09:00,90089,90177,90076,90165
2026-01-03T14:00:00+09:00,90172,90204,90028,90049
2026-01-03T14:15:00+09:00,90079,90081,90006,90013
2026-01-03T14:30:00+09:00,90013,90051,89918,89951
2026-01-03T14:45:00+09:00,89954,90039,89922,90022
2026-01-03T15:00:00+09:00,90023,90131,90009,90074
2026-01-03T15:15:00+09:00,90083,90096,89962,89983
2026-01-03T15:30:00+09:00,89981,90046,89879,89880
2026-01-03T15:45:00+09:00,89903,89915,89833,89856
2026-01-03T16:00:00+09:00,89855,89948,89754,89764
2026-01-03T16:15:00+09:00,89758,89777,89409,89423
2026-01-03T16:30:00+09:00,89413,89597,89316,89566
2026-01-03T16:45:00+09:00,89571,89601,89466,89578
2026-01-03T17:00:00+09:00,89574,89707,89420,89530
2026-01-03T17:15:00+09:00,89527,89843,89504,89744
2026-01-03T17:30:00+09:00,89741,89829,89667,89791
2026-01-03T17:45:00+09:00,89791,89838,89649,89672
2026-01-03T18:00:00+09:00,89666,89716,89640,89675
2026-01-03T18:15:00+09:00,89687,89856,89632,89811
2026-01-03T18:30:00+09:00,89803,89981,89769,89939
2026-01-03T18:45:00+09:00,89941,89955,89770,89790
2026-01-03T19:00:00+09:00,89799,89807,89704,89727
2026-01-03T19:15:00+09:00,89728,89802,89717,89782
2026-01-03T19:30:00+09:00,89792,89867,89744,89806
2026-01-03T19:45:00+09:00,89808,89823,89734,89742
2026-01-03T20:00:00+09:00,89740,89765,89650,89671
2026-01-03T20:15:00+09:00,89669,89736,89659,89705
2026-01-03T20:30:00+09:00,89705,89756,89661,89750
2026-01-03T20:45:00+09:00,89750,89773,89681,89736
2026-01-03T21:00:00+09:00,89729,89730,89638,89657
2026-01-03T21:15:00+09:00,89659,89773,89649,89773
2026-01-03T21:30:00+09:00,89769,89782,89720,89778
2026-01-03T21:45:00+09:00,89784,90030,89761,90016
2026-01-03T22:00:00+09:00,90020,90020,89892,89901
2026-01-03T22:15:00+09:00,89910,90059,89910,89944
2026-01-03T22:30:00+09:00,89945,90027,89920,89938
2026-01-03T22:45:00+09:00,89940,90034,89936,89983
2026-01-03T23:00:00+09:00,89983,90031,89927,90029
2026-01-03T23:15:00+09:00,90029,90267,89994,90163
2026-01-03T23:30:00+09:00,90151,90230,90123,90134
2026-01-03T23:45:00+09:00,90132,90153,90021,90088
2026-01-04T00:00:00+09:00,90086,90086,89963,89978
2026-01-04T00:15:00+09:00,89976,90045,89929,90021
2026-01-04T00:30:00+09:00,90029,90090,89948,89953
2026-01-04T00:45:00+09:00,89956,89975,89917,89929
2026-01-04T01:00:00+09:00,89925,89986,89908,89964
2026-01-04T01:15:00+09:00,89958,90038,89856,90015
2026-01-04T01:30:00+09:00,90008,90128,90008,90073
2026-01-04T01:45:00+09:00,90073,90172,90042,90055
2026-01-04T02:00:00+09:00,90058,90084,89973,90009
2026-01-04T02:15:00+09:00,90012,90032,89975,90018
2026-01-04T02:30:00+09:00,90024,90073,90023,90062
2026-01-04T02:45:00+09:00,90063,90064,90008,90045
2026-01-04T03:00:00+09:00,90048,90051,89975,90002
2026-01-04T03:15:00+09:00,90001,90144,89989,90120
2026-01-04T03:30:00+09:00,90122,90143,90071,90088
2026-01-04T03:45:00+09:00,90093,90117,90053,90090
2026-01-04T04:00:00+09:00,90090,90090,89992,90010
2026-01-04T04:15:00+09:00,90015,90102,90015,90092
2026-01-04T04:30:00+09:00,90087,90104,90055,90073
2026-01-04T04:45:00+09:00,90073,90077,90046,90070
2026-01-04T05:00:00+09:00,90067,90074,89959,90013
2026-01-04T05:15:00+09:00,90014,90075,90006,90069
2026-01-04T05:30:00+09:00,90072,90254,90070,90207
2026-01-04T05:45:00+09:00,90208,90320,90208,90303
2026-01-04T06:00:00+09:00,90300,90354,90260,90312
2026-01-04T06:15:00+09:00,90313,90432,90308,90410
2026-01-04T06:30:00+09:00,90409,90680,90390,90531
2026-01-04T06:45:00+09:00,90534,90539,90401,90505
2026-01-04T07:00:00+09:00,90506,90506,90427,90462
2026-01-04T07:15:00+09:00,90475,90688,90475,90568
2026-01-04T07:30:00+09:00,90575,90683,90524,90572
2026-01-04T07:45:00+09:00,90567,90592,90459,90561
2026-01-04T08:00:00+09:00,90562,90635,90430,90507
2026-01-04T08:15:00+09:00,90503,90650,90502,90605
2026-01-04T08:30:00+09:00,90582,90674,90578,90623
2026-01-04T08:45:00+09:00,90624,90624,90580,90595
2026-01-04T09:00:00+09:00,90593,91557,90593,91353
2026-01-04T09:15:00+09:00,91353,91411,91043,91053
2026-01-04T09:30:00+09:00,91065,91226,91021,91116
2026-01-04T09:45:00+09:00,91118,91429,91062,91294
2026-01-04T10:00:00+09:00,91289,91442,91229,91250
2026-01-04T10:15:00+09:00,91253,91282,91056,91084
2026-01-04T10:30:00+09:00,91080,91139,90978,91059
2026-01-04T10:45:00+09:00,91052,91222,90954,91189
2026-01-04T11:00:00+09:00,91190,91262,91059,91080
2026-01-04T11:15:00+09:00,91083,91183,91077,91172
2026-01-04T11:30:00+09:00,91169,91230,91102,91125
2026-01-04T11:45:00+09:00,91122,91145,91038,91094
2026-01-04T12:00:00+09:00,91091,91319,91080,91293
2026-01-04T12:15:00+09:00,91284,91293,91101,91123
2026-01-04T12:30:00+09:00,91123,91221,91031,91204
2026-01-04T12:45:00+09:00,91207,91292,91181,91181
2026-01-04T13:00:00+09:00,91184,91271,91123,91265
2026-01-04T13:15:00+09:00,91261,91453,91256,91316
2026-01-04T13:30:00+09:00,91313,91545,91306,91445
2026-01-04T13:45:00+09:00,91450,91470,91318,91336
2026-01-04T14:00:00+09:00,91345,91356,91276,91323
2026-01-04T14:15:00+09:00,91321,91424,91308,91394
2026-01-04T14:30:00+09:00,91389,91421,91290,91328
2026-01-04T14:45:00+09:00,91323,91436,91323,91416
2026-01-04T15:00:00+09:00,91401,91747,91379,91603
2026-01-04T15:15:00+09:00,91607,91756,91500,91500
2026-01-04T15:30:00+09:00,91500,91571,91216,91254
2026-01-04T15:45:00+09:00,91252,91347,91177,91178
2026-01-04T16:00:00+09:00,91188,91344,91163,91283
2026-01-04T16:15:00+09:00,91284,91309,91192,91272
2026-01-04T16:30:00+09:00,91270,91469,91270,91452
2026-01-04T16:45:00+09:00,91438,91502,91397,91485
2026-01-04T17:00:00+09:00,91485,91505,91212,91271
2026-01-04T17:15:00+09:00,91270,91335,91122,91192
2026-01-04T17:30:00+09:00,91192,91363,91186,91361
2026-01-04T17:45:00+09:00,91357,91398,91249,91317
2026-01-04T18:00:00+09:00,91322,91381,91198,91289
2026-01-04T18:15:00+09:00,91294,91412,91224,91280
2026-01-04T18:30:00+09:00,91280,91396,91279,91392
2026-01-04T18:45:00+09:00,91397,91446,91327,91412
2026-01-04T19:00:00+09:00,91407,91553,91383,91493
2026-01-04T19:15:00+09:00,91507,91527,91370,91434
2026-01-04T19:30:00+09:00,91433,91540,91415,91540
2026-01-04T19:45:00+09:00,91545,91584,91504,91537
2026-01-04T20:00:00+09:00,91529,91533,91260,91310
2026-01-04T20:15:00+09:00,91307,91344,91264,91327
2026-01-04T20:30:00+09:00,91327,91411,91250,91282
2026-01-04T20:45:00+09:00,91284,91302,91173,91246
2026-01-04T21:00:00+09:00,91242,91271,91129,91201
2026-01-04T21:15:00+09:00,91190,91291,91161,91279
2026-01-04T21:30:00+09:00,91263,91308,91039,91044
2026-01-04T21:45:00+09:00,91035,91121,91016,91083
2026-01-04T22:00:00+09:00,91079,91164,91033,91125
2026-01-04T22:15:00+09:00,91126,91149,90965,91127
2026-01-04T22:30:00+09:00,91128,91210,91096,91160
2026-01-04T22:45:00+09:00,91164,91221,91148,91212
2026-01-04T23:00:00+09:00,91214,91366,91186,91330
2026-01-04T23:15:00+09:00,91347,91353,91138,91179
2026-01-04T23:30:00+09:00,91177,91196,91083,91149
2026-01-04T23:45:00+09:00,91147,91289,91085,91278
2026-01-05T00:00:00+09:00,91284,91326,91221,91256
2026-01-05T00:15:00+09:00,91254,91254,91157,91188
2026-01-05T00:30:00+09:00,91187,91237,91112,91150
2026-01-05T00:45:00+09:00,91147,91291,91031,91264
2026-01-05T01:00:00+09:00,91267,91403,91185,91217
2026-01-05T01:15:00+09:00,91228,91310,91184,91278
2026-01-05T01:30:00+09:00,91270,91386,91220,91228
2026-01-05T01:45:00+09:00,91230,91276,91221,91254
2026-01-05T02:00:00+09:00,91259,91373,91234,91272
2026-01-05T02:15:00+09:00,91278,91377,91254,91299
2026-01-05T02:30:00+09:00,91306,91382,91298,91327
2026-01-05T02:45:00+09:00,91330,91356,91266,91276
2026-01-05T03:00:00+09:00,91278,91280,91162,91181
2026-01-05T03:15:00+09:00,91181,91194,91074,91111
2026-01-05T03:30:00+09:00,91111,91181,90927,91165
2026-01-05T03:45:00+09:00,91163,91174,91090,91150
2026-01-05T04:00:00+09:00,91141,91149,90804,90958
2026-01-05T04:15:00+09:00,90940,91149,90924,91059
2026-01-05T04:30:00+09:00,91059,91124,90983,91005
2026-01-05T04:45:00+09:00,91009,91115,91006,91073
2026-01-05T05:00:00+09:00,91078,91226,91053,91196
2026-01-05T05:15:00+09:00,91197,91282,91167,91270
2026-01-05T05:30:00+09:00,91270,91287,91194,91222
2026-01-05T05:45:00+09:00,91227,91294,91191,91256
2026-01-05T06:00:00+09:00,91256,91372,91185,91279
2026-01-05T06:15:00+09:00,91286,91297,91225,91226
2026-01-05T06:30:00+09:00,91228,91286,91130,91150
2026-01-05T06:45:00+09:00,91135,91237,91109,91214
2026-01-05T07:00:00+09:00,91213,91334,91067,91108
2026-01-05T07:15:00+09:00,91105,91214,91060,91198
2026-01-05T07:30:00+09:00,91204,91219,91080,91120
2026-01-05T07:45:00+09:00,91114,91181,91076,91125
2026-01-05T08:00:00+09:00,91132,91430,91132,91251
2026-01-05T08:15:00+09:00,91254,91439,91192,91278
2026-01-05T08:30:00+09:00,91283,91354,91200,91230
2026-01-05T08:45:00+09:00,91226,91500,91166,91456
2026-01-05T09:00:00+09:00,91463,91999,91419,91795
2026-01-05T09:15:00+09:00,91795,91904,91606,91745
2026-01-05T09:30:00+09:00,91729,91960,91596,91929
2026-01-05T09:45:00+09:00,91936,92322,91866,92291
2026-01-05T10:00:00+09:00,92300,92874,92170,92826
2026-01-05T10:15:00+09:00,92854,92880,92596,92858
2026-01-05T10:30:00+09:00,92858,93259,92670,93076
2026-01-05T10:45:00+09:00,93081,93125,92796,92839
2026-01-05T11:00:00+09:00,92846,93027,92634,92726
2026-01-05T11:15:00+09:00,92749,92877,92605,92610
2026-01-05T11:30:00+09:00,92625,92856,92625,92781
2026-01-05T11:45:00+09:00,92782,92956,92782,92907
2026-01-05T12:00:00+09:00,92906,93094,92819,92897
2026-01-05T12:15:00+09:00,92894,92920,92798,92873
2026-01-05T12:30:00+09:00,92874,93014,92812,92819
2026-01-05T12:45:00+09:00,92817,92859,92742,92754
2026-01-05T13:00:00+09:00,92744,92838,92632,92650
2026-01-05T13:15:00+09:00,92632,92720,92305,92360
2026-01-05T13:30:00+09:00,92362,92462,92223,92307
2026-01-05T13:45:00+09:00,92306,92536,92305,92491
2026-01-05T14:00:00+09:00,92494,92593,92445,92530
2026-01-05T14:15:00+09:00,92530,92614,92473,92598
2026-01-05T14:30:00+09:00,92600,92600,92424,92438
2026-01-05T14:45:00+09:00,92435,92470,92243,92243
2026-01-05T15:00:00+09:00,92233,92380,92230,92318
2026-01-05T15:15:00+09:00,92316,92343,92141,92161
2026-01-05T15:30:00+09:00,92161,92318,92030,92294
2026-01-05T15:45:00+09:00,92288,92387,92252,92371
2026-01-05T16:00:00+09:00,92366,92503,92348,92503
2026-01-05T16:15:00+09:00,92491,92517,92408,92434
2026-01-05T16:30:00+09:00,92435,92473,92390,92415
2026-01-05T16:45:00+09:00,92408,92424,92385,92389
2026-01-05T17:00:00+09:00,92387,92536,92375,92521
2026-01-05T17:15:00+09:00,92511,92661,92478,92576
2026-01-05T17:30:00+09:00,92575,92606,92341,92344
2026-01-05T17:45:00+09:00,92346,92449,92311,92347
2026-01-05T18:00:00+09:00,92335,92407,92200,92300
2026-01-05T18:15:00+09:00,92296,92536,92287,92514
2026-01-05T18:30:00+09:00,92521,92560,92420,92537
2026-01-05T18:45:00+09:00,92535,92731,92530,92586
2026-01-05T19:00:00+09:00,92583,92844,92556,92798
2026-01-05T19:15:00+09:00,92799,92833,92731,92762
2026-01-05T19:30:00+09:00,92763,92902,92639,92730
2026-01-05T19:45:00+09:00,92724,93034,92720,92955
2026-01-05T20:00:00+09:00,92959,92959,92754,92759
2026-01-05T20:15:00+09:00,92757,93038,92749,92846
2026-01-05T20:30:00+09:00,92847,92938,92764,92887
2026-01-05T20:45:00+09:00,92887,93034,92858,93007
2026-01-05T21:00:00+09:00,93010,93063,92898,93017
2026-01-05T21:15:00+09:00,93021,93089,92789,92789
2026-01-05T21:30:00+09:00,92789,92839,92665,92681
2026-01-05T21:45:00+09:00,92681,92777,92627,92744
2026-01-05T22:00:00+09:00,92731,92888,92678,92815
2026-01-05T22:15:00+09:00,92813,92813,92595,92661
2026-01-05T22:30:00+09:00,92661,92664,92418,92466
2026-01-05T22:45:00+09:00,92460,92634,92460,92620
2026-01-05T23:00:00+09:00,92614,92756,92573,92614
2026-01-05T23:15:00+09:00,92620,92716,92564,92646
2026-01-05T23:30:00+09:00,92646,93225,92176,93176
2026-01-05T23:45:00+09:00,93176,93568,92816,93318
2026-01-06T00:00:00+09:00,93318,93418,93036,93310
2026-01-06T00:15:00+09:00,93341,93677,93105,93254
2026-01-06T00:30:00+09:00,93267,93871,93192,93740
2026-01-06T00:45:00+09:00,93753,93900,93610,93838
2026-01-06T01:00:00+09:00,93844,93951,93653,93828
2026-01-06T01:15:00+09:00,93815,93961,93566,93714
2026-01-06T01:30:00+09:00,93725,93806,93595,93599
2026-01-06T01:45:00+09:00,93594,93697,93464,93588
2026-01-06T02:00:00+09:00,93588,93665,93500,93557
2026-01-06T02:15:00+09:00,93556,93590,93141,93320
2026-01-06T02:30:00+09:00,93319,93761,93319,93665
2026-01-06T02:45:00+09:00,93672,94382,93671,94195
2026-01-06T03:00:00+09:00,94190,94275,93931,94101
2026-01-06T03:15:00+09:00,94092,94097,93822,93902
2026-01-06T03:30:00+09:00,93894,93991,93779,93873
2026-01-06T03:45:00+09:00,93881,94388,93840,94331
2026-01-06T04:00:00+09:00,94309,94329,94078,94201
2026-01-06T04:15:00+09:00,94191,94332,94101,94285
2026-01-06T04:30:00+09:00,94277,94376,94026,94143
2026-01-06T04:45:00+09:00,94129,94224,94002,94165
2026-01-06T05:00:00+09:00,94165,94400,94070,94290
2026-01-06T05:15:00+09:00,94280,94665,94174,94611
2026-01-06T05:30:00+09:00,94594,94596,94012,94049
2026-01-06T05:45:00+09:00,94058,94127,93898,94035
2026-01-06T06:00:00+09:00,94051,94085,93819,93859
2026-01-06T06:15:00+09:00,93855,94006,93697,93714
2026-01-06T06:30:00+09:00,93686,94002,93674,93956
2026-01-06T06:45:00+09:00,93957,94094,93919,93963
2026-01-06T07:00:00+09:00,93952,94099,93878,94052
2026-01-06T07:15:00+09:00,94057,94280,94057,94133
2026-01-06T07:30:00+09:00,94133,94248,94065,94147
2026-01-06T07:45:00+09:00,94150,94232,93925,94050
2026-01-06T08:00:00+09:00,94050,94075,93866,93926
2026-01-06T08:15:00+09:00,93926,94011,93816,93871
2026-01-06T08:30:00+09:00,93874,93922,93694,93779
2026-01-06T08:45:00+09:00,93780,93870,93728,93756
2026-01-06T09:00:00+09:00,93756,93855,93583,93590
2026-01-06T09:15:00+09:00,93598,93678,93534,93676
2026-01-06T09:30:00+09:00,93676,93676,93421,93524
2026-01-06T09:45:00+09:00,93517,93701,93458,93691
2026-01-06T10:00:00+09:00,93680,93848,93664,93782
2026-01-06T10:15:00+09:00,93779,94037,93744,93977
2026-01-06T10:30:00+09:00,93975,94004,93689,93708
2026-01-06T10:45:00+09:00,93713,93839,93596,93639
2026-01-06T11:00:00+09:00,93645,93738,93562,93619
2026-01-06T11:15:00+09:00,93605,93648,93536,93559
2026-01-06T11:30:00+09:00,93552,93589,93380,93487
2026-01-06T11:45:00+09:00,93500,93543,93403,93483
2026-01-06T12:00:00+09:00,93484,93640,93462,93620
2026-01-06T12:15:00+09:00,93628,93704,93599,93669
2026-01-06T12:30:00+09:00,93675,93809,93630,93646
2026-01-06T12:45:00+09:00,93643,93705,93596,93620
2026-01-06T13:00:00+09:00,93624,93864,93599,93835
2026-01-06T13:15:00+09:00,93835,93880,93705,93744
2026-01-06T13:30:00+09:00,93744,93814,93678,93685
2026-01-06T13:45:00+09:00,93704,93739,93670,93673
2026-01-06T14:00:00+09:00,93670,93702,93531,93600
2026-01-06T14:15:00+09:00,93603,93676,93542,93576
2026-01-06T14:30:00+09:00,93575,93652,93460,93487
2026-01-06T14:45:00+09:00,93481,93531,93427,93467
2026-01-06T15:00:00+09:00,93460,93668,93402,93620
2026-01-06T15:15:00+09:00,93634,93634,93523,93634
2026-01-06T15:30:00+09:00,93634,93820,93633,93785
2026-01-06T15:45:00+09:00,93787,93817,93633,93633
2026-01-06T16:00:00+09:00,93649,93650,93411,93419
2026-01-06T16:15:00+09:00,93419,93476,93181,93275
2026-01-06T16:30:00+09:00,93282,93291,93083,93145
2026-01-06T16:45:00+09:00,93145,93213,93005,93120
2026-01-06T17:00:00+09:00,93120,93313,93067,93245
2026-01-06T17:15:00+09:00,93250,93272,93091,93186
2026-01-06T17:30:00+09:00,93201,93201,93093,93116
2026-01-06T17:45:00+09:00,93115,93194,93039,93100
2026-01-06T18:00:00+09:00,93106,93389,93090,93239
2026-01-06T18:15:00+09:00,93238,93440,93237,93347
2026-01-06T18:30:00+09:00,93342,93370,93239,93316
2026-01-06T18:45:00+09:00,93326,93436,93301,93341
2026-01-06T19:00:00+09:00,93342,93523,93275,93473
2026-01-06T19:15:00+09:00,93459,93539,93375,93466
2026-01-06T19:30:00+09:00,93455,93507,93418,93468
2026-01-06T19:45:00+09:00,93471,93519,93363,93450
2026-01-06T20:00:00+09:00,93457,93709,93434,93655
2026-01-06T20:15:00+09:00,93665,93723,93551,93721
2026-01-06T20:30:00+09:00,93721,93722,93645,93678
2026-01-06T20:45:00+09:00,93669,93787,93660,93722
2026-01-06T21:00:00+09:00,93723,93865,91980,93769
2026-01-06T21:15:00+09:00,93747,93841,93521,93733
2026-01-06T21:30:00+09:00,93729,93748,93640,93695
2026-01-06T21:45:00+09:00,93698,93781,93680,93721
2026-01-06T22:00:00+09:00,93722,93735,93610,93690
2026-01-06T22:15:00+09:00,93685,93715,93569,93596
2026-01-06T22:30:00+09:00,93605,93635,93525,93568
2026-01-06T22:45:00+09:00,93556,93619,93493,93569
2026-01-06T23:00:00+09:00,93584,94055,93581,93951
2026-01-06T23:15:00+09:00,93975,94308,93900,94182
2026-01-06T23:30:00+09:00,94170,94220,93875,93946
2026-01-06T23:45:00+09:00,93964,94019,93380,93703
2026-01-07T00:00:00+09:00,93695,93839,93559,93628
2026-01-07T00:15:00+09:00,93632,94177,93632,93996
2026-01-07T00:30:00+09:00,94004,94045,93224,93369
2026-01-07T00:45:00+09:00,93359,93531,93218,93531
2026-01-07T01:00:00+09:00,93521,93667,93240,93351
2026-01-07T01:15:00+09:00,93365,93383,92684,92684
2026-01-07T01:30:00+09:00,92713,92886,92282,92441
2026-01-07T01:45:00+09:00,92431,92604,92215,92568
2026-01-07T02:00:00+09:00,92558,92653,92429,92504
2026-01-07T02:15:00+09:00,92506,92589,92280,92407
2026-01-07T02:30:00+09:00,92411,92559,91912,92137
2026-01-07T02:45:00+09:00,92108,92151,91435,91499
2026-01-07T03:00:00+09:00,91456,91874,91164,91723
2026-01-07T03:15:00+09:00,91725,92033,91699,91901
2026-01-07T03:30:00+09:00,91902,91989,91705,91848
2026-01-07T03:45:00+09:00,91843,92158,91840,91941
2026-01-07T04:00:00+09:00,91948,92146,91798,92122
2026-01-07T04:15:00+09:00,92122,92254,92022,92153
2026-01-07T04:30:00+09:00,92156,92222,91965,92023
2026-01-07T04:45:00+09:00,92023,92090,91931,91994
2026-01-07T05:00:00+09:00,91996,92391,91994,92316
2026-01-07T05:15:00+09:00,92318,92476,92276,92387
2026-01-07T05:30:00+09:00,92390,92590,92369,92515
2026-01-07T05:45:00+09:00,92519,92545,92361,92391
2026-01-07T06:00:00+09:00,92392,92809,92259,92780
2026-01-07T06:15:00+09:00,92784,93720,92756,93368
2026-01-07T06:30:00+09:00,93402,93661,93333,93484
2026-01-07T06:45:00+09:00,93497,93531,93020,93126
2026-01-07T07:00:00+09:00,93117,93434,92965,92978
2026-01-07T07:15:00+09:00,92981,93102,92839,93045
2026-01-07T07:30:00+09:00,93045,93054,92847,92908
2026-01-07T07:45:00+09:00,92908,93240,92898,93229
2026-01-07T08:00:00+09:00,93215,93420,93203,93333
2026-01-07T08:15:00+09:00,93345,93436,93253,93395
2026-01-07T08:30:00+09:00,93398,93557,93389,93410
2026-01-07T08:45:00+09:00,93399,93656,93397,93632
2026-01-07T09:00:00+09:00,93591,93598,93410,93428
2026-01-07T09:15:00+09:00,93429,93434,93191,93220
2026-01-07T09:30:00+09:00,93224,93248,92950,93060
2026-01-07T09:45:00+09:00,93060,93069,92512,92572
2026-01-07T10:00:00+09:00,92566,92757,92558,92666
2026-01-07T10:15:00+09:00,92664,92664,92210,92384
2026-01-07T10:30:00+09:00,92406,92484,92288,92302
2026-01-07T10:45:00+09:00,92298,92384,92220,92302
2026-01-07T11:00:00+09:00,92304,92556,92109,92540
2026-01-07T11:15:00+09:00,92541,92624,92372,92557
2026-01-07T11:30:00+09:00,92557,92815,92511,92769
2026-01-07T11:45:00+09:00,92794,92926,92740,92816
2026-01-07T12:00:00+09:00,92830,92892,92769,92834
2026-01-07T12:15:00+09:00,92821,92981,92794,92881
2026-01-07T12:30:00+09:00,92867,92886,92609,92723
2026-01-07T12:45:00+09:00,92731,92750,92631,92684
2026-01-07T13:00:00+09:00,92688,92792,92613,92668
2026-01-07T13:15:00+09:00,92652,92669,92540,92636
2026-01-07T13:30:00+09:00,92640,92685,92463,92630
2026-01-07T13:45:00+09:00,92630,92634,92509,92541
2026-01-07T14:00:00+09:00,92543,92626,92490,92618
2026-01-07T14:15:00+09:00,92624,92677,92562,92598
2026-01-07T14:30:00+09:00,92607,92731,92598,92616
2026-01-07T14:45:00+09:00,92612,92612,92369,92404
2026-01-07T15:00:00+09:00,92395,92541,92383,92524
2026-01-07T15:15:00+09:00,92542,92702,92524,92690
2026-01-07T15:30:00+09:00,92691,92762,92532,92535
2026-01-07T15:45:00+09:00,92535,92605,92467,92478
2026-01-07T16:00:00+09:00,92478,92649,92478,92629
2026-01-07T16:15:00+09:00,92637,92704,92635,92682
2026-01-07T16:30:00+09:00,92686,92770,92638,92697
2026-01-07T16:45:00+09:00,92694,92764,92673,92764
2026-01-07T17:00:00+09:00,92768,92837,92715,92813
2026-01-07T17:15:00+09:00,92817,92850,92649,92729
2026-01-07T17:30:00+09:00,92729,92823,92620,92643
2026-01-07T17:45:00+09:00,92642,92677,92565,92593
2026-01-07T18:00:00+09:00,92598,92598,92117,92143
2026-01-07T18:15:00+09:00,92132,92216,91793,91846
2026-01-07T18:30:00+09:00,91832,91889,91569,91635
2026-01-07T18:45:00+09:00,91625,91706,91514,91657
2026-01-07T19:00:00+09:00,91641,91851,91533,91799
2026-01-07T19:15:00+09:00,91805,91875,91720,91761
2026-01-07T19:30:00+09:00,91757,91981,91750,91869
2026-01-07T19:45:00+09:00,91863,92000,91826,91969
2026-01-07T20:00:00+09:00,91972,92150,91929,92135
2026-01-07T20:15:00+09:00,92139,92238,91884,92161
2026-01-07T20:30:00+09:00,92160,92259,92112,92198
2026-01-07T20:45:00+09:00,92198,92204,92092,92092
2026-01-07T21:00:00+09:00,92089,92191,92018,92045
2026-01-07T21:15:00+09:00,92055,92180,92000,92051
2026-01-07T21:30:00+09:00,92065,92127,91968,92001
2026-01-07T21:45:00+09:00,92021,92066,91977,91986
2026-01-07T22:00:00+09:00,91986,92054,91856,91898
2026-01-07T22:15:00+09:00,91872,92299,91870,92238
2026-01-07T22:30:00+09:00,92235,92269,92068,92172
2026-01-07T22:45:00+09:00,92164,92203,92042,92056
2026-01-07T23:00:00+09:00,92061,92067,91603,91732
2026-01-07T23:15:00+09:00,91725,91785,91539,91598
2026-01-07T23:30:00+09:00,91597,92138,91274,91905
2026-01-07T23:45:00+09:00,91911,92195,91840,92013
2026-01-08T00:00:00+09:00,92030,92053,91447,91677
2026-01-08T00:15:00+09:00,91693,91705,91000,91292
2026-01-08T00:30:00+09:00,91292,91505,91110,91373
2026-01-08T00:45:00+09:00,91371,91601,91286,91350
2026-01-08T01:00:00+09:00,91324,91665,91262,91595
2026-01-08T01:15:00+09:00,91587,91784,91488,91589
2026-01-08T01:30:00+09:00,91594,91626,91143,91440
2026-01-08T01:45:00+09:00,91440,91539,91205,91243
2026-01-08T02:00:00+09:00,91259,91302,91020,91254
2026-01-08T02:15:00+09:00,91248,91645,91233,91593
2026-01-08T02:30:00+09:00,91587,91685,91457,91589
2026-01-08T02:45:00+09:00,91599,91632,91186,91241
2026-01-08T03:00:00+09:00,91226,91318,91146,91250
2026-01-08T03:15:00+09:00,91251,91304,91038,91251
2026-01-08T03:30:00+09:00,91255,91423,91127,91127
2026-01-08T03:45:00+09:00,91124,91214,90690,90881
2026-01-08T04:00:00+09:00,90868,91082,90717,90772
2026-01-08T04:15:00+09:00,90778,90883,90625,90882
2026-01-08T04:30:00+09:00,90883,91151,90881,91066
2026-01-08T04:45:00+09:00,91074,91255,91058,91155
2026-01-08T05:00:00+09:00,91163,91278,90948,90966
2026-01-08T05:15:00+09:00,90956,91018,90747,90867
2026-01-08T05:30:00+09:00,90881,91134,90868,90986
2026-01-08T05:45:00+09:00,91016,91131,90959,91033
2026-01-08T06:00:00+09:00,91021,91211,91020,91163
2026-01-08T06:15:00+09:00,91171,91221,91112,91172
2026-01-08T06:30:00+09:00,91178,91220,91035,91105
2026-01-08T06:45:00+09:00,91102,91152,91053,91077
2026-01-08T07:00:00+09:00,91067,91074,90859,90971
2026-01-08T07:15:00+09:00,90971,91076,90954,91054
2026-01-08T07:30:00+09:00,91068,91356,91042,91042
2026-01-08T07:45:00+09:00,91041,91244,90937,91161
2026-01-08T08:00:00+09:00,91160,91209,90984,91208
2026-01-08T08:15:00+09:00,91209,91472,91209,91296
2026-01-08T08:30:00+09:00,91287,91415,91130,91202
2026-01-08T08:45:00+09:00,91208,91394,91159,91340
2026-01-08T09:00:00+09:00,91345,91500,91173,91213
2026-01-08T09:15:00+09:00,91201,91215,91053,91102
2026-01-08T09:30:00+09:00,91107,91230,91081,91229
2026-01-08T09:45:00+09:00,91230,91410,91230,91380
2026-01-08T10:00:00+09:00,91380,91417,91283,91416
2026-01-08T10:15:00+09:00,91416,91677,91304,91513
2026-01-08T10:30:00+09:00,91511,91517,91331,91358
2026-01-08T10:45:00+09:00,91351,91462,91299,91412
2026-01-08T11:00:00+09:00,91401,91470,91305,91413
2026-01-08T11:15:00+09:00,91395,91443,91034,91205
2026-01-08T11:30:00+09:00,91205,91210,90837,90880
2026-01-08T11:45:00+09:00,90885,90993,90733,90945
2026-01-08T12:00:00+09:00,90949,91116,90890,91047
2026-01-08T12:15:00+09:00,91052,91087,90913,90929
2026-01-08T12:30:00+09:00,90929,91061,90717,90786
2026-01-08T12:45:00+09:00,90783,90823,90580,90781
2026-01-08T13:00:00+09:00,90781,90851,90666,90777
2026-01-08T13:15:00+09:00,90790,91145,90773,91069
2026-01-08T13:30:00+09:00,91079,91119,90975,91031
2026-01-08T13:45:00+09:00,91036,91100,90976,91005
2026-01-08T14:00:00+09:00,91018,91164,91008,91050
2026-01-08T14:15:00+09:00,91062,91192,90972,90980
2026-01-08T14:30:00+09:00,90984,91062,90872,90882
2026-01-08T14:45:00+09:00,90896,90904,90764,90805
2026-01-08T15:00:00+09:00,90817,90859,90401,90507
2026-01-08T15:15:00+09:00,90506,90506,90166,90238
2026-01-08T15:30:00+09:00,90252,90388,90190,90345
2026-01-08T15:45:00+09:00,90344,90352,89886,89886
2026-01-08T16:00:00+09:00,89900,90067,89640,90021
2026-01-08T16:15:00+09:00,90013,90248,89968,90236
2026-01-08T16:30:00+09:00,90243,90428,90188,90404
2026-01-08T16:45:00+09:00,90429,90550,90394,90517
2026-01-08T17:00:00+09:00,90515,90598,90412,90595
2026-01-08T17:15:00+09:00,90580,90683,90543,90683
2026-01-08T17:30:00+09:00,90676,90737,90358,90420
2026-01-08T17:45:00+09:00,90416,90416,90125,90197
2026-01-08T18:00:00+09:00,90203,90352,90122,90305
2026-01-08T18:15:00+09:00,90292,90325,89997,89997
2026-01-08T18:30:00+09:00,90008,90111,89964,90056
2026-01-08T18:45:00+09:00,90050,90142,89949,90008
2026-01-08T19:00:00+09:00,90013,90056,89767,89915
2026-01-08T19:15:00+09:00,89910,90269,89892,90182
2026-01-08T19:30:00+09:00,90188,90291,90120,90142
2026-01-08T19:45:00+09:00,90157,90477,90152,90391
2026-01-08T20:00:00+09:00,90400,90475,90251,90260
2026-01-08T20:15:00+09:00,90275,90293,90043,90197
2026-01-08T20:30:00+09:00,90191,90253,90033,90055
2026-01-08T20:45:00+09:00,90045,90267,89995,90207
2026-01-08T21:00:00+09:00,90200,90220,89806,89862
2026-01-08T21:15:00+09:00,89875,90046,89777,89944
2026-01-08T21:30:00+09:00,89943,90013,89762,89982
2026-01-08T21:45:00+09:00,89989,90063,89921,89969
2026-01-08T22:00:00+09:00,89962,90010,89910,89969
2026-01-08T22:15:00+09:00,89978,90098,89910,90049
2026-01-08T22:30:00+09:00,90060,90085,89856,89998
2026-01-08T22:45:00+09:00,90004,90038,89844,89934
2026-01-08T23:00:00+09:00,89936,89936,89700,89839
2026-01-08T23:15:00+09:00,89841,89857,89402,89644
2026-01-08T23:30:00+09:00,89612,89899,89359,89426
2026-01-08T23:45:00+09:00,89392,90144,89280,89991
2026-01-09T00:00:00+09:00,89980,90440,89783,90309
2026-01-09T00:15:00+09:00,90298,90620,90263,90561
2026-01-09T00:30:00+09:00,90571,90674,90268,90448
2026-01-09T00:45:00+09:00,90452,90838,90244,90770
2026-01-09T01:00:00+09:00,90780,90910,90555,90686
2026-01-09T01:15:00+09:00,90672,90703,90431,90655
2026-01-09T01:30:00+09:00,90628,90762,90302,90699
2026-01-09T01:45:00+09:00,90710,90932,90681,90920
2026-01-09T02:00:00+09:00,90923,91227,90874,91078
2026-01-09T02:15:00+09:00,91076,91167,90820,90840
2026-01-09T02:30:00+09:00,90854,91214,90854,91187
2026-01-09T02:45:00+09:00,91181,91431,91179,91365
2026-01-09T03:00:00+09:00,91353,91460,91162,91165
2026-01-09T03:15:00+09:00,91165,91290,91111,91236
2026-01-09T03:30:00+09:00,91243,91294,90932,90985
2026-01-09T03:45:00+09:00,90986,91155,90919,91096
2026-01-09T04:00:00+09:00,91096,91286,91000,91210
2026-01-09T04:15:00+09:00,91200,91200,90936,91065
2026-01-09T04:30:00+09:00,91061,91315,91061,91149
2026-01-09T04:45:00+09:00,91160,91160,90783,90908
2026-01-09T05:00:00+09:00,90904,90904,90546,90668
2026-01-09T05:15:00+09:00,90652,90714,90554,90571
2026-01-09T05:30:00+09:00,90571,90826,90568,90760
2026-01-09T05:45:00+09:00,90762,90978,90762,90913
2026-01-09T06:00:00+09:00,90914,91128,90895,91122
2026-01-09T06:15:00+09:00,91129,91179,91014,91092
2026-01-09T06:30:00+09:00,91088,91290,91029,91242
2026-01-09T06:45:00+09:00,91246,91317,91227,91250
2026-01-09T07:00:00+09:00,91265,91473,91134,91414
2026-01-09T07:15:00+09:00,91396,91396,91218,91270
2026-01-09T07:30:00+09:00,91278,91279,91009,91122
2026-01-09T07:45:00+09:00,91124,91211,91120,91211
2026-01-09T08:00:00+09:00,91212,91325,91211,91251
2026-01-09T08:15:00+09:00,91251,91306,91230,91276
2026-01-09T08:30:00+09:00,91276,91294,91086,91104
2026-01-09T08:45:00+09:00,91097,91146,91027,91064
2026-01-09T09:00:00+09:00,91085,91157,91046,91119
2026-01-09T09:15:00+09:00,91117,91135,91042,91051
2026-01-09T09:30:00+09:00,91063,91210,91049,91208
2026-01-09T09:45:00+09:00,91190,91287,91181,91275
2026-01-09T10:00:00+09:00,91276,91315,91227,91251
2026-01-09T10:15:00+09:00,91254,91519,91014,91476
2026-01-09T10:30:00+09:00,91479,91616,90817,90932
2026-01-09T10:45:00+09:00,90937,91051,90933,91032
2026-01-09T11:00:00+09:00,91032,91451,91009,91427
2026-01-09T11:15:00+09:00,91417,91466,91281,91285
2026-01-09T11:30:00+09:00,91287,91344,91125,91216
2026-01-09T11:45:00+09:00,91223,91236,91006,91027
2026-01-09T12:00:00+09:00,91036,91201,90954,91137
2026-01-09T12:15:00+09:00,91145,91239,90944,90996
2026-01-09T12:30:00+09:00,91003,91218,90950,91166
2026-01-09T12:45:00+09:00,91160,91242,91137,91188
2026-01-09T13:00:00+09:00,91188,91215,91017,91022
2026-01-09T13:15:00+09:00,91023,91118,91008,91099
2026-01-09T13:30:00+09:00,91102,91114,90901,90981
2026-01-09T13:45:00+09:00,90991,91031,90975,90992
2026-01-09T14:00:00+09:00,90996,91095,90988,91055
2026-01-09T14:15:00+09:00,91040,91057,90887,90986
2026-01-09T14:30:00+09:00,90983,91010,90883,90970
2026-01-09T14:45:00+09:00,90972,91070,90950,91058
2026-01-09T15:00:00+09:00,91057,91079,91001,91001
2026-01-09T15:15:00+09:00,91001,91118,90960,90960
2026-01-09T15:30:00+09:00,90963,91126,90958,91088
2026-01-09T15:45:00+09:00,91082,91132,91053,91110
2026-01-09T16:00:00+09:00,91110,91110,91016,91038
2026-01-09T16:15:00+09:00,91034,91044,90964,91005
2026-01-09T16:30:00+09:00,90996,90996,90873,90954
2026-01-09T16:45:00+09:00,90959,90959,90717,90730
2026-01-09T17:00:00+09:00,90731,90811,90462,90659
2026-01-09T17:15:00+09:00,90667,90835,90623,90661
2026-01-09T17:30:00+09:00,90655,90682,90278,90300
2026-01-09T17:45:00+09:00,90297,90332,89679,90008
2026-01-09T18:00:00+09:00,90000,90238,89977,90133
2026-01-09T18:15:00+09:00,90142,90451,90034,90382
2026-01-09T18:30:00+09:00,90390,90390,90266,90339
2026-01-09T18:45:00+09:00,90322,90400,90259,90313
2026-01-09T19:00:00+09:00,90314,90474,90251,90375
2026-01-09T19:15:00+09:00,90380,90530,90380,90394
2026-01-09T19:30:00+09:00,90402,90513,90374,90467
2026-01-09T19:45:00+09:00,90478,90513,90460,90460
2026-01-09T20:00:00+09:00,90461,90564,90415,90558
2026-01-09T20:15:00+09:00,90559,90664,90484,90535
2026-01-09T20:30:00+09:00,90538,90587,90451,90504
2026-01-09T20:45:00+09:00,90505,90540,90381,90423
2026-01-09T21:00:00+09:00,90415,90573,90356,90394
2026-01-09T21:15:00+09:00,90394,90402,90199,90305
2026-01-09T21:30:00+09:00,90305,90432,90269,90393
2026-01-09T21:45:00+09:00,90390,90459,90348,90427
2026-01-09T22:00:00+09:00,90425,90648,90411,90616
2026-01-09T22:15:00+09:00,90611,90710,90564,90576
2026-01-09T22:30:00+09:00,90597,90952,90389,90590
2026-01-09T22:45:00+09:00,90605,90703,90462,90576
2026-01-09T23:00:00+09:00,90592,90594,90232,90325
2026-01-09T23:15:00+09:00,90311,90594,90306,90558
2026-01-09T23:30:00+09:00,90560,90669,90000,90088
2026-01-09T23:45:00+09:00,90092,90240,89920,90156
2026-01-10T00:00:00+09:00,90177,90329,89846,90258
2026-01-10T00:15:00+09:00,90230,91739,90157,91653
2026-01-10T00:30:00+09:00,91670,92000,91180,91209
2026-01-10T00:45:00+09:00,91217,91543,90847,91178
2026-01-10T01:00:00+09:00,91178,91752,91161,91743
2026-01-10T01:15:00+09:00,91740,91782,91302,91365
2026-01-10T01:30:00+09:00,91369,91473,91238,91454
2026-01-10T01:45:00+09:00,91435,91669,91399,91612
2026-01-10T02:00:00+09:00,91632,91666,91228,91350
2026-01-10T02:15:00+09:00,91329,91329,91000,91127
2026-01-10T02:30:00+09:00,91124,91282,91043,91154
2026-01-10T02:45:00+09:00,91149,91530,91136,91420
2026-01-10T03:00:00+09:00,91409,91495,91228,91267
2026-01-10T03:15:00+09:00,91262,91262,90584,90590
2026-01-10T03:30:00+09:00,90597,90858,90337,90803
2026-01-10T03:45:00+09:00,90815,90954,90660,90815
2026-01-10T04:00:00+09:00,90806,90807,90529,90539
2026-01-10T04:15:00+09:00,90547,90569,90278,90308
2026-01-10T04:30:00+09:00,90307,90462,90165,90330
2026-01-10T04:45:00+09:00,90322,90604,90310,90310
2026-01-10T05:00:00+09:00,90310,90436,90200,90381
2026-01-10T05:15:00+09:00,90381,90550,90325,90449
2026-01-10T05:30:00+09:00,90453,90574,90244,90248
2026-01-10T05:45:00+09:00,90248,90388,90211,90271
2026-01-10T06:00:00+09:00,90281,90415,90112,90336
2026-01-10T06:15:00+09:00,90336,90610,90293,90540
2026-01-10T06:30:00+09:00,90540,90609,90400,90433
2026-01-10T06:45:00+09:00,90437,90551,90401,90510
2026-01-10T07:00:00+09:00,90514,90548,90331,90366
2026-01-10T07:15:00+09:00,90372,90590,90344,90574
2026-01-10T07:30:00+09:00,90574,90692,90527,90539
2026-01-10T07:45:00+09:00,90549,90664,90541,90620
2026-01-10T08:00:00+09:00,90623,90710,90591,90687
2026-01-10T08:15:00+09:00,90687,90722,90651,90710
2026-01-10T08:30:00+09:00,90702,90717,90631,90666
2026-01-10T08:45:00+09:00,90677,90692,90587,90626
2026-01-10T09:00:00+09:00,90615,90677,90558,90558
2026-01-10T09:15:00+09:00,90559,90611,90499,90608
2026-01-10T09:30:00+09:00,90607,90656,90589,90600
2026-01-10T09:45:00+09:00,90596,90596,90538,90587
2026-01-10T10:00:00+09:00,90586,90640,90578,90638
2026-01-10T10:15:00+09:00,90638,90689,90590,90665
2026-01-10T10:30:00+09:00,90666,90718,90647,90716
2026-01-10T10:45:00+09:00,90705,90723,90644,90673
2026-01-10T11:00:00+09:00,90682,90735,90677,90725
2026-01-10T11:15:00+09:00,90725,90778,90698,90767
2026-01-10T11:30:00+09:00,90762,90763,90588,90597
2026-01-10T11:45:00+09:00,90595,90685,90592,90675
2026-01-10T12:00:00+09:00,90681,90689,90530,90558
2026-01-10T12:15:00+09:00,90558,90626,90557,90619
2026-01-10T12:30:00+09:00,90630,90644,90583,90593
2026-01-10T12:45:00+09:00,90589,90656,90573,90618
2026-01-10T13:00:00+09:00,90638,90650,90508,90516
2026-01-10T13:15:00+09:00,90530,90559,90500,90529
2026-01-10T13:30:00+09:00,90531,90540,90469,90508
2026-01-10T13:45:00+09:00,90502,90513,90397,90444
2026-01-10T14:00:00+09:00,90442,90523,90418,90523
2026-01-10T14:15:00+09:00,90520,90561,90516,90555
2026-01-10T14:30:00+09:00,90557,90605,90514,90586
2026-01-10T14:45:00+09:00,90595,90614,90580,90587
2026-01-10T15:00:00+09:00,90600,90608,90562,90573
2026-01-10T15:15:00+09:00,90562,90563,90465,90521
2026-01-10T15:30:00+09:00,90533,90545,90504,90532
2026-01-10T15:45:00+09:00,90532,90548,90500,90500
2026-01-10T16:00:00+09:00,90505,90632,90500,90593
2026-01-10T16:15:00+09:00,90601,90607,90554,90607
2026-01-10T16:30:00+09:00,90611,90683,90591,90609
2026-01-10T16:45:00+09:00,90604,90672,90601,90664
2026-01-10T17:00:00+09:00,90672,90750,90632,90692
2026-01-10T17:15:00+09:00,90694,90716,90600,90685
2026-01-10T17:30:00+09:00,90667,90670,90628,90638
2026-01-10T17:45:00+09:00,90644,90665,90621,90665
2026-01-10T18:00:00+09:00,90666,90707,90635,90635
2026-01-10T18:15:00+09:00,90651,90691,90644,90676
2026-01-10T18:30:00+09:00,90668,90739,90622,90671
2026-01-10T18:45:00+09:00,90671,90760,90670,90759
2026-01-10T19:00:00+09:00,90759,90769,90715,90748
2026-01-10T19:15:00+09:00,90755,90800,90721,90764
2026-01-10T19:30:00+09:00,90755,90815,90745,90776
2026-01-10T19:45:00+09:00,90781,90833,90781,90821
2026-01-10T20:00:00+09:00,90816,90825,90749,90788
2026-01-10T20:15:00+09:00,90779,90811,90768,90772
2026-01-10T20:30:00+09:00,90773,90807,90773,90779
2026-01-10T20:45:00+09:00,90775,90775,90696,90724
2026-01-10T21:00:00+09:00,90723,90771,90720,90738
2026-01-10T21:15:00+09:00,90738,90792,90720,90720
2026-01-10T21:30:00+09:00,90713,90729,90663,90707
2026-01-10T21:45:00+09:00,90702,90737,90701,90734
2026-01-10T22:00:00+09:00,90732,90769,90695,90695
2026-01-10T22:15:00+09:00,90717,90744,90704,90712
2026-01-10T22:30:00+09:00,90726,90735,90697,90714
2026-01-10T22:45:00+09:00,90728,90728,90632,90648
2026-01-10T23:00:00+09:00,90647,90665,90534,90613
2026-01-10T23:15:00+09:00,90611,90652,90584,90615
2026-01-10T23:30:00+09:00,90603,90603,90551,90551
2026-01-10T23:45:00+09:00,90565,90595,90565,90585
2026-01-11T00:00:00+09:00,90595,90649,90572,90630
2026-01-11T00:15:00+09:00,90638,90649,90584,90602
2026-01-11T00:30:00+09:00,90606,90648,90599,90636
2026-01-11T00:45:00+09:00,90637,90671,90611,90659
2026-01-11T01:00:00+09:00,90657,90734,90656,90670
2026-01-11T01:15:00+09:00,90673,90673,90620,90642
2026-01-11T01:30:00+09:00,90643,90699,90613,90691
2026-01-11T01:45:00+09:00,90695,90708,90668,90674
2026-01-11T02:00:00+09:00,90687,90724,90686,90715
2026-01-11T02:15:00+09:00,90724,90752,90713,90741
2026-01-11T02:30:00+09:00,90741,90742,90653,90659
2026-01-11T02:45:00+09:00,90660,90660,90540,90548
2026-01-11T03:00:00+09:00,90550,90586,90508,90534
2026-01-11T03:15:00+09:00,90537,90572,90531,90570
2026-01-11T03:30:00+09:00,90570,90592,90558,90587
2026-01-11T03:45:00+09:00,90587,90593,90564,90573
2026-01-11T04:00:00+09:00,90583,90594,90566,90572
2026-01-11T04:15:00+09:00,90576,90607,90571,90593
2026-01-11T04:30:00+09:00,90604,90624,90588,90618
2026-01-11T04:45:00+09:00,90621,90628,90593,90625
2026-01-11T05:00:00+09:00,90621,90650,90611,90650
2026-01-11T05:15:00+09:00,90644,90650,90621,90627
2026-01-11T05:30:00+09:00,90624,90637,90571,90572
2026-01-11T05:45:00+09:00,90571,90581,90550,90558
2026-01-11T06:00:00+09:00,90552,90563,90500,90515
2026-01-11T06:15:00+09:00,90516,90571,90511,90558
2026-01-11T06:30:00+09:00,90558,90561,90512,90530
2026-01-11T06:45:00+09:00,90526,90526,90500,90500
2026-01-11T07:00:00+09:00,90500,90501,90387,90397
2026-01-11T07:15:00+09:00,90404,90473,90386,90473
2026-01-11T07:30:00+09:00,90479,90580,90479,90579
2026-01-11T07:45:00+09:00,90580,90594,90416,90416
2026-01-11T08:00:00+09:00,90416,90541,90416,90503
2026-01-11T08:15:00+09:00,90512,90551,90508,90538
2026-01-11T08:30:00+09:00,90537,90584,90520,90541
2026-01-11T08:45:00+09:00,90542,90587,90493,90525
2026-01-11T09:00:00+09:00,90529,90539,90458,90517
2026-01-11T09:15:00+09:00,90524,90625,90517,90615
2026-01-11T09:30:00+09:00,90609,90609,90550,90569
2026-01-11T09:45:00+09:00,90567,90656,90567,90632
2026-01-11T10:00:00+09:00,90631,90675,90611,90622
2026-01-11T10:15:00+09:00,90640,90662,90580,90595
2026-01-11T10:30:00+09:00,90601,90614,90568,90608
2026-01-11T10:45:00+09:00,90595,90652,90589,90652
2026-01-11T11:00:00+09:00,90654,90710,90625,90696
2026-01-11T11:15:00+09:00,90691,90702,90643,90682
2026-01-11T11:30:00+09:00,90680,90698,90637,90695
2026-01-11T11:45:00+09:00,90700,90741,90682,90692
2026-01-11T12:00:00+09:00,90691,90700,90633,90644
2026-01-11T12:15:00+09:00,90645,90738,90632,90718
2026-01-11T12:30:00+09:00,90707,90720,90681,90703
2026-01-11T12:45:00+09:00,90706,90741,90683,90729
2026-01-11T13:00:00+09:00,90718,90733,90669,90726
2026-01-11T13:15:00+09:00,90726,90761,90698,90710
2026-01-11T13:30:00+09:00,90705,90776,90702,90750
2026-01-11T13:45:00+09:00,90756,90789,90748,90788
2026-01-11T14:00:00+09:00,90789,90795,90772,90781
2026-01-11T14:15:00+09:00,90782,90782,90741,90759
2026-01-11T14:30:00+09:00,90762,90818,90762,90807
2026-01-11T14:45:00+09:00,90810,90860,90750,90774
2026-01-11T15:00:00+09:00,90783,90807,90768,90783
2026-01-11T15:15:00+09:00,90782,90789,90577,90661
2026-01-11T15:30:00+09:00,90658,90682,90647,90660
2026-01-11T15:45:00+09:00,90675,90740,90665,90731
2026-01-11T16:00:00+09:00,90731,90744,90677,90680
2026-01-11T16:15:00+09:00,90681,90755,90667,90725
2026-01-11T16:30:00+09:00,90722,90736,90691,90706
2026-01-11T16:45:00+09:00,90705,90711,90693,90706
2026-01-11T17:00:00+09:00,90697,90724,90590,90665
2026-01-11T17:15:00+09:00,90667,90722,90666,90714
2026-01-11T17:30:00+09:00,90722,90793,90659,90727
2026-01-11T17:45:00+09:00,90727,90804,90689,90780
2026-01-11T18:00:00+09:00,90774,90803,90750,90750
2026-01-11T18:15:00+09:00,90767,90810,90734,90738
2026-01-11T18:30:00+09:00,90745,90762,90659,90737
2026-01-11T18:45:00+09:00,90742,90783,90717,90721
2026-01-11T19:00:00+09:00,90722,90735,90669,90725
2026-01-11T19:15:00+09:00,90725,90725,90690,90712
2026-01-11T19:30:00+09:00,90713,90734,90673,90693
2026-01-11T19:45:00+09:00,90697,90731,90687,90717
2026-01-11T20:00:00+09:00,90719,90720,90681,90684
2026-01-11T20:15:00+09:00,90684,90710,90672,90692
2026-01-11T20:30:00+09:00,90693,90732,90693,90713
2026-01-11T20:45:00+09:00,90700,90739,90683,90739
2026-01-11T21:00:00+09:00,90740,90783,90697,90783
2026-01-11T21:15:00+09:00,90781,90853,90757,90850
2026-01-11T21:30:00+09:00,90851,90892,90806,90877
2026-01-11T21:45:00+09:00,90883,91000,90883,90925
2026-01-11T22:00:00+09:00,90926,90961,90896,90932
2026-01-11T22:15:00+09:00,90936,90959,90813,90875
2026-01-11T22:30:00+09:00,90871,90871,90812,90817
2026-01-11T22:45:00+09:00,90815,90891,90806,90846
2026-01-11T23:00:00+09:00,90849,90955,90846,90919
2026-01-11T23:15:00+09:00,90935,90977,90910,90975
2026-01-11T23:30:00+09:00,90974,91000,90935,91000
2026-01-11T23:45:00+09:00,91000,91161,90948,91082
2026-01-12T00:00:00+09:00,91094,91124,90826,90879
2026-01-12T00:15:00+09:00,90877,90987,90837,90931
2026-01-12T00:30:00+09:00,90926,90994,90769,90819
2026-01-12T00:45:00+09:00,90816,90868,90670,90846
2026-01-12T01:00:00+09:00,90847,90968,90847,90864
2026-01-12T01:15:00+09:00,90867,91041,90845,91004
2026-01-12T01:30:00+09:00,90998,91263,90989,91081
2026-01-12T01:45:00+09:00,91100,91100,90913,91002
2026-01-12T02:00:00+09:00,91009,91118,90989,91025
2026-01-12T02:15:00+09:00,91016,91035,90908,91026
2026-01-12T02:30:00+09:00,91020,91029,90873,90957
2026-01-12T02:45:00+09:00,90956,90987,90921,90951
2026-01-12T03:00:00+09:00,90954,90965,90856,90857
2026-01-12T03:15:00+09:00,90868,90906,90858,90898
2026-01-12T03:30:00+09:00,90897,90902,90759,90823
2026-01-12T03:45:00+09:00,90821,90928,90812,90855
2026-01-12T04:00:00+09:00,90859,90903,90811,90903
2026-01-12T04:15:00+09:00,90891,90899,90838,90867
2026-01-12T04:30:00+09:00,90860,90879,90749,90766
2026-01-12T04:45:00+09:00,90757,90768,90641,90654
2026-01-12T05:00:00+09:00,90661,90665,90420,90539
2026-01-12T05:15:00+09:00,90535,90569,90385,90504
2026-01-12T05:30:00+09:00,90497,90635,90447,90578
2026-01-12T05:45:00+09:00,90589,90723,90579,90679
2026-01-12T06:00:00+09:00,90677,90677,90560,90637
2026-01-12T06:15:00+09:00,90632,90746,90610,90611
2026-01-12T06:30:00+09:00,90611,90691,90611,90653
2026-01-12T06:45:00+09:00,90652,90812,90637,90710
2026-01-12T07:00:00+09:00,90709,90711,90418,90550
2026-01-12T07:15:00+09:00,90536,90706,90535,90662
2026-01-12T07:30:00+09:00,90666,90719,90600,90671
2026-01-12T07:45:00+09:00,90670,90679,90500,90500
2026-01-12T08:00:00+09:00,90506,90700,90225,90676
2026-01-12T08:15:00+09:00,90675,91000,90675,90717
2026-01-12T08:30:00+09:00,90728,90902,90655,90884
2026-01-12T08:45:00+09:00,90884,90984,90824,90984
2026-01-12T09:00:00+09:00,90987,91007,90767,90876
2026-01-12T09:15:00+09:00,90896,91186,90850,91117
2026-01-12T09:30:00+09:00,91102,91159,90766,90782
2026-01-12T09:45:00+09:00,90782,91233,90665,91222
2026-01-12T10:00:00+09:00,91232,91796,91188,91490
2026-01-12T10:15:00+09:00,91490,91550,91331,91471
2026-01-12T10:30:00+09:00,91482,91487,91043,91347
2026-01-12T10:45:00+09:00,91334,91499,91324,91376
2026-01-12T11:00:00+09:00,91382,91704,91332,91704
2026-01-12T11:15:00+09:00,91700,91921,91602,91752
2026-01-12T11:30:00+09:00,91767,91976,91700,91922
2026-01-12T11:45:00+09:00,91932,92347,91932,92171
2026-01-12T12:00:00+09:00,92171,92434,92102,92391
2026-01-12T12:15:00+09:00,92405,92493,92317,92350
2026-01-12T12:30:00+09:00,92343,92412,91903,91950
2026-01-12T12:45:00+09:00,91939,91977,91767,91781
2026-01-12T13:00:00+09:00,91782,92068,91716,92051
2026-01-12T13:15:00+09:00,92047,92080,91939,91996
2026-01-12T13:30:00+09:00,91997,92178,91961,92148
2026-01-12T13:45:00+09:00,92153,92243,92100,92128
2026-01-12T14:00:00+09:00,92116,92173,91986,92066
2026-01-12T14:15:00+09:00,92059,92203,92032,92162
2026-01-12T14:30:00+09:00,92173,92206,92027,92041
2026-01-12T14:45:00+09:00,92045,92068,92014,92037
2026-01-12T15:00:00+09:00,92041,92150,91960,92104
2026-01-12T15:15:00+09:00,92110,92136,91887,91891
2026-01-12T15:30:00+09:00,91891,91894,91743,91864
2026-01-12T15:45:00+09:00,91857,91857,91746,91770
2026-01-12T16:00:00+09:00,91778,91904,91715,91761
2026-01-12T16:15:00+09:00,91762,91870,91678,91815
2026-01-12T16:30:00+09:00,91815,91830,91476,91513
2026-01-12T16:45:00+09:00,91521,91521,91326,91347
2026-01-12T17:00:00+09:00,91340,91571,91274,91479
2026-01-12T17:15:00+09:00,91471,91527,91381,91381
2026-01-12T17:30:00+09:00,91378,91378,90457,90525
2026-01-12T17:45:00+09:00,90516,90793,90348,90695
2026-01-12T18:00:00+09:00,90706,90800,90586,90755
2026-01-12T18:15:00+09:00,90763,90895,90727,90773
2026-01-12T18:30:00+09:00,90770,90893,90716,90791
2026-01-12T18:45:00+09:00,90780,90851,90630,90648
2026-01-12T19:00:00+09:00,90648,90753,90543,90646
2026-01-12T19:15:00+09:00,90644,90673,90490,90518
2026-01-12T19:30:00+09:00,90516,90589,90474,90487
2026-01-12T19:45:00+09:00,90482,90488,90312,90398
2026-01-12T20:00:00+09:00,90391,90574,90365,90543
2026-01-12T20:15:00+09:00,90547,90768,90505,90650
2026-01-12T20:30:00+09:00,90659,90709,90514,90546
2026-01-12T20:45:00+09:00,90546,90640,90540,90570
2026-01-12T21:00:00+09:00,90578,90730,90566,90722
2026-01-12T21:15:00+09:00,90720,90831,90720,90746
2026-01-12T21:30:00+09:00,90736,90768,90627,90688
2026-01-12T21:45:00+09:00,90695,90785,90655,90737
2026-01-12T22:00:00+09:00,90737,90790,90488,90502
2026-01-12T22:15:00+09:00,90524,90709,90524,90647
2026-01-12T22:30:00+09:00,90648,90748,90545,90599
2026-01-12T22:45:00+09:00,90586,90651,90510,90578
2026-01-12T23:00:00+09:00,90577,90618,90535,90604
2026-01-12T23:15:00+09:00,90591,90617,90079,90246
2026-01-12T23:30:00+09:00,90225,90993,90177,90764
2026-01-12T23:45:00+09:00,90769,91082,90543,90850
2026-01-13T00:00:00+09:00,90852,90919,90658,90882
2026-01-13T00:15:00+09:00,90881,91375,90844,91278
2026-01-13T00:30:00+09:00,91284,91542,91186,91494
2026-01-13T00:45:00+09:00,91480,91631,91328,91622
2026-01-13T01:00:00+09:00,91597,91842,91591,91755
2026-01-13T01:15:00+09:00,91769,92198,91557,92144
2026-01-13T01:30:00+09:00,92192,92275,91908,92107
2026-01-13T01:45:00+09:00,92099,92210,91960,92067
2026-01-13T02:00:00+09:00,92067,92252,91810,91903
2026-01-13T02:15:00+09:00,91903,92039,91601,91657
2026-01-13T02:30:00+09:00,91650,91705,90984,91295
2026-01-13T02:45:00+09:00,91299,91500,91276,91465
2026-01-13T03:00:00+09:00,91466,91774,91357,91660
2026-01-13T03:15:00+09:00,91661,91898,91657,91883
2026-01-13T03:30:00+09:00,91877,91881,91445,91610
2026-01-13T03:45:00+09:00,91622,91736,91577,91650
2026-01-13T04:00:00+09:00,91639,91718,91391,91623
2026-01-13T04:15:00+09:00,91633,91793,91632,91788
2026-01-13T04:30:00+09:00,91784,91835,91707,91755
2026-01-13T04:45:00+09:00,91764,91835,91673,91817
2026-01-13T05:00:00+09:00,91826,92000,91779,91823
2026-01-13T05:15:00+09:00,91823,91826,91628,91680
2026-01-13T05:30:00+09:00,91672,91672,91396,91420
2026-01-13T05:45:00+09:00,91417,91466,91360,91430
2026-01-13T06:00:00+09:00,91423,91431,91144,91419
2026-01-13T06:15:00+09:00,91420,91454,91283,91290
2026-01-13T06:30:00+09:00,91295,91341,91233,91243
2026-01-13T06:45:00+09:00,91234,91234,90893,91014
2026-01-13T07:00:00+09:00,91017,91396,91017,91360
2026-01-13T07:15:00+09:00,91358,91358,91194,91215
2026-01-13T07:30:00+09:00,91212,91347,91140,91287
2026-01-13T07:45:00+09:00,91277,91277,91154,91184
2026-01-13T08:00:00+09:00,91190,91237,91016,91105
2026-01-13T08:15:00+09:00,91106,91237,91083,91217
2026-01-13T08:30:00+09:00,91216,91269,91134,91207
2026-01-13T08:45:00+09:00,91197,91249,91166,91236
2026-01-13T09:00:00+09:00,91236,91374,91208,91274
2026-01-13T09:15:00+09:00,91273,91489,91245,91393
2026-01-13T09:30:00+09:00,91396,91500,91195,91265
2026-01-13T09:45:00+09:00,91265,91461,91246,91426
2026-01-13T10:00:00+09:00,91425,91500,91347,91419
2026-01-13T10:15:00+09:00,91405,91417,91235,91272
2026-01-13T10:30:00+09:00,91281,91299,90980,91025
2026-01-13T10:45:00+09:00,91035,91155,91035,91137
2026-01-13T11:00:00+09:00,91144,91326,91144,91243
2026-01-13T11:15:00+09:00,91242,91258,91192,91217
2026-01-13T11:30:00+09:00,91218,91259,91062,91071
2026-01-13T11:45:00+09:00,91072,91188,91050,91077
2026-01-13T12:00:00+09:00,91071,91238,91060,91229
2026-01-13T12:15:00+09:00,91230,91407,91223,91338
2026-01-13T12:30:00+09:00,91330,91377,91260,91285
2026-01-13T12:45:00+09:00,91286,91372,91239,91366
2026-01-13T13:00:00+09:00,91364,91444,91334,91416
2026-01-13T13:15:00+09:00,91413,91624,91380,91463
2026-01-13T13:30:00+09:00,91449,91457,91332,91347
2026-01-13T13:45:00+09:00,91347,91515,91328,91490
2026-01-13T14:00:00+09:00,91497,91743,91453,91741
2026-01-13T14:15:00+09:00,91730,92239,91685,92070
2026-01-13T14:30:00+09:00,92088,92100,91852,91927
2026-01-13T14:45:00+09:00,91929,92104,91881,91894
2026-01-13T15:00:00+09:00,91906,92063,91787,91901
2026-01-13T15:15:00+09:00,91910,92030,91860,91868
2026-01-13T15:30:00+09:00,91859,92120,91859,91964
2026-01-13T15:45:00+09:00,91965,92246,91965,92150
2026-01-13T16:00:00+09:00,92174,92183,91993,91993
2026-01-13T16:15:00+09:00,92001,92040,91865,91990
2026-01-13T16:30:00+09:00,91986,92004,91901,91913
2026-01-13T16:45:00+09:00,91916,91935,91864,91912
2026-01-13T17:00:00+09:00,91907,91999,91891,91960
2026-01-13T17:15:00+09:00,91954,92053,91909,91926
2026-01-13T17:30:00+09:00,91941,92146,91935,92100
2026-01-13T17:45:00+09:00,92091,92224,92083,92140
2026-01-13T18:00:00+09:00,92130,92413,92128,92413
2026-01-13T18:15:00+09:00,92413,92657,92320,92518
2026-01-13T18:30:00+09:00,92502,92536,91914,92114
2026-01-13T18:45:00+09:00,92102,92292,92091,92238
2026-01-13T19:00:00+09:00,92245,92313,92159,92195
2026-01-13T19:15:00+09:00,92198,92222,92093,92212
2026-01-13T19:30:00+09:00,92226,92256,92000,92000
2026-01-13T19:45:00+09:00,91999,92101,91962,92084
2026-01-13T20:00:00+09:00,92084,92213,91980,92167
2026-01-13T20:15:00+09:00,92171,92197,92064,92154
2026-01-13T20:30:00+09:00,92155,92157,92003,92007
2026-01-13T20:45:00+09:00,92003,92046,91908,91944
2026-01-13T21:00:00+09:00,91948,92013,91855,91882
2026-01-13T21:15:00+09:00,91874,92069,91856,92023
2026-01-13T21:30:00+09:00,92017,92106,92010,92089
2026-01-13T21:45:00+09:00,92089,92093,91983,92051
2026-01-13T22:00:00+09:00,92047,92063,91922,91960
2026-01-13T22:15:00+09:00,91960,92080,91930,92075
2026-01-13T22:30:00+09:00,92088,92567,91946,92142
2026-01-13T22:45:00+09:00,92143,92206,91984,92003
2026-01-13T23:00:00+09:00,92002,92005,91721,91922
2026-01-13T23:15:00+09:00,91910,92381,91908,92373
2026-01-13T23:30:00+09:00,92370,92860,92064,92633
2026-01-13T23:45:00+09:00,92635,92712,92324,92384
2026-01-14T00:00:00+09:00,92377,92532,92039,92519
2026-01-14T00:15:00+09:00,92506,92527,92134,92328
2026-01-14T00:30:00+09:00,92327,93075,92283,92844
2026-01-14T00:45:00+09:00,92827,93373,92716,93373
2026-01-14T01:00:00+09:00,93368,93618,93192,93192
2026-01-14T01:15:00+09:00,93184,93387,93000,93117
2026-01-14T01:30:00+09:00,93092,93587,93055,93472
2026-01-14T01:45:00+09:00,93481,93680,93287,93316
2026-01-14T02:00:00+09:00,93311,93413,93151,93241
2026-01-14T02:15:00+09:00,93222,93367,93016,93313
2026-01-14T02:30:00+09:00,93330,93378,93078,93303
2026-01-14T02:45:00+09:00,93305,93396,93116,93141
2026-01-14T03:00:00+09:00,93122,93569,93097,93451
2026-01-14T03:15:00+09:00,93474,93652,93446,93488
2026-01-14T03:30:00+09:00,93490,93660,93403,93533
2026-01-14T03:45:00+09:00,93527,93773,93391,93533
2026-01-14T04:00:00+09:00,93533,93580,93364,93436
2026-01-14T04:15:00+09:00,93441,93781,93371,93757
2026-01-14T04:30:00+09:00,93772,94000,93700,93922
2026-01-14T04:45:00+09:00,93934,94135,93905,94118
2026-01-14T05:00:00+09:00,94126,94359,94065,94284
2026-01-14T05:15:00+09:00,94266,94422,94171,94258
2026-01-14T05:30:00+09:00,94264,94302,94009,94202
2026-01-14T05:45:00+09:00,94209,94397,94125,94350
2026-01-14T06:00:00+09:00,94343,94416,93985,94233
2026-01-14T06:15:00+09:00,94260,94395,94180,94200
2026-01-14T06:30:00+09:00,94196,94253,94011,94024
2026-01-14T06:45:00+09:00,94034,94065,93935,93958
2026-01-14T07:00:00+09:00,93950,96450,93940,95499
2026-01-14T07:15:00+09:00,95519,95590,94961,95216
2026-01-14T07:30:00+09:00,95215,95521,95037,95449
2026-01-14T07:45:00+09:00,95457,95912,95368,95620
2026-01-14T08:00:00+09:00,95645,95981,95533,95595
2026-01-14T08:15:00+09:00,95595,95600,95216,95249
2026-01-14T08:30:00+09:00,95230,95300,94985,95074
2026-01-14T08:45:00+09:00,95079,95360,94938,95259
2026-01-14T09:00:00+09:00,95259,95537,95259,95391
2026-01-14T09:15:00+09:00,95402,95493,95319,95344
2026-01-14T09:30:00+09:00,95341,95341,95044,95167
2026-01-14T09:45:00+09:00,95162,95221,95063,95111
2026-01-14T10:00:00+09:00,95109,95374,95027,95364
2026-01-14T10:15:00+09:00,95356,95456,95282,95344
2026-01-14T10:30:00+09:00,95341,95426,95053,95129
2026-01-14T10:45:00+09:00,95141,95217,95000,95093
2026-01-14T11:00:00+09:00,95105,95421,95063,95349
2026-01-14T11:15:00+09:00,95345,95429,95229,95388
2026-01-14T11:30:00+09:00,95378,95378,95211,95343
2026-01-14T11:45:00+09:00,95340,95387,95118,95200
2026-01-14T12:00:00+09:00,95200,95354,95114,95271
2026-01-14T12:15:00+09:00,95271,95358,95208,95222
2026-01-14T12:30:00+09:00,95233,95449,95222,95398
2026-01-14T12:45:00+09:00,95390,95584,95389,95577
2026-01-14T13:00:00+09:00,95574,95664,95239,95293
2026-01-14T13:15:00+09:00,95284,95396,95277,95326
2026-01-14T13:30:00+09:00,95317,95329,95134,95149
2026-01-14T13:45:00+09:00,95153,95196,95084,95097
2026-01-14T14:00:00+09:00,95097,95115,94972,95115
2026-01-14T14:15:00+09:00,95113,95149,94848,94919
2026-01-14T14:30:00+09:00,94908,95099,94856,94905
2026-01-14T14:45:00+09:00,94895,95009,94869,94870
2026-01-14T15:00:00+09:00,94869,94878,94550,94726
2026-01-14T15:15:00+09:00,94737,94754,94523,94574
2026-01-14T15:30:00+09:00,94577,94774,94387,94756
2026-01-14T15:45:00+09:00,94762,94936,94762,94918
2026-01-14T16:00:00+09:00,94927,95030,94740,94937
2026-01-14T16:15:00+09:00,94936,95106,94817,94824
2026-01-14T16:30:00+09:00,94832,94949,94752,94926
2026-01-14T16:45:00+09:00,94930,95153,94925,95124
2026-01-14T17:00:00+09:00,95124,95228,95075,95177
2026-01-14T17:15:00+09:00,95190,95196,95079,95090
2026-01-14T17:30:00+09:00,95086,95112,94849,94897
2026-01-14T17:45:00+09:00,94899,94919,94836,94854
2026-01-14T18:00:00+09:00,94851,95077,94817,95036
2026-01-14T18:15:00+09:00,95034,95148,94993,95017
2026-01-14T18:30:00+09:00,95019,95085,94936,94968
2026-01-14T18:45:00+09:00,94964,95057,94904,95036
2026-01-14T19:00:00+09:00,95031,95138,95009,95125
2026-01-14T19:15:00+09:00,95132,95245,94831,94997
2026-01-14T19:30:00+09:00,94991,95124,94864,95062
2026-01-14T19:45:00+09:00,95056,95145,95001,95019
2026-01-14T20:00:00+09:00,95003,95029,94801,94840
2026-01-14T20:15:00+09:00,94842,94930,94766,94897
2026-01-14T20:30:00+09:00,94880,94933,94830,94852
2026-01-14T20:45:00+09:00,94846,94869,94674,94739
2026-01-14T21:00:00+09:00,94731,94965,94614,94957
2026-01-14T21:15:00+09:00,94957,95058,94904,95027
2026-01-14T21:30:00+09:00,95021,95099,94959,95004
2026-01-14T21:45:00+09:00,95008,95028,94970,95008
2026-01-14T22:00:00+09:00,95016,95024,94875,94923
2026-01-14T22:15:00+09:00,94922,95188,94916,95139
2026-01-14T22:30:00+09:00,95140,95156,94990,95008
2026-01-14T22:45:00+09:00,95007,95046,94825,94935
2026-01-14T23:00:00+09:00,94936,95480,94925,95429
2026-01-14T23:15:00+09:00,95419,95753,95384,95561
2026-01-14T23:30:00+09:00,95557,95972,95280,95796
2026-01-14T23:45:00+09:00,95790,96763,95747,96426
2026-01-15T00:00:00+09:00,96439,97000,96114,96874
2026-01-15T00:15:00+09:00,96873,97000,96662,96683
2026-01-15T00:30:00+09:00,96681,96889,96286,96370
2026-01-15T00:45:00+09:00,96372,96793,96240,96710
2026-01-15T01:00:00+09:00,96720,97435,96686,97344
2026-01-15T01:15:00+09:00,97351,97432,97042,97225
2026-01-15T01:30:00+09:00,97207,97500,96976,97464
2026-01-15T01:45:00+09:00,97461,97650,97087,97246
2026-01-15T02:00:00+09:00,97248,97695,97150,97635
2026-01-15T02:15:00+09:00,97605,97759,97490,97490
2026-01-15T02:30:00+09:00,97479,97481,96730,97126
2026-01-15T02:45:00+09:00,97105,97379,96845,96897
2026-01-15T03:00:00+09:00,96890,97041,96621,96697
2026-01-15T03:15:00+09:00,96698,96982,96535,96963
2026-01-15T03:30:00+09:00,96963,97040,96239,96301
2026-01-15T03:45:00+09:00,96296,96819,96174,96718
2026-01-15T04:00:00+09:00,96716,96911,96596,96911
2026-01-15T04:15:00+09:00,96908,97495,96874,97482
2026-01-15T04:30:00+09:00,97495,97560,97008,97258
2026-01-15T04:45:00+09:00,97238,97407,97114,97158
2026-01-15T05:00:00+09:00,97153,97850,97092,97536
2026-01-15T05:15:00+09:00,97522,97559,97194,97252
2026-01-15T05:30:00+09:00,97255,97699,97246,97476
2026-01-15T05:45:00+09:00,97477,97573,97299,97566
2026-01-15T06:00:00+09:00,97539,97539,97333,97411
2026-01-15T06:15:00+09:00,97389,97512,97351,97494
2026-01-15T06:30:00+09:00,97474,97611,97385,97394
2026-01-15T06:45:00+09:00,97390,97496,97263,97448
2026-01-15T07:00:00+09:00,97438,97469,97190,97214
2026-01-15T07:15:00+09:00,97224,97367,97210,97210
2026-01-15T07:30:00+09:00,97208,97276,96741,96877
2026-01-15T07:45:00+09:00,96908,97140,96599,96714
2026-01-15T08:00:00+09:00,96768,97118,96758,97100
2026-01-15T08:15:00+09:00,97110,97231,96850,96850
2026-01-15T08:30:00+09:00,96843,96981,96710,96890
2026-01-15T08:45:00+09:00,96905,96949,96787,96805
2026-01-15T09:00:00+09:00,96791,96861,96639,96841
2026-01-15T09:15:00+09:00,96849,96860,96531,96597
2026-01-15T09:30:00+09:00,96609,96612,96350,96461
2026-01-15T09:45:00+09:00,96465,96541,96364,96524
2026-01-15T10:00:00+09:00,96521,96835,96521,96590
2026-01-15T10:15:00+09:00,96619,96638,96249,96280
2026-01-15T10:30:00+09:00,96257,96435,96144,96338
2026-01-15T10:45:00+09:00,96347,96430,96250,96310
2026-01-15T11:00:00+09:00,96318,96470,96230,96246
2026-01-15T11:15:00+09:00,96241,96470,96240,96370
2026-01-15T11:30:00+09:00,96374,96475,96000,96198
2026-01-15T11:45:00+09:00,96188,96207,96016,96203
2026-01-15T12:00:00+09:00,96210,96271,96055,96145
2026-01-15T12:15:00+09:00,96145,96267,95790,95790
2026-01-15T12:30:00+09:00,95783,95983,95639,95765
2026-01-15T12:45:00+09:00,95779,95892,95688,95864
2026-01-15T13:00:00+09:00,95845,96012,95810,95940
2026-01-15T13:15:00+09:00,95935,96264,95875,96105
2026-01-15T13:30:00+09:00,96110,96173,96040,96094
2026-01-15T13:45:00+09:00,96107,96189,96030,96180
2026-01-15T14:00:00+09:00,96178,96355,96136,96136
2026-01-15T14:15:00+09:00,96135,96305,96109,96109
2026-01-15T14:30:00+09:00,96126,96316,96102,96307
2026-01-15T14:45:00+09:00,96310,96390,96263,96300
2026-01-15T15:00:00+09:00,96293,96395,96240,96310
2026-01-15T15:15:00+09:00,96313,96453,96274,96362
2026-01-15T15:30:00+09:00,96374,96380,96060,96079
2026-01-15T15:45:00+09:00,96064,96222,96032,96104
2026-01-15T16:00:00+09:00,96111,96194,96052,96083
2026-01-15T16:15:00+09:00,96079,96371,96078,96368
2026-01-15T16:30:00+09:00,96362,96674,96347,96491
2026-01-15T16:45:00+09:00,96502,96580,96421,96547
2026-01-15T17:00:00+09:00,96545,96550,96360,96380
2026-01-15T17:15:00+09:00,96394,96479,96274,96288
2026-01-15T17:30:00+09:00,96294,96366,96206,96351
2026-01-15T17:45:00+09:00,96356,96584,96350,96558
2026-01-15T18:00:00+09:00,96558,96617,96497,96502
2026-01-15T18:15:00+09:00,96502,96745,96476,96676
2026-01-15T18:30:00+09:00,96672,97017,96613,97002
2026-01-15T18:45:00+09:00,97003,97120,96890,96967
2026-01-15T19:00:00+09:00,96974,96994,96774,96783
2026-01-15T19:15:00+09:00,96781,96852,96702,96722
2026-01-15T19:30:00+09:00,96718,96769,96658,96689
2026-01-15T19:45:00+09:00,96694,96797,96691,96734
2026-01-15T20:00:00+09:00,96729,96789,96642,96674
2026-01-15T20:15:00+09:00,96674,96807,96641,96803
2026-01-15T20:30:00+09:00,96802,96863,96597,96611
2026-01-15T20:45:00+09:00,96610,96650,96506,96506
2026-01-15T21:00:00+09:00,96501,96627,96445,96606
2026-01-15T21:15:00+09:00,96615,96618,96472,96558
2026-01-15T21:30:00+09:00,96553,96749,96519,96665
2026-01-15T21:45:00+09:00,96659,96926,96656,96899
2026-01-15T22:00:00+09:00,96899,96919,96762,96776
2026-01-15T22:15:00+09:00,96784,96905,96784,96851
2026-01-15T22:30:00+09:00,96860,96869,96522,96688
2026-01-15T22:45:00+09:00,96706,96952,96695,96763
2026-01-15T23:00:00+09:00,96763,97057,96759,97049
2026-01-15T23:15:00+09:00,97054,97057,96620,96691
2026-01-15T23:30:00+09:00,96690,96822,95745,95745
2026-01-15T23:45:00+09:00,95760,96390,95517,96005
2026-01-16T00:00:00+09:00,96004,96310,95827,96181
2026-01-16T00:15:00+09:00,96179,96365,95757,95818
2026-01-16T00:30:00+09:00,95823,96018,95509,95802
2026-01-16T00:45:00+09:00,95804,96729,95364,96666
2026-01-16T01:00:00+09:00,96625,96876,96201,96307
2026-01-16T01:15:00+09:00,96289,96536,96259,96361
2026-01-16T01:30:00+09:00,96351,96821,96299,96721
2026-01-16T01:45:00+09:00,96715,96788,96520,96667
2026-01-16T02:00:00+09:00,96661,96791,96374,96418
2026-01-16T02:15:00+09:00,96436,96675,96353,96675
2026-01-16T02:30:00+09:00,96682,97029,96586,96870
2026-01-16T02:45:00+09:00,96863,97002,96510,96550
2026-01-16T03:00:00+09:00,96552,96567,96056,96181
2026-01-16T03:15:00+09:00,96185,96207,95972,96097
2026-01-16T03:30:00+09:00,96081,96165,95665,95962
2026-01-16T03:45:00+09:00,95966,95966,95739,95771
2026-01-16T04:00:00+09:00,95761,95859,95486,95707
2026-01-16T04:15:00+09:00,95707,95822,95366,95426
2026-01-16T04:30:00+09:00,95432,95509,95076,95332
2026-01-16T04:45:00+09:00,95319,95648,95308,95442
2026-01-16T05:00:00+09:00,95437,95598,95371,95479
2026-01-16T05:15:00+09:00,95478,95517,95094,95135
2026-01-16T05:30:00+09:00,95131,95330,95054,95203
2026-01-16T05:45:00+09:00,95209,95249,95067,95189
2026-01-16T06:00:00+09:00,95199,95394,95125,95261
2026-01-16T06:15:00+09:00,95255,95425,95246,95376
2026-01-16T06:30:00+09:00,95377,95449,95321,95434
2026-01-16T06:45:00+09:00,95434,95565,95434,95514
2026-01-16T07:00:00+09:00,95514,95671,95430,95494
2026-01-16T07:15:00+09:00,95498,95686,95424,95638
2026-01-16T07:30:00+09:00,95643,95800,95576,95606
2026-01-16T07:45:00+09:00,95604,95655,95475,95502
2026-01-16T08:00:00+09:00,95500,95551,95332,95534
2026-01-16T08:15:00+09:00,95535,95651,95500,95509
2026-01-16T08:30:00+09:00,95498,95498,95396,95440
2026-01-16T08:45:00+09:00,95449,95567,95435,95509
2026-01-16T09:00:00+09:00,95535,95680,95494,95584
2026-01-16T09:15:00+09:00,95594,95694,95551,95609
2026-01-16T09:30:00+09:00,95610,95758,95594,95739
2026-01-16T09:45:00+09:00,95734,95734,95507,95543
2026-01-16T10:00:00+09:00,95535,95549,95335,95397
2026-01-16T10:15:00+09:00,95397,95590,95370,95562
2026-01-16T10:30:00+09:00,95566,95772,95565,95578
2026-01-16T10:45:00+09:00,95586,95689,95575,95576
2026-01-16T11:00:00+09:00,95582,95582,95363,95386
2026-01-16T11:15:00+09:00,95380,95593,95292,95589
2026-01-16T11:30:00+09:00,95580,95595,95330,95389
2026-01-16T11:45:00+09:00,95390,95458,95376,95405
2026-01-16T12:00:00+09:00,95411,95497,95398,95476
2026-01-16T12:15:00+09:00,95467,95467,95389,95396
2026-01-16T12:30:00+09:00,95392,95395,95304,95339
2026-01-16T12:45:00+09:00,95338,95347,95237,95252
2026-01-16T13:00:00+09:00,95245,95332,95231,95317
2026-01-16T13:15:00+09:00,95314,95481,95284,95298
2026-01-16T13:30:00+09:00,95296,95347,95071,95125
2026-01-16T13:45:00+09:00,95134,95178,95027,95153
2026-01-16T14:00:00+09:00,95142,95331,95132,95290
2026-01-16T14:15:00+09:00,95306,95323,95147,95183
2026-01-16T14:30:00+09:00,95187,95539,95177,95480
2026-01-16T14:45:00+09:00,95476,95584,95459,95538
2026-01-16T15:00:00+09:00,95549,95706,95471,95489
2026-01-16T15:15:00+09:00,95498,95566,95411,95528
2026-01-16T15:30:00+09:00,95527,95620,95500,95579
2026-01-16T15:45:00+09:00,95577,95641,95537,95610
2026-01-16T16:00:00+09:00,95615,95666,95561,95573
2026-01-16T16:15:00+09:00,95563,95568,95441,95460
2026-01-16T16:30:00+09:00,95460,95460,95345,95369
2026-01-16T16:45:00+09:00,95369,95585,95358,95563
2026-01-16T17:00:00+09:00,95561,95626,95468,95611
2026-01-16T17:15:00+09:00,95611,95741,95579,95704
2026-01-16T17:30:00+09:00,95706,95758,95566,95680
2026-01-16T17:45:00+09:00,95680,95681,95551,95565
2026-01-16T18:00:00+09:00,95557,95686,95536,95582
2026-01-16T18:15:00+09:00,95583,95623,95489,95623
2026-01-16T18:30:00+09:00,95623,95634,95539,95564
2026-01-16T18:45:00+09:00,95569,95570,95485,95510
2026-01-16T19:00:00+09:00,95512,95539,95380,95469
2026-01-16T19:15:00+09:00,95467,95473,95307,95314
2026-01-16T19:30:00+09:00,95312,95322,95197,95275
2026-01-16T19:45:00+09:00,95276,95316,95184,95184
2026-01-16T20:00:00+09:00,95205,95269,95144,95209
2026-01-16T20:15:00+09:00,95209,95288,95160,95248
2026-01-16T20:30:00+09:00,95252,95310,95199,95199
2026-01-16T20:45:00+09:00,95199,95384,95194,95326
2026-01-16T21:00:00+09:00,95321,95384,95305,95379
2026-01-16T21:15:00+09:00,95373,95470,95353,95462
2026-01-16T21:30:00+09:00,95454,95457,95313,95382
2026-01-16T21:45:00+09:00,95380,95398,95233,95335
2026-01-16T22:00:00+09:00,95339,95419,95252,95392
2026-01-16T22:15:00+09:00,95399,95460,95347,95427
2026-01-16T22:30:00+09:00,95429,95476,95188,95308
2026-01-16T22:45:00+09:00,95308,95393,95288,95348
2026-01-16T23:00:00+09:00,95354,95468,95330,95354
2026-01-16T23:15:00+09:00,95339,95621,95250,95621
2026-01-16T23:30:00+09:00,95626,95732,95134,95140
2026-01-16T23:45:00+09:00,95139,95413,95100,95104
2026-01-17T00:00:00+09:00,95098,95586,94978,95490
2026-01-17T00:15:00+09:00,95497,95512,94610,94637
2026-01-17T00:30:00+09:00,94630,94739,94319,94452
2026-01-17T00:45:00+09:00,94447,94598,94199,94496
2026-01-17T01:00:00+09:00,94496,94782,94418,94718
2026-01-17T01:15:00+09:00,94726,94876,94510,94802
2026-01-17T01:30:00+09:00,94790,94898,94617,94822
2026-01-17T01:45:00+09:00,94819,94923,94698,94798
2026-01-17T02:00:00+09:00,94797,94805,94572,94730
2026-01-17T02:15:00+09:00,94728,94845,94468,94689
2026-01-17T02:30:00+09:00,94685,94861,94665,94852
2026-01-17T02:45:00+09:00,94851,95059,94702,94994
2026-01-17T03:00:00+09:00,95013,95136,94974,94993
2026-01-17T03:15:00+09:00,94989,95165,94951,95139
2026-01-17T03:30:00+09:00,95138,95159,95045,95077
2026-01-17T03:45:00+09:00,95078,95115,94911,94943
2026-01-17T04:00:00+09:00,94943,94963,94800,94921
2026-01-17T04:15:00+09:00,94920,94941,94769,94789
2026-01-17T04:30:00+09:00,94795,94998,94795,94877
2026-01-17T04:45:00+09:00,94884,94977,94875,94952
2026-01-17T05:00:00+09:00,94944,94944,94579,94814
2026-01-17T05:15:00+09:00,94822,95099,94788,95072
2026-01-17T05:30:00+09:00,95072,95222,95036,95200
2026-01-17T05:45:00+09:00,95193,95530,95147,95517
2026-01-17T06:00:00+09:00,95517,95564,95363,95365
2026-01-17T06:15:00+09:00,95372,95417,95307,95374
2026-01-17T06:30:00+09:00,95377,95525,95329,95492
2026-01-17T06:45:00+09:00,95491,95517,95390,95476
2026-01-17T07:00:00+09:00,95480,95541,95221,95328
2026-01-17T07:15:00+09:00,95328,95414,95293,95324
2026-01-17T07:30:00+09:00,95325,95380,95207,95376
2026-01-17T07:45:00+09:00,95373,95479,95277,95467
2026-01-17T08:00:00+09:00,95477,95487,95381,95484
2026-01-17T08:15:00+09:00,95477,95533,95435,95492
2026-01-17T08:30:00+09:00,95492,95527,95412,95417
2026-01-17T08:45:00+09:00,95429,95541,95429,95477
2026-01-17T09:00:00+09:00,95511,95536,95461,95491
2026-01-17T09:15:00+09:00,95484,95525,95422,95425
2026-01-17T09:30:00+09:00,95422,95484,95383,95428
2026-01-17T09:45:00+09:00,95421,95482,95402,95421
2026-01-17T10:00:00+09:00,95426,95491,95385,95410
2026-01-17T10:15:00+09:00,95416,95461,95410,95437
2026-01-17T10:30:00+09:00,95434,95450,95348,95355
2026-01-17T10:45:00+09:00,95364,95392,95341,95352
2026-01-17T11:00:00+09:00,95352,95384,95241,95247
2026-01-17T11:15:00+09:00,95244,95259,95210,95242
2026-01-17T11:30:00+09:00,95235,95313,95149,95253
2026-01-17T11:45:00+09:00,95254,95325,95205,95300
2026-01-17T12:00:00+09:00,95310,95321,95249,95252
2026-01-17T12:15:00+09:00,95267,95278,95235,95277
2026-01-17T12:30:00+09:00,95275,95284,95208,95284
2026-01-17T12:45:00+09:00,95277,95332,95218,95308
2026-01-17T13:00:00+09:00,95309,95315,95254,95272
2026-01-17T13:15:00+09:00,95257,95284,95198,95272
2026-01-17T13:30:00+09:00,95252,95287,95223,95287
2026-01-17T13:45:00+09:00,95275,95308,95240,95252
2026-01-17T14:00:00+09:00,95263,95333,95228,95228
2026-01-17T14:15:00+09:00,95231,95288,95229,95269
2026-01-17T14:30:00+09:00,95264,95271,95234,95261
2026-01-17T14:45:00+09:00,95261,95268,95229,95263
2026-01-17T15:00:00+09:00,95263,95263,95140,95190
2026-01-17T15:15:00+09:00,95185,95190,95143,95168
2026-01-17T15:30:00+09:00,95166,95293,95166,95216
2026-01-17T15:45:00+09:00,95207,95214,95164,95180
2026-01-17T16:00:00+09:00,95171,95174,95032,95067
2026-01-17T16:15:00+09:00,95057,95141,95054,95125
2026-01-17T16:30:00+09:00,95125,95134,95082,95086
2026-01-17T16:45:00+09:00,95082,95084,94996,95036
2026-01-17T17:00:00+09:00,95037,95138,94952,95104
2026-01-17T17:15:00+09:00,95109,95177,95104,95151
2026-01-17T17:30:00+09:00,95150,95198,95144,95151
2026-01-17T17:45:00+09:00,95157,95208,95157,95197
2026-01-17T18:00:00+09:00,95203,95205,95147,95149
2026-01-17T18:15:00+09:00,95147,95177,95111,95173
2026-01-17T18:30:00+09:00,95169,95220,95138,95206
2026-01-17T18:45:00+09:00,95204,95237,95197,95201
2026-01-17T19:00:00+09:00,95212,95212,95160,95197
2026-01-17T19:15:00+09:00,95201,95237,95168,95174
2026-01-17T19:30:00+09:00,95183,95183,95092,95092
2026-01-17T19:45:00+09:00,95099,95099,95041,95044
2026-01-17T20:00:00+09:00,95043,95073,94993,95073
2026-01-17T20:15:00+09:00,95072,95244,95072,95239
2026-01-17T20:30:00+09:00,95242,95264,95194,95257
2026-01-17T20:45:00+09:00,95261,95267,95228,95266
2026-01-17T21:00:00+09:00,95258,95300,95223,95296
2026-01-17T21:15:00+09:00,95293,95346,95177,95213
2026-01-17T21:30:00+09:00,95215,95233,95184,95225
2026-01-17T21:45:00+09:00,95216,95216,95184,95211
2026-01-17T22:00:00+09:00,95210,95225,95141,95190
2026-01-17T22:15:00+09:00,95190,95329,95173,95313
2026-01-17T22:30:00+09:00,95308,95392,95273,95380
2026-01-17T22:45:00+09:00,95379,95420,95352,95397
2026-01-17T23:00:00+09:00,95391,95394,95306,95394
2026-01-17T23:15:00+09:00,95394,95471,95337,95421
2026-01-17T23:30:00+09:00,95420,95505,95394,95422
2026-01-17T23:45:00+09:00,95404,95445,95358,95426
2026-01-18T00:00:00+09:00,95417,95714,95401,95468
2026-01-18T00:15:00+09:00,95471,95526,95386,95471
2026-01-18T00:30:00+09:00,95456,95554,95456,95530
2026-01-18T00:45:00+09:00,95535,95557,95383,95520
2026-01-18T01:00:00+09:00,95532,95532,95433,95466
2026-01-18T01:15:00+09:00,95460,95483,95238,95436
2026-01-18T01:30:00+09:00,95435,95435,95258,95343
2026-01-18T01:45:00+09:00,95338,95349,95173,95271
2026-01-18T02:00:00+09:00,95269,95366,95246,95334
2026-01-18T02:15:00+09:00,95334,95395,95310,95385
2026-01-18T02:30:00+09:00,95377,95414,95358,95403
2026-01-18T02:45:00+09:00,95403,95403,95276,95341
2026-01-18T03:00:00+09:00,95341,95409,95313,95392
2026-01-18T03:15:00+09:00,95401,95435,95396,95426
2026-01-18T03:30:00+09:00,95431,95435,95398,95413
2026-01-18T03:45:00+09:00,95415,95415,95371,95391
2026-01-18T04:00:00+09:00,95391,95391,95352,95355
2026-01-18T04:15:00+09:00,95354,95355,95300,95306
2026-01-18T04:30:00+09:00,95304,95339,95251,95251
2026-01-18T04:45:00+09:00,95253,95271,95237,95255
2026-01-18T05:00:00+09:00,95255,95271,95238,95248
2026-01-18T05:15:00+09:00,95242,95341,95240,95295
2026-01-18T05:30:00+09:00,95295,95295,95256,95287
2026-01-18T05:45:00+09:00,95293,95361,95293,95348
2026-01-18T06:00:00+09:00,95351,95358,95306,95306
2026-01-18T06:15:00+09:00,95307,95383,95307,95329
2026-01-18T06:30:00+09:00,95327,95327,95244,95252
2026-01-18T06:45:00+09:00,95251,95279,95242,95278
2026-01-18T07:00:00+09:00,95275,95275,95119,95148
2026-01-18T07:15:00+09:00,95163,95213,95120,95143
2026-01-18T07:30:00+09:00,95142,95142,95015,95090
2026-01-18T07:45:00+09:00,95094,95198,94995,95120
2026-01-18T08:00:00+09:00,95120,95178,95097,95147
2026-01-18T08:15:00+09:00,95138,95154,95083,95090
2026-01-18T08:30:00+09:00,95092,95136,95070,95121
2026-01-18T08:45:00+09:00,95121,95123,95080,95111
2026-01-18T09:00:00+09:00,95092,95189,95047,95140
2026-01-18T09:15:00+09:00,95144,95207,95140,95157
2026-01-18T09:30:00+09:00,95159,95197,95085,95096
2026-01-18T09:45:00+09:00,95093,95096,95018,95074
2026-01-18T10:00:00+09:00,95072,95072,94783,94911
2026-01-18T10:15:00+09:00,94908,94999,94860,94999
2026-01-18T10:30:00+09:00,95001,95042,94928,94942
2026-01-18T10:45:00+09:00,94940,94979,94846,94934
2026-01-18T11:00:00+09:00,94937,95009,94937,94984
2026-01-18T11:15:00+09:00,94987,95045,94976,94976
2026-01-18T11:30:00+09:00,94975,94977,94845,94935
2026-01-18T11:45:00+09:00,94927,95007,94924,95002
2026-01-18T12:00:00+09:00,95002,95039,94986,95026
2026-01-18T12:15:00+09:00,95030,95108,95000,95097
2026-01-18T12:30:00+09:00,95098,95184,95097,95143
2026-01-18T12:45:00+09:00,95140,95185,95120,95164
2026-01-18T13:00:00+09:00,95165,95167,95083,95128
2026-01-18T13:15:00+09:00,95120,95128,95076,95092
2026-01-18T13:30:00+09:00,95095,95113,95046,95086
2026-01-18T13:45:00+09:00,95076,95087,95057,95068
2026-01-18T14:00:00+09:00,95068,95081,95028,95081
2026-01-18T14:15:00+09:00,95073,95117,95040,95106
2026-01-18T14:30:00+09:00,95104,95154,95031,95154
2026-01-18T14:45:00+09:00,95158,95233,95120,95155
2026-01-18T15:00:00+09:00,95151,95168,95124,95148
2026-01-18T15:15:00+09:00,95139,95160,95106,95159
2026-01-18T15:30:00+09:00,95154,95182,95117,95160
2026-01-18T15:45:00+09:00,95160,95160,95110,95147
2026-01-18T16:00:00+09:00,95146,95163,95041,95041
2026-01-18T16:15:00+09:00,95048,95084,95024,95076
2026-01-18T16:30:00+09:00,95080,95080,94990,95000
2026-01-18T16:45:00+09:00,94997,95044,94991,94994
2026-01-18T17:00:00+09:00,94995,95031,94978,95019
2026-01-18T17:15:00+09:00,95009,95076,95000,95074
2026-01-18T17:30:00+09:00,95072,95169,95069,95127
2026-01-18T17:45:00+09:00,95130,95164,95114,95147
2026-01-18T18:00:00+09:00,95147,95160,95116,95153
2026-01-18T18:15:00+09:00,95152,95203,95149,95151
2026-01-18T18:30:00+09:00,95159,95239,95157,95197
2026-01-18T18:45:00+09:00,95195,95253,95193,95224
2026-01-18T19:00:00+09:00,95231,95260,95043,95109
2026-01-18T19:15:00+09:00,95104,95127,95083,95108
2026-01-18T19:30:00+09:00,95111,95154,95088,95154
2026-01-18T19:45:00+09:00,95143,95158,95120,95136
2026-01-18T20:00:00+09:00,95135,95135,95067,95090
2026-01-18T20:15:00+09:00,95101,95107,95068,95068
2026-01-18T20:30:00+09:00,95067,95133,95023,95095
2026-01-18T20:45:00+09:00,95089,95147,95084,95112
2026-01-18T21:00:00+09:00,95113,95134,95060,95060
2026-01-18T21:15:00+09:00,95070,95122,95058,95115
2026-01-18T21:30:00+09:00,95113,95148,95089,95130
2026-01-18T21:45:00+09:00,95127,95137,95050,95078
2026-01-18T22:00:00+09:00,95080,95096,94979,95023
2026-01-18T22:15:00+09:00,95027,95034,94878,94947
2026-01-18T22:30:00+09:00,94938,95164,94900,95133
2026-01-18T22:45:00+09:00,95157,95189,95121,95130
2026-01-18T23:00:00+09:00,95134,95221,95113,95212
2026-01-18T23:15:00+09:00,95212,95344,95114,95174
2026-01-18T23:30:00+09:00,95163,95259,95117,95124
2026-01-18T23:45:00+09:00,95118,95128,94914,94948
2026-01-19T00:00:00+09:00,94938,95021,94903,95000
2026-01-19T00:15:00+09:00,95007,95061,94978,95052
2026-01-19T00:30:00+09:00,95048,95112,95020,95035
2026-01-19T00:45:00+09:00,95036,95115,95029,95099
2026-01-19T01:00:00+09:00,95090,95180,95058,95138
2026-01-19T01:15:00+09:00,95141,95168,95062,95080
2026-01-19T01:30:00+09:00,95087,95174,95064,95161
2026-01-19T01:45:00+09:00,95168,95180,95105,95158
2026-01-19T02:00:00+09:00,95158,95225,95134,95140
2026-01-19T02:15:00+09:00,95142,95269,95142,95240
2026-01-19T02:30:00+09:00,95255,95280,95163,95182
2026-01-19T02:45:00+09:00,95179,95270,95179,95259
2026-01-19T03:00:00+09:00,95268,95268,95164,95224
2026-01-19T03:15:00+09:00,95219,95391,95148,95362
2026-01-19T03:30:00+09:00,95368,95426,95297,95328
2026-01-19T03:45:00+09:00,95335,95515,95327,95447
2026-01-19T04:00:00+09:00,95448,95513,95413,95413
2026-01-19T04:15:00+09:00,95411,95478,95353,95426
2026-01-19T04:30:00+09:00,95426,95495,95389,95395
2026-01-19T04:45:00+09:00,95389,95392,95306,95367
2026-01-19T05:00:00+09:00,95356,95381,95274,95287
2026-01-19T05:15:00+09:00,95293,95434,95293,95433
2026-01-19T05:30:00+09:00,95429,95433,95270,95322
2026-01-19T05:45:00+09:00,95329,95353,95282,95289
2026-01-19T06:00:00+09:00,95290,95356,95263,95333
2026-01-19T06:15:00+09:00,95329,95332,95280,95285
2026-01-19T06:30:00+09:00,95290,95386,95285,95386
2026-01-19T06:45:00+09:00,95385,95432,95357,95414
2026-01-19T07:00:00+09:00,95414,95524,95390,95491
2026-01-19T07:15:00+09:00,95491,95503,95433,95445
2026-01-19T07:30:00+09:00,95448,95493,95403,95468
2026-01-19T07:45:00+09:00,95472,95517,95429,95474
2026-01-19T08:00:00+09:00,95471,95488,94940,95049
2026-01-19T08:15:00+09:00,95054,95170,94550,94566
2026-01-19T08:30:00+09:00,94565,94795,94418,94462
2026-01-19T08:45:00+09:00,94459,94459,93592,93651
2026-01-19T09:00:00+09:00,93641,93662,91900,92449
2026-01-19T09:15:00+09:00,92416,92826,92150,92635
2026-01-19T09:30:00+09:00,92622,93042,92276,92958
2026-01-19T09:45:00+09:00,92957,92957,92690,92699
2026-01-19T10:00:00+09:00,92692,92860,92487,92748
2026-01-19T10:15:00+09:00,92748,92870,92550,92551
2026-01-19T10:30:00+09:00,92556,92796,92506,92516
2026-01-19T10:45:00+09:00,92513,92597,92241,92593
2026-01-19T11:00:00+09:00,92579,92616,92390,92421
2026-01-19T11:15:00+09:00,92408,92677,92386,92493
2026-01-19T11:30:00+09:00,92486,92612,92447,92560
2026-01-19T11:45:00+09:00,92562,92618,92490,92566
2026-01-19T12:00:00+09:00,92566,92747,92554,92743
2026-01-19T12:15:00+09:00,92747,92795,92500,92559
2026-01-19T12:30:00+09:00,92562,92662,92512,92639
2026-01-19T12:45:00+09:00,92630,92717,92620,92708
2026-01-19T13:00:00+09:00,92689,92746,92593,92615
2026-01-19T13:15:00+09:00,92607,92710,92496,92689
2026-01-19T13:30:00+09:00,92684,92761,92571,92686
2026-01-19T13:45:00+09:00,92693,92770,92667,92685
2026-01-19T14:00:00+09:00,92678,92775,92653,92658
2026-01-19T14:15:00+09:00,92660,92671,92570,92665
2026-01-19T14:30:00+09:00,92658,92813,92588,92607
2026-01-19T14:45:00+09:00,92620,92663,92500,92514
2026-01-19T15:00:00+09:00,92531,92594,92423,92534
2026-01-19T15:15:00+09:00,92530,92608,92384,92528
2026-01-19T15:30:00+09:00,92527,92608,92466,92545
2026-01-19T15:45:00+09:00,92552,92638,92539,92593
2026-01-19T16:00:00+09:00,92601,92653,92558,92628
2026-01-19T16:15:00+09:00,92636,92668,92598,92617
2026-01-19T16:30:00+09:00,92618,92713,92581,92712
2026-01-19T16:45:00+09:00,92709,92859,92654,92827
2026-01-19T17:00:00+09:00,92833,92834,92691,92749
2026-01-19T17:15:00+09:00,92747,93200,92734,92947
2026-01-19T17:30:00+09:00,92941,93161,92875,93125
2026-01-19T17:45:00+09:00,93120,93363,93120,93235
2026-01-19T18:00:00+09:00,93243,93255,92978,93024
2026-01-19T18:15:00+09:00,93033,93125,92929,93033
2026-01-19T18:30:00+09:00,93062,93069,92922,92950
2026-01-19T18:45:00+09:00,92964,93073,92955,93042
2026-01-19T19:00:00+09:00,93035,93035,92869,92950
2026-01-19T19:15:00+09:00,92959,93066,92959,92990
2026-01-19T19:30:00+09:00,92980,93024,92919,92995
2026-01-19T19:45:00+09:00,93010,93060,92969,93056
2026-01-19T20:00:00+09:00,93061,93069,92958,92983
2026-01-19T20:15:00+09:00,93003,93153,92986,93112
2026-01-19T20:30:00+09:00,93116,93265,93091,93219
2026-01-19T20:45:00+09:00,93228,93298,93154,93182
2026-01-19T21:00:00+09:00,93181,93181,93019,93038
2026-01-19T21:15:00+09:00,93039,93133,92978,93014
2026-01-19T21:30:00+09:00,93026,93214,93026,93136
2026-01-19T21:45:00+09:00,93135,93176,93008,93066
2026-01-19T22:00:00+09:00,93064,93066,92940,92965
2026-01-19T22:15:00+09:00,92963,93004,92790,92935
2026-01-19T22:30:00+09:00,92945,93144,92937,93070
2026-01-19T22:45:00+09:00,93070,93121,92987,93015
2026-01-19T23:00:00+09:00,93020,93028,92780,92867
2026-01-19T23:15:00+09:00,92856,92974,92799,92857
2026-01-19T23:30:00+09:00,92856,92973,92695,92794
2026-01-19T23:45:00+09:00,92786,92902,92737,92805
2026-01-20T00:00:00+09:00,92816,93029,92800,93029
2026-01-20T00:15:00+09:00,93030,93052,92875,92926
2026-01-20T00:30:00+09:00,92925,93051,92905,92976
2026-01-20T00:45:00+09:00,92977,93084,92965,93051
2026-01-20T01:00:00+09:00,93053,93141,93012,93033
2026-01-20T01:15:00+09:00,93030,93167,92970,93150
2026-01-20T01:30:00+09:00,93147,93236,93144,93196
2026-01-20T01:45:00+09:00,93196,93395,93124,93275
2026-01-20T02:00:00+09:00,93280,93363,93123,93322
2026-01-20T02:15:00+09:00,93321,93370,93246,93280
2026-01-20T02:30:00+09:00,93275,93275,93127,93173
2026-01-20T02:45:00+09:00,93165,93233,93135,93199
2026-01-20T03:00:00+09:00,93211,93240,93064,93069
2026-01-20T03:15:00+09:00,93064,93101,92936,92962
2026-01-20T03:30:00+09:00,92962,93109,92897,93083
2026-01-20T03:45:00+09:00,93087,93109,92995,93039
2026-01-20T04:00:00+09:00,93032,93073,92966,93055
2026-01-20T04:15:00+09:00,93060,93126,93017,93045
2026-01-20T04:30:00+09:00,93038,93112,93005,93112
2026-01-20T04:45:00+09:00,93102,93134,93051,93083
2026-01-20T05:00:00+09:00,93086,93199,93086,93141
2026-01-20T05:15:00+09:00,93137,93255,93134,93216
2026-01-20T05:30:00+09:00,93217,93230,93102,93102
2026-01-20T05:45:00+09:00,93111,93131,93069,93123
2026-01-20T06:00:00+09:00,93130,93335,93026,93090
2026-01-20T06:15:00+09:00,93083,93083,92977,93015
2026-01-20T06:30:00+09:00,93022,93058,92975,93023
2026-01-20T06:45:00+09:00,93023,93028,92977,92982
2026-01-20T07:00:00+09:00,92980,93015,92680,92815
2026-01-20T07:15:00+09:00,92822,93032,92822,92952
2026-01-20T07:30:00+09:00,92952,92954,92755,92800
2026-01-20T07:45:00+09:00,92800,92819,92525,92531
2026-01-20T08:00:00+09:00,92541,92714,92177,92415
2026-01-20T08:15:00+09:00,92410,92534,92130,92522
2026-01-20T08:30:00+09:00,92508,92738,92508,92627
2026-01-20T08:45:00+09:00,92627,92724,92567,92596
2026-01-20T09:00:00+09:00,92584,92850,92557,92678
2026-01-20T09:15:00+09:00,92670,92678,92336,92448
2026-01-20T09:30:00+09:00,92433,92727,92432,92688
2026-01-20T09:45:00+09:00,92684,92750,92594,92685
2026-01-20T10:00:00+09:00,92677,92783,92506,92707
2026-01-20T10:15:00+09:00,92698,92857,92639,92843
2026-01-20T10:30:00+09:00,92827,92848,92653,92697
2026-01-20T10:45:00+09:00,92709,92827,92673,92692
2026-01-20T11:00:00+09:00,92711,92711,92421,92456
2026-01-20T11:15:00+09:00,92445,92513,92343,92467
2026-01-20T11:30:00+09:00,92468,92656,92468,92582
2026-01-20T11:45:00+09:00,92600,92680,92489,92543
2026-01-20T12:00:00+09:00,92542,92636,92370,92410
2026-01-20T12:15:00+09:00,92408,92488,92351,92351
2026-01-20T12:30:00+09:00,92347,92405,92236,92384
2026-01-20T12:45:00+09:00,92381,92483,92341,92434
2026-01-20T13:00:00+09:00,92416,92468,92305,92305
2026-01-20T13:15:00+09:00,92296,92306,92184,92291
2026-01-20T13:30:00+09:00,92291,92425,92183,92211
2026-01-20T13:45:00+09:00,92201,92250,92000,92065
2026-01-20T14:00:00+09:00,92058,92058,91338,91406
2026-01-20T14:15:00+09:00,91387,91726,91246,91711
2026-01-20T14:30:00+09:00,91714,91776,91499,91617
2026-01-20T14:45:00+09:00,91596,91795,91595,91602
2026-01-20T15:00:00+09:00,91603,91604,91430,91431
2026-01-20T15:15:00+09:00,91431,91489,90859,91268
2026-01-20T15:30:00+09:00,91261,91279,90810,91108
2026-01-20T15:45:00+09:00,91108,91132,90781,90936
2026-01-20T16:00:00+09:00,90933,91151,90866,91034
2026-01-20T16:15:00+09:00,91033,91086,90930,91053
2026-01-20T16:30:00+09:00,91042,91220,90988,91179
2026-01-20T16:45:00+09:00,91165,91296,91134,91173
2026-01-20T17:00:00+09:00,91163,91167,90804,90993
2026-01-20T17:15:00+09:00,90981,91241,90884,91186
2026-01-20T17:30:00+09:00,91185,91185,90683,90836
2026-01-20T17:45:00+09:00,90830,91111,90773,91101
2026-01-20T18:00:00+09:00,91077,91093,90966,91046
2026-01-20T18:15:00+09:00,91045,91072,90911,91041
2026-01-20T18:30:00+09:00,91041,91053,90891,90999
2026-01-20T18:45:00+09:00,91035,91067,90937,91024
2026-01-20T19:00:00+09:00,91018,91169,90982,91159
2026-01-20T19:15:00+09:00,91160,91287,91151,91287
2026-01-20T19:30:00+09:00,91291,91299,91140,91237
2026-01-20T19:45:00+09:00,91232,91293,91210,91252
2026-01-20T20:00:00+09:00,91263,91446,91263,91353
2026-01-20T20:15:00+09:00,91364,91442,91323,91400
2026-01-20T20:30:00+09:00,91399,91399,91256,91333
2026-01-20T20:45:00+09:00,91339,91350,91206,91221
2026-01-20T21:00:00+09:00,91229,91318,91180,91293
2026-01-20T21:15:00+09:00,91276,91302,91051,91146
2026-01-20T21:30:00+09:00,91148,91229,91145,91162
2026-01-20T21:45:00+09:00,91180,91288,91153,91278
2026-01-20T22:00:00+09:00,91277,91299,90872,90915
2026-01-20T22:15:00+09:00,90903,91051,90869,90869
2026-01-20T22:30:00+09:00,90882,91140,90773,91010
2026-01-20T22:45:00+09:00,91005,91051,90909,90953
2026-01-20T23:00:00+09:00,90953,91139,90953,91089
2026-01-20T23:15:00+09:00,91081,91081,90712,90998
2026-01-20T23:30:00+09:00,90957,91361,90669,91045
2026-01-20T23:45:00+09:00,91050,91050,90262,90481
2026-01-21T00:00:00+09:00,90479,90585,89841,90295
2026-01-21T00:15:00+09:00,90282,90718,90022,90620
2026-01-21T00:30:00+09:00,90613,90789,90520,90534
2026-01-21T00:45:00+09:00,90529,90700,90349,90700
2026-01-21T01:00:00+09:00,90673,90863,90515,90768
2026-01-21T01:15:00+09:00,90754,90987,90559,90620
2026-01-21T01:30:00+09:00,90609,90667,90088,90135
2026-01-21T01:45:00+09:00,90139,90258,90027,90163
2026-01-21T02:00:00+09:00,90152,90496,90049,90468
2026-01-21T02:15:00+09:00,90446,90507,90178,90187
2026-01-21T02:30:00+09:00,90187,90187,89641,89666
2026-01-21T02:45:00+09:00,89670,89814,89405,89765
2026-01-21T03:00:00+09:00,89769,89897,89696,89893
2026-01-21T03:15:00+09:00,89899,89937,89623,89730
2026-01-21T03:30:00+09:00,89735,89738,89434,89501
2026-01-21T03:45:00+09:00,89495,89613,89385,89473
2026-01-21T04:00:00+09:00,89472,89782,89430,89557
2026-01-21T04:15:00+09:00,89556,89680,89364,89459
2026-01-21T04:30:00+09:00,89460,89525,89254,89429
2026-01-21T04:45:00+09:00,89409,89757,89339,89709
2026-01-21T05:00:00+09:00,89692,89692,89365,89365
2026-01-21T05:15:00+09:00,89381,89839,89381,89754
2026-01-21T05:30:00+09:00,89748,89777,89581,89635
2026-01-21T05:45:00+09:00,89637,89825,89499,89705
2026-01-21T06:00:00+09:00,89720,89824,89601,89780
2026-01-21T06:15:00+09:00,89773,89795,89564,89596
2026-01-21T06:30:00+09:00,89588,89608,89402,89520
2026-01-21T06:45:00+09:00,89520,89569,89396,89443
2026-01-21T07:00:00+09:00,89444,89731,89415,89612
2026-01-21T07:15:00+09:00,89619,89640,89448,89496
2026-01-21T07:30:00+09:00,89509,89511,87783,88555
2026-01-21T07:45:00+09:00,88577,88672,88191,88472
2026-01-21T08:00:00+09:00,88454,88454,88072,88180
2026-01-21T08:15:00+09:00,88173,88262,87879,88107
2026-01-21T08:30:00+09:00,88139,88500,88139,88459
2026-01-21T08:45:00+09:00,88459,88500,88331,88431
2026-01-21T09:00:00+09:00,88407,88598,88371,88410
2026-01-21T09:15:00+09:00,88417,88605,88238,88561
2026-01-21T09:30:00+09:00,88550,88930,88496,88858
2026-01-21T09:45:00+09:00,88834,88977,88816,88924
2026-01-21T10:00:00+09:00,88919,89098,88821,89070
2026-01-21T10:15:00+09:00,89086,89116,88906,89047
2026-01-21T10:30:00+09:00,89053,89120,88969,89031
2026-01-21T10:45:00+09:00,89034,89170,88971,89021
2026-01-21T11:00:00+09:00,89030,89354,89030,89278
2026-01-21T11:15:00+09:00,89288,89322,89093,89117
2026-01-21T11:30:00+09:00,89129,89187,88996,89105
2026-01-21T11:45:00+09:00,89094,89198,89056,89079
2026-01-21T12:00:00+09:00,89089,89277,89057,89250
2026-01-21T12:15:00+09:00,89241,89327,89186,89319
2026-01-21T12:30:00+09:00,89303,89627,89269,89573
2026-01-21T12:45:00+09:00,89560,89560,89432,89477
2026-01-21T13:00:00+09:00,89478,89538,89405,89405
2026-01-21T13:15:00+09:00,89408,89564,89389,89563
2026-01-21T13:30:00+09:00,89563,89643,89442,89643
2026-01-21T13:45:00+09:00,89626,89691,89503,89503
2026-01-21T14:00:00+09:00,89506,89658,89495,89638
2026-01-21T14:15:00+09:00,89647,89692,89573,89666
2026-01-21T14:30:00+09:00,89666,89992,89656,89980
2026-01-21T14:45:00+09:00,89979,90170,89956,90013
2026-01-21T15:00:00+09:00,89999,89999,89848,89943
2026-01-21T15:15:00+09:00,89942,90000,89855,89940
2026-01-21T15:30:00+09:00,89940,89941,89614,89646
2026-01-21T15:45:00+09:00,89647,89697,89525,89697
2026-01-21T16:00:00+09:00,89691,89814,89534,89568
2026-01-21T16:15:00+09:00,89570,89731,89565,89677
2026-01-21T16:30:00+09:00,89670,89672,89221,89278
2026-01-21T16:45:00+09:00,89261,89314,89130,89260
2026-01-21T17:00:00+09:00,89255,89369,89197,89208
2026-01-21T17:15:00+09:00,89221,89442,89221,89294
2026-01-21T17:30:00+09:00,89296,89365,89032,89065
2026-01-21T17:45:00+09:00,89090,89289,89084,89248
2026-01-21T18:00:00+09:00,89237,89369,89214,89351
2026-01-21T18:15:00+09:00,89350,89517,89350,89477
2026-01-21T18:30:00+09:00,89462,89557,89389,89460
2026-01-21T18:45:00+09:00,89460,89490,89131,89168
2026-01-21T19:00:00+09:00,89176,89426,89114,89352
2026-01-21T19:15:00+09:00,89358,89453,89333,89399
2026-01-21T19:30:00+09:00,89377,89445,89292,89355
2026-01-21T19:45:00+09:00,89365,89390,89287,89303
2026-01-21T20:00:00+09:00,89294,89370,89210,89347
2026-01-21T20:15:00+09:00,89342,89463,89325,89390
2026-01-21T20:30:00+09:00,89375,89416,89287,89341
2026-01-21T20:45:00+09:00,89355,89378,88757,88866
2026-01-21T21:00:00+09:00,88854,88931,88251,88444
2026-01-21T21:15:00+09:00,88459,88551,88259,88411
2026-01-21T21:30:00+09:00,88397,88745,88334,88677
2026-01-21T21:45:00+09:00,88687,88846,88588,88813
2026-01-21T22:00:00+09:00,88788,89082,88728,89023
2026-01-21T22:15:00+09:00,88991,89039,88810,88891
2026-01-21T22:30:00+09:00,88865,89075,88700,88730
2026-01-21T22:45:00+09:00,88743,88936,88584,88708
2026-01-21T23:00:00+09:00,88694,89730,88632,89604
2026-01-21T23:15:00+09:00,89614,89741,89380,89624
2026-01-21T23:30:00+09:00,89624,90000,89500,89702
2026-01-21T23:45:00+09:00,89685,89970,89387,89840
2026-01-22T00:00:00+09:00,89825,90377,89781,90348
2026-01-22T00:15:00+09:00,90380,90601,90000,90053
2026-01-22T00:30:00+09:00,90037,90252,89889,90154
2026-01-22T00:45:00+09:00,90148,90410,90014,90320
2026-01-22T01:00:00+09:00,90321,90384,89762,89762
2026-01-22T01:15:00+09:00,89785,89848,89301,89632
2026-01-22T01:30:00+09:00,89591,89615,88166,88201
2026-01-22T01:45:00+09:00,88195,88725,87619,87635
2026-01-22T02:00:00+09:00,87665,88148,87307,87354
2026-01-22T02:15:00+09:00,87381,87911,87298,87826
2026-01-22T02:30:00+09:00,87801,88193,87532,87947
2026-01-22T02:45:00+09:00,87935,88095,87870,87970
2026-01-22T03:00:00+09:00,87960,88109,87609,87924
2026-01-22T03:15:00+09:00,87955,88059,87854,88019
2026-01-22T03:30:00+09:00,88030,88236,87936,88131
2026-01-22T03:45:00+09:00,88132,88670,88120,88469
2026-01-22T04:00:00+09:00,88471,88630,88262,88386
2026-01-22T04:15:00+09:00,88401,89708,88347,89643
2026-01-22T04:30:00+09:00,89633,90180,89513,90023
2026-01-22T04:45:00+09:00,90008,90589,89903,90363
2026-01-22T05:00:00+09:00,90336,90385,89728,89922
2026-01-22T05:15:00+09:00,89893,89895,89467,89776
2026-01-22T05:30:00+09:00,89779,90032,89612,89914
2026-01-22T05:45:00+09:00,89897,90239,89897,90217
2026-01-22T06:00:00+09:00,90210,90227,89958,90135
2026-01-22T06:15:00+09:00,90110,90345,90058,90080
2026-01-22T06:30:00+09:00,90083,90267,90081,90265
2026-01-22T06:45:00+09:00,90260,90293,90159,90247
2026-01-22T07:00:00+09:00,90246,90399,90212,90252
2026-01-22T07:15:00+09:00,90212,90247,89954,89999
2026-01-22T07:30:00+09:00,89999,90118,89914,89970
2026-01-22T07:45:00+09:00,89957,90027,89774,89794
2026-01-22T08:00:00+09:00,89788,90230,89738,90229
2026-01-22T08:15:00+09:00,90197,90197,89897,90048
2026-01-22T08:30:00+09:00,90029,90033,89558,89558
2026-01-22T08:45:00+09:00,89564,89626,89379,89496
2026-01-22T09:00:00+09:00,89472,89780,89472,89728
2026-01-22T09:15:00+09:00,89714,89932,89634,89864
2026-01-22T09:30:00+09:00,89875,90031,89858,89972
2026-01-22T09:45:00+09:00,89949,90061,89897,89947
2026-01-22T10:00:00+09:00,89924,90144,89851,90031
2026-01-22T10:15:00+09:00,90039,90229,90035,90153
2026-01-22T10:30:00+09:00,90145,90217,89932,90020
2026-01-22T10:45:00+09:00,90007,90204,89978,90131
2026-01-22T11:00:00+09:00,90125,90223,90052,90207
2026-01-22T11:15:00+09:00,90190,90395,90179,90305
2026-01-22T11:30:00+09:00,90297,90311,90074,90141
2026-01-22T11:45:00+09:00,90141,90144,89872,89980
2026-01-22T12:00:00+09:00,89984,90197,89984,90152
2026-01-22T12:15:00+09:00,90128,90128,89876,89970
2026-01-22T12:30:00+09:00,89963,89963,89731,89866
2026-01-22T12:45:00+09:00,89866,89954,89855,89928
2026-01-22T13:00:00+09:00,89927,90040,89875,89911
2026-01-22T13:15:00+09:00,89923,90033,89861,90014
2026-01-22T13:30:00+09:00,90014,90062,89932,90025
2026-01-22T13:45:00+09:00,90023,90117,90015,90019
2026-01-22T14:00:00+09:00,90052,90107,90013,90083
2026-01-22T14:15:00+09:00,90084,90095,89997,90006
2026-01-22T14:30:00+09:00,90014,90077,89957,90049
2026-01-22T14:45:00+09:00,90039,90079,89965,90040
2026-01-22T15:00:00+09:00,90060,90171,89933,90065
2026-01-22T15:15:00+09:00,90078,90128,90013,90033
2026-01-22T15:30:00+09:00,90041,90228,90041,90176
2026-01-22T15:45:00+09:00,90194,90250,90176,90198
2026-01-22T16:00:00+09:00,90217,90244,90065,90106
2026-01-22T16:15:00+09:00,90095,90125,89952,89989
2026-01-22T16:30:00+09:00,89982,90027,89925,89969
2026-01-22T16:45:00+09:00,89961,89990,89823,89857
2026-01-22T17:00:00+09:00,89860,90003,89800,89810
2026-01-22T17:15:00+09:00,89843,89981,89803,89913
2026-01-22T17:30:00+09:00,89909,89932,89820,89851
2026-01-22T17:45:00+09:00,89844,90015,89821,89945
2026-01-22T18:00:00+09:00,89945,90098,89915,90066
2026-01-22T18:15:00+09:00,90093,90110,89977,90014
2026-01-22T18:30:00+09:00,90018,90140,89959,90119
2026-01-22T18:45:00+09:00,90119,90126,90026,90039
2026-01-22T19:00:00+09:00,90042,90075,89956,90043
2026-01-22T19:15:00+09:00,90039,90115,89987,90045
2026-01-22T19:30:00+09:00,90046,90081,90019,90054
2026-01-22T19:45:00+09:00,90048,90111,90033,90080
2026-01-22T20:00:00+09:00,90080,90160,89938,89986
2026-01-22T20:15:00+09:00,89970,90033,89904,89954
2026-01-22T20:30:00+09:00,89955,90035,89898,89985
2026-01-22T20:45:00+09:00,89974,90090,89907,89940
2026-01-22T21:00:00+09:00,89941,90057,89877,90009
2026-01-22T21:15:00+09:00,90009,90050,89985,90027
2026-01-22T21:30:00+09:00,90031,90096,89977,90033
2026-01-22T21:45:00+09:00,90015,90047,89974,90016
2026-01-22T22:00:00+09:00,90010,90050,89987,90045
2026-01-22T22:15:00+09:00,90048,90189,90044,90189
2026-01-22T22:30:00+09:00,90174,90336,89500,89614
2026-01-22T22:45:00+09:00,89621,89723,89500,89627
2026-01-22T23:00:00+09:00,89604,89714,89420,89714
2026-01-22T23:15:00+09:00,89688,89713,89315,89561
2026-01-22T23:30:00+09:00,89581,89759,89151,89503
2026-01-22T23:45:00+09:00,89504,89525,89064,89090
2026-01-23T00:00:00+09:00,89067,89375,89003,89256
2026-01-23T00:15:00+09:00,89265,89362,88623,88668
2026-01-23T00:30:00+09:00,88679,89187,88525,89160
2026-01-23T00:45:00+09:00,89121,89472,88945,89014
2026-01-23T01:00:00+09:00,89018,89209,88773,88846
2026-01-23T01:15:00+09:00,88844,89215,88688,88997
2026-01-23T01:30:00+09:00,89005,89150,88788,88982
2026-01-23T01:45:00+09:00,88999,89278,88915,89068
2026-01-23T02:00:00+09:00,89078,89458,89034,89229
2026-01-23T02:15:00+09:00,89240,89459,89061,89165
2026-01-23T02:30:00+09:00,89174,89310,89081,89246
2026-01-23T02:45:00+09:00,89246,89609,89246,89536
2026-01-23T03:00:00+09:00,89540,89610,89378,89481
2026-01-23T03:15:00+09:00,89499,89808,89481,89630
2026-01-23T03:30:00+09:00,89628,89774,89592,89673
2026-01-23T03:45:00+09:00,89684,89728,89313,89351
2026-01-23T04:00:00+09:00,89354,89504,89135,89413
2026-01-23T04:15:00+09:00,89415,89602,89327,89534
2026-01-23T04:30:00+09:00,89534,89904,89507,89884
2026-01-23T04:45:00+09:00,89863,89945,89648,89785
2026-01-23T05:00:00+09:00,89782,89950,89712,89950
2026-01-23T05:15:00+09:00,89931,89970,89574,89574
2026-01-23T05:30:00+09:00,89572,89741,89474,89520
2026-01-23T05:45:00+09:00,89526,89570,89418,89418
2026-01-23T06:00:00+09:00,89438,89642,89388,89555
2026-01-23T06:15:00+09:00,89559,89689,89559,89591
2026-01-23T06:30:00+09:00,89591,89623,89398,89398
2026-01-23T06:45:00+09:00,89391,89410,89255,89277
2026-01-23T07:00:00+09:00,89275,89582,89148,89511
2026-01-23T07:15:00+09:00,89512,89545,89366,89425
2026-01-23T07:30:00+09:00,89424,89443,89181,89272
2026-01-23T07:45:00+09:00,89297,89398,89274,89369
2026-01-23T08:00:00+09:00,89359,89410,89170,89319
2026-01-23T08:15:00+09:00,89319,89540,89301,89453
2026-01-23T08:30:00+09:00,89444,89609,89417,89530
2026-01-23T08:45:00+09:00,89526,89590,89523,89580
2026-01-23T09:00:00+09:00,89574,89602,89460,89560
2026-01-23T09:15:00+09:00,89553,89674,89544,89624
2026-01-23T09:30:00+09:00,89624,89644,89526,89575
2026-01-23T09:45:00+09:00,89562,89640,89528,89544
2026-01-23T10:00:00+09:00,89537,89705,89537,89613
2026-01-23T10:15:00+09:00,89639,89713,89628,89703
2026-01-23T10:30:00+09:00,89709,89877,89648,89839
2026-01-23T10:45:00+09:00,89843,89957,89781,89944
2026-01-23T11:00:00+09:00,89937,89985,89807,89956
2026-01-23T11:15:00+09:00,89962,89962,89746,89778
2026-01-23T11:30:00+09:00,89772,89859,89769,89804
2026-01-23T11:45:00+09:00,89815,89832,89659,89661
2026-01-23T12:00:00+09:00,89656,89844,89647,89833
2026-01-23T12:15:00+09:00,89824,89941,89813,89904
2026-01-23T12:30:00+09:00,89917,89946,89818,89920
2026-01-23T12:45:00+09:00,89909,89951,89861,89947
2026-01-23T13:00:00+09:00,89954,90084,89895,90074
2026-01-23T13:15:00+09:00,90053,90089,89948,89976
2026-01-23T13:30:00+09:00,89971,90053,89910,90003
2026-01-23T13:45:00+09:00,89999,90046,89970,89980
2026-01-23T14:00:00+09:00,89965,89979,89870,89903
2026-01-23T14:15:00+09:00,89882,89890,89534,89651
2026-01-23T14:30:00+09:00,89651,89720,89631,89659
2026-01-23T14:45:00+09:00,89653,89692,89500,89622
2026-01-23T15:00:00+09:00,89630,89817,89574,89736
2026-01-23T15:15:00+09:00,89729,89789,89431,89503
2026-01-23T15:30:00+09:00,89488,89699,89485,89670
2026-01-23T15:45:00+09:00,89660,89670,89511,89540
2026-01-23T16:00:00+09:00,89533,89600,89484,89590
2026-01-23T16:15:00+09:00,89586,89705,89558,89653
2026-01-23T16:30:00+09:00,89669,89709,89552,89587
2026-01-23T16:45:00+09:00,89584,89650,89451,89564
2026-01-23T17:00:00+09:00,89553,89648,89498,89584
2026-01-23T17:15:00+09:00,89567,89598,89330,89351
2026-01-23T17:30:00+09:00,89360,89429,89130,89369
2026-01-23T17:45:00+09:00,89379,89457,89192,89219
2026-01-23T18:00:00+09:00,89240,89406,89203,89251
2026-01-23T18:15:00+09:00,89245,89245,89027,89170
2026-01-23T18:30:00+09:00,89188,89200,89000,89022
2026-01-23T18:45:00+09:00,89020,89049,88906,88994
2026-01-23T19:00:00+09:00,89010,89123,88883,89077
2026-01-23T19:15:00+09:00,89092,89159,89014,89140
2026-01-23T19:30:00+09:00,89135,89176,88983,89151
2026-01-23T19:45:00+09:00,89151,89185,89039,89079
2026-01-23T20:00:00+09:00,89079,89270,89016,89268
2026-01-23T20:15:00+09:00,89231,89313,89227,89237
2026-01-23T20:30:00+09:00,89250,89371,89245,89271
2026-01-23T20:45:00+09:00,89276,89310,89175,89220
2026-01-23T21:00:00+09:00,89209,89280,89169,89169
2026-01-23T21:15:00+09:00,89169,89216,89142,89174
2026-01-23T21:30:00+09:00,89174,89272,89113,89272
2026-01-23T21:45:00+09:00,89273,89401,89259,89277
2026-01-23T22:00:00+09:00,89276,89454,89246,89427
2026-01-23T22:15:00+09:00,89425,89457,89279,89279
2026-01-23T22:30:00+09:00,89273,89409,89234,89409
2026-01-23T22:45:00+09:00,89376,89477,89329,89383
2026-01-23T23:00:00+09:00,89365,89500,89271,89500
2026-01-23T23:15:00+09:00,89472,89727,89439,89705
2026-01-23T23:30:00+09:00,89691,89779,88671,88989
2026-01-23T23:45:00+09:00,89002,89162,88713,89036
2026-01-24T00:00:00+09:00,89047,89211,88776,88838
2026-01-24T00:15:00+09:00,88837,89299,88595,89009
2026-01-24T00:30:00+09:00,89000,89331,88932,89283
2026-01-24T00:45:00+09:00,89267,89865,89265,89755
2026-01-24T01:00:00+09:00,89736,90000,89654,89764
2026-01-24T01:15:00+09:00,89729,89777,89518,89578
2026-01-24T01:30:00+09:00,89606,90430,89500,90285
2026-01-24T01:45:00+09:00,90263,90485,90089,90110
2026-01-24T02:00:00+09:00,90105,90189,89955,90189
2026-01-24T02:15:00+09:00,90193,90973,90193,90955
2026-01-24T02:30:00+09:00,90946,91205,90739,90812
2026-01-24T02:45:00+09:00,90820,91050,90547,90573
2026-01-24T03:00:00+09:00,90573,91013,90443,90732
2026-01-24T03:15:00+09:00,90752,90961,90626,90858
2026-01-24T03:30:00+09:00,90861,91018,90681,90731
2026-01-24T03:45:00+09:00,90719,90724,90500,90522
2026-01-24T04:00:00+09:00,90516,90534,90222,90269
2026-01-24T04:15:00+09:00,90268,90279,89745,89880
2026-01-24T04:30:00+09:00,89849,89900,89613,89887
2026-01-24T04:45:00+09:00,89885,90035,89731,89984
2026-01-24T05:00:00+09:00,89993,90163,89853,90130
2026-01-24T05:15:00+09:00,90110,90150,89804,89804
2026-01-24T05:30:00+09:00,89807,89807,89257,89428
2026-01-24T05:45:00+09:00,89419,89586,89224,89518
2026-01-24T06:00:00+09:00,89490,89730,89449,89615
2026-01-24T06:15:00+09:00,89609,89701,89485,89608
2026-01-24T06:30:00+09:00,89605,89643,89420,89465
2026-01-24T06:45:00+09:00,89480,89513,89337,89375
2026-01-24T07:00:00+09:00,89351,89794,89350,89638
2026-01-24T07:15:00+09:00,89646,89768,89597,89719
2026-01-24T07:30:00+09:00,89730,89767,89594,89594
2026-01-24T07:45:00+09:00,89609,89681,89579,89661
2026-01-24T08:00:00+09:00,89644,89644,89540,89622
2026-01-24T08:15:00+09:00,89607,89643,89529,89598
2026-01-24T08:30:00+09:00,89589,89630,89530,89544
2026-01-24T08:45:00+09:00,89539,89662,89499,89618
2026-01-24T09:00:00+09:00,89629,89658,89533,89552
2026-01-24T09:15:00+09:00,89531,89622,89480,89494
2026-01-24T09:30:00+09:00,89477,89600,89475,89515
2026-01-24T09:45:00+09:00,89520,89530,89429,89500
2026-01-24T10:00:00+09:00,89484,89573,89470,89560
2026-01-24T10:15:00+09:00,89558,89640,89526,89605
2026-01-24T10:30:00+09:00,89621,89621,89500,89580
2026-01-24T10:45:00+09:00,89567,89619,89536,89589
2026-01-24T11:00:00+09:00,89591,89707,89591,89655
2026-01-24T11:15:00+09:00,89662,89710,89626,89644
2026-01-24T11:30:00+09:00,89656,89729,89646,89726
2026-01-24T11:45:00+09:00,89720,89753,89678,89730
2026-01-24T12:00:00+09:00,89743,89930,89692,89911
2026-01-24T12:15:00+09:00,89919,89966,89819,89966
2026-01-24T12:30:00+09:00,89954,89954,89815,89859
2026-01-24T12:45:00+09:00,89855,89878,89762,89810
2026-01-24T13:00:00+09:00,89816,89873,89773,89828
2026-01-24T13:15:00+09:00,89836,89858,89730,89750
2026-01-24T13:30:00+09:00,89765,89810,89745,89806
2026-01-24T13:45:00+09:00,89794,89884,89766,89871
2026-01-24T14:00:00+09:00,89863,89873,89799,89861
2026-01-24T14:15:00+09:00,89854,89888,89835,89853
2026-01-24T14:30:00+09:00,89846,89856,89786,89791
2026-01-24T14:45:00+09:00,89800,89827,89772,89827
2026-01-24T15:00:00+09:00,89825,89828,89733,89772
2026-01-24T15:15:00+09:00,89766,89766,89666,89702
2026-01-24T15:30:00+09:00,89692,89715,89659,89696
2026-01-24T15:45:00+09:00,89696,89708,89656,89687
2026-01-24T16:00:00+09:00,89668,89698,89650,89679
2026-01-24T16:15:00+09:00,89679,89690,89574,89622
2026-01-24T16:30:00+09:00,89626,89692,89608,89690
2026-01-24T16:45:00+09:00,89673,89726,89632,89641
2026-01-24T17:00:00+09:00,89642,89675,89590,89632
2026-01-24T17:15:00+09:00,89642,89665,89631,89643
2026-01-24T17:30:00+09:00,89643,89708,89630,89698
2026-01-24T17:45:00+09:00,89694,89727,89663,89698
2026-01-24T18:00:00+09:00,89693,89702,89639,89670
2026-01-24T18:15:00+09:00,89677,89678,89620,89653
2026-01-24T18:30:00+09:00,89659,89665,89597,89654
2026-01-24T18:45:00+09:00,89648,89651,89619,89631
2026-01-24T19:00:00+09:00,89645,89699,89629,89651
2026-01-24T19:15:00+09:00,89647,89663,89631,89635
2026-01-24T19:30:00+09:00,89639,89665,89595,89629
2026-01-24T19:45:00+09:00,89639,89682,89628,89658
2026-01-24T20:00:00+09:00,89661,89665,89636,89651
2026-01-24T20:15:00+09:00,89642,89703,89633,89675
2026-01-24T20:30:00+09:00,89667,89706,89648,89679
2026-01-24T20:45:00+09:00,89680,89699,89613,89613
2026-01-24T21:00:00+09:00,89624,89630,89560,89568
2026-01-24T21:15:00+09:00,89570,89612,89564,89584
2026-01-24T21:30:00+09:00,89575,89623,89510,89585
2026-01-24T21:45:00+09:00,89570,89588,89525,89559
2026-01-24T22:00:00+09:00,89572,89587,89543,89575
2026-01-24T22:15:00+09:00,89574,89574,89540,89555
2026-01-24T22:30:00+09:00,89549,89581,89536,89561
2026-01-24T22:45:00+09:00,89563,89582,89384,89384
2026-01-24T23:00:00+09:00,89393,89528,89189,89493
2026-01-24T23:15:00+09:00,89509,89527,89452,89502
2026-01-24T23:30:00+09:00,89502,89555,89465,89521
2026-01-24T23:45:00+09:00,89519,89534,89448,89474
2026-01-25T00:00:00+09:00,89460,89517,89424,89470
2026-01-25T00:15:00+09:00,89471,89489,89391,89420
2026-01-25T00:30:00+09:00,89414,89450,89340,89353
2026-01-25T00:45:00+09:00,89353,89380,89261,89271
2026-01-25T01:00:00+09:00,89281,89366,89187,89265
2026-01-25T01:15:00+09:00,89252,89274,89154,89274
2026-01-25T01:30:00+09:00,89269,89292,89186,89235
2026-01-25T01:45:00+09:00,89213,89338,89177,89272
2026-01-25T02:00:00+09:00,89272,89391,89259,89370
2026-01-25T02:15:00+09:00,89362,89434,89329,89404
2026-01-25T02:30:00+09:00,89405,89420,89327,89331
2026-01-25T02:45:00+09:00,89326,89415,89308,89400
2026-01-25T03:00:00+09:00,89412,89436,89369,89415
2026-01-25T03:15:00+09:00,89417,89440,89366,89411
2026-01-25T03:30:00+09:00,89412,89470,89382,89390
2026-01-25T03:45:00+09:00,89406,89423,89362,89362
2026-01-25T04:00:00+09:00,89370,89384,89265,89291
2026-01-25T04:15:00+09:00,89286,89296,89232,89259
2026-01-25T04:30:00+09:00,89259,89318,89259,89310
2026-01-25T04:45:00+09:00,89322,89341,89296,89312
2026-01-25T05:00:00+09:00,89317,89380,89317,89369
2026-01-25T05:15:00+09:00,89367,89406,89358,89387
2026-01-25T05:30:00+09:00,89397,89404,89360,89379
2026-01-25T05:45:00+09:00,89379,89397,89370,89377
2026-01-25T06:00:00+09:00,89379,89387,89258,89284
2026-01-25T06:15:00+09:00,89284,89353,89273,89314
2026-01-25T06:30:00+09:00,89313,89382,89295,89373
2026-01-25T06:45:00+09:00,89373,89399,89318,89384
2026-01-25T07:00:00+09:00,89382,89485,89378,89460
2026-01-25T07:15:00+09:00,89459,89470,89363,89367
2026-01-25T07:30:00+09:00,89383,89389,89272,89275
2026-01-25T07:45:00+09:00,89275,89420,89275,89407
2026-01-25T08:00:00+09:00,89408,89454,89268,89325
2026-01-25T08:15:00+09:00,89323,89370,89296,89356
2026-01-25T08:30:00+09:00,89347,89356,89274,89275
2026-01-25T08:45:00+09:00,89275,89316,89182,89182
2026-01-25T09:00:00+09:00,89194,89250,89188,89244
2026-01-25T09:15:00+09:00,89244,89278,89152,89159
2026-01-25T09:30:00+09:00,89159,89250,89152,89240
2026-01-25T09:45:00+09:00,89241,89292,89217,89292
2026-01-25T10:00:00+09:00,89276,89298,89214,89225
2026-01-25T10:15:00+09:00,89219,89242,89153,89169
2026-01-25T10:30:00+09:00,89160,89168,89069,89107
2026-01-25T10:45:00+09:00,89106,89171,89103,89142
2026-01-25T11:00:00+09:00,89133,89268,89124,89223
2026-01-25T11:15:00+09:00,89210,89220,89089,89105
2026-01-25T11:30:00+09:00,89108,89169,89102,89102
2026-01-25T11:45:00+09:00,89111,89151,89099,89117
2026-01-25T12:00:00+09:00,89118,89160,89095,89110
2026-01-25T12:15:00+09:00,89109,89109,88967,89012
2026-01-25T12:30:00+09:00,89007,89007,88821,88895
2026-01-25T12:45:00+09:00,88898,88975,88812,88937
2026-01-25T13:00:00+09:00,88935,89010,88912,88950
2026-01-25T13:15:00+09:00,88960,88981,88910,88946
2026-01-25T13:30:00+09:00,88946,89073,88946,89041
2026-01-25T13:45:00+09:00,89044,89086,88966,88996
2026-01-25T14:00:00+09:00,88978,89039,88948,89035
2026-01-25T14:15:00+09:00,89022,89040,88950,88957
2026-01-25T14:30:00+09:00,88950,88956,88839,88870
2026-01-25T14:45:00+09:00,88871,88990,88871,88973
2026-01-25T15:00:00+09:00,88973,88973,88676,88700
2026-01-25T15:15:00+09:00,88694,88830,88615,88770
2026-01-25T15:30:00+09:00,88780,88883,88679,88846
2026-01-25T15:45:00+09:00,88846,88873,88821,88826
2026-01-25T16:00:00+09:00,88826,88830,88714,88724
2026-01-25T16:15:00+09:00,88735,88799,88730,88781
2026-01-25T16:30:00+09:00,88791,88792,88715,88732
2026-01-25T16:45:00+09:00,88728,88737,88638,88665
2026-01-25T17:00:00+09:00,88666,88773,88619,88732
2026-01-25T17:15:00+09:00,88742,88753,88685,88685
2026-01-25T17:30:00+09:00,88676,88689,88159,88303
2026-01-25T17:45:00+09:00,88292,88341,88124,88298
2026-01-25T18:00:00+09:00,88297,88383,88234,88358
2026-01-25T18:15:00+09:00,88353,88457,88342,88456
2026-01-25T18:30:00+09:00,88441,88485,88342,88476
2026-01-25T18:45:00+09:00,88480,88485,88386,88410
2026-01-25T19:00:00+09:00,88409,88519,88409,88473
2026-01-25T19:15:00+09:00,88477,88645,88468,88631
2026-01-25T19:30:00+09:00,88645,88655,88530,88647
2026-01-25T19:45:00+09:00,88647,88688,88529,88674
2026-01-25T20:00:00+09:00,88661,88670,88569,88625
2026-01-25T20:15:00+09:00,88624,88700,88609,88699
2026-01-25T20:30:00+09:00,88686,88755,88610,88623
2026-01-25T20:45:00+09:00,88620,88667,88543,88580
2026-01-25T21:00:00+09:00,88566,88674,88458,88649
2026-01-25T21:15:00+09:00,88653,88782,88549,88706
2026-01-25T21:30:00+09:00,88706,88780,88688,88766
2026-01-25T21:45:00+09:00,88761,88826,88711,88822
2026-01-25T22:00:00+09:00,88809,88862,88751,88772
2026-01-25T22:15:00+09:00,88773,88850,88701,88721
2026-01-25T22:30:00+09:00,88709,88877,88670,88866
2026-01-25T22:45:00+09:00,88852,88991,88845,88952
2026-01-25T23:00:00+09:00,88945,88965,88817,88907
2026-01-25T23:15:00+09:00,88895,88952,88605,88719
2026-01-25T23:30:00+09:00,88726,88759,88626,88696
2026-01-25T23:45:00+09:00,88695,88756,88633,88734
2026-01-26T00:00:00+09:00,88733,88795,88668,88768
2026-01-26T00:15:00+09:00,88762,88792,88648,88764
2026-01-26T00:30:00+09:00,88770,88774,88693,88722
2026-01-26T00:45:00+09:00,88707,88717,88381,88477
2026-01-26T01:00:00+09:00,88461,88474,87902,87956
2026-01-26T01:15:00+09:00,87926,88127,87570,88065
2026-01-26T01:30:00+09:00,88068,88172,87765,87948
2026-01-26T01:45:00+09:00,87926,88127,87796,88082
2026-01-26T02:00:00+09:00,88073,88136,87858,87870
2026-01-26T02:15:00+09:00,87872,88039,87755,87910
2026-01-26T02:30:00+09:00,87894,88017,87787,88002
2026-01-26T02:45:00+09:00,87999,87999,87833,87912
2026-01-26T03:00:00+09:00,87894,87987,87500,87707
2026-01-26T03:15:00+09:00,87753,87925,87423,87548
2026-01-26T03:30:00+09:00,87548,87609,86768,87062
2026-01-26T03:45:00+09:00,87088,87469,86969,87417
2026-01-26T04:00:00+09:00,87409,87500,87213,87303
2026-01-26T04:15:00+09:00,87300,87325,86425,86478
2026-01-26T04:30:00+09:00,86492,86823,86249,86703
2026-01-26T04:45:00+09:00,86699,86699,86175,86491
2026-01-26T05:00:00+09:00,86497,86732,86355,86409
2026-01-26T05:15:00+09:00,86435,86544,86270,86495
2026-01-26T05:30:00+09:00,86499,86521,86229,86330
2026-01-26T05:45:00+09:00,86330,86670,86260,86667
2026-01-26T06:00:00+09:00,86656,86942,86632,86921
2026-01-26T06:15:00+09:00,86933,86998,86817,86964
2026-01-26T06:30:00+09:00,86950,86978,86373,86520
2026-01-26T06:45:00+09:00,86522,86656,86462,86549
2026-01-26T07:00:00+09:00,86561,86586,86330,86494
2026-01-26T07:15:00+09:00,86500,86500,86219,86300
2026-01-26T07:30:00+09:00,86317,86696,86200,86609
2026-01-26T07:45:00+09:00,86615,86625,86268,86513
2026-01-26T08:00:00+09:00,86503,86584,86045,86366
2026-01-26T08:15:00+09:00,86366,86712,86205,86479
2026-01-26T08:30:00+09:00,86500,86580,86240,86410
2026-01-26T08:45:00+09:00,86413,86785,86413,86653
2026-01-26T09:00:00+09:00,86649,87088,86626,87037
2026-01-26T09:15:00+09:00,87029,87154,86755,86823
2026-01-26T09:30:00+09:00,86823,86849,86592,86618
2026-01-26T09:45:00+09:00,86630,86953,86500,86845
2026-01-26T10:00:00+09:00,86858,87439,86805,87255
2026-01-26T10:15:00+09:00,87272,87772,87262,87633
2026-01-26T10:30:00+09:00,87634,87752,87568,87675
2026-01-26T10:45:00+09:00,87699,87807,87506,87686
2026-01-26T11:00:00+09:00,87687,87695,87423,87504
2026-01-26T11:15:00+09:00,87498,87929,87494,87900
2026-01-26T11:30:00+09:00,87914,87949,87614,87614
2026-01-26T11:45:00+09:00,87608,87672,87461,87520
2026-01-26T12:00:00+09:00,87548,87680,87466,87545
2026-01-26T12:15:00+09:00,87549,87581,87428,87435
2026-01-26T12:30:00+09:00,87441,87458,87281,87359
2026-01-26T12:45:00+09:00,87349,87371,87078,87273
2026-01-26T13:00:00+09:00,87274,87522,87242,87458
2026-01-26T13:15:00+09:00,87446,87880,87446,87879
2026-01-26T13:30:00+09:00,87870,87971,87761,87768
2026-01-26T13:45:00+09:00,87773,87871,87712,87739
2026-01-26T14:00:00+09:00,87753,87827,87683,87721
2026-01-26T14:15:00+09:00,87702,87888,87699,87873
2026-01-26T14:30:00+09:00,87873,87950,87763,87842
2026-01-26T14:45:00+09:00,87858,87981,87797,87833
2026-01-26T15:00:00+09:00,87849,87930,87772,87779
2026-01-26T15:15:00+09:00,87784,88000,87776,87951
2026-01-26T15:30:00+09:00,87960,88000,87865,87973
2026-01-26T15:45:00+09:00,87988,88000,87844,87957
2026-01-26T16:00:00+09:00,87938,88024,87845,88010
2026-01-26T16:15:00+09:00,88022,88082,87775,87799
2026-01-26T16:30:00+09:00,87793,88028,87703,87930
2026-01-26T16:45:00+09:00,87937,88049,87874,88008
2026-01-26T17:00:00+09:00,88020,88184,87923,87923
2026-01-26T17:15:00+09:00,87921,88390,87852,88215
2026-01-26T17:30:00+09:00,88210,88252,88043,88064
2026-01-26T17:45:00+09:00,88057,88123,87980,88009
2026-01-26T18:00:00+09:00,88013,88036,87757,87833
2026-01-26T18:15:00+09:00,87853,87878,87743,87821
2026-01-26T18:30:00+09:00,87827,87850,87686,87786
2026-01-26T18:45:00+09:00,87807,87858,87615,87693
2026-01-26T19:00:00+09:00,87693,87944,87674,87834
2026-01-26T19:15:00+09:00,87849,87960,87806,87928
2026-01-26T19:30:00+09:00,87935,87992,87871,87906
2026-01-26T19:45:00+09:00,87925,87990,87910,87933
2026-01-26T20:00:00+09:00,87937,88021,87924,88020
2026-01-26T20:15:00+09:00,88010,88020,87800,87821
2026-01-26T20:30:00+09:00,87822,87918,87771,87889
2026-01-26T20:45:00+09:00,87885,87899,87812,87871
2026-01-26T21:00:00+09:00,87880,87999,87763,87900
2026-01-26T21:15:00+09:00,87898,87986,87861,87903
2026-01-26T21:30:00+09:00,87902,87928,87761,87794
2026-01-26T21:45:00+09:00,87799,87870,87792,87827
2026-01-26T22:00:00+09:00,87825,87904,87727,87872
2026-01-26T22:15:00+09:00,87873,87980,87833,87925
2026-01-26T22:30:00+09:00,87933,88113,87897,88031
2026-01-26T22:45:00+09:00,88037,88065,87959,87987
2026-01-26T23:00:00+09:00,87988,88047,87677,87734
2026-01-26T23:15:00+09:00,87739,87888,87680,87723
2026-01-26T23:30:00+09:00,87719,88557,87506,88180
2026-01-26T23:45:00+09:00,88172,88340,87888,88243
2026-01-27T00:00:00+09:00,88221,88827,88108,88779
2026-01-27T00:15:00+09:00,88766,88902,88397,88537
2026-01-27T00:30:00+09:00,88556,88556,87437,87550
2026-01-27T00:45:00+09:00,87535,87760,87376,87690
2026-01-27T01:00:00+09:00,87704,87835,87325,87465
2026-01-27T01:15:00+09:00,87435,88000,87253,87749
2026-01-27T01:30:00+09:00,87757,87859,87462,87510
2026-01-27T01:45:00+09:00,87512,87968,87463,87673
2026-01-27T02:00:00+09:00,87656,87849,87462,87488
2026-01-27T02:15:00+09:00,87500,87610,87270,87440
2026-01-27T02:30:00+09:00,87432,87660,87061,87601
2026-01-27T02:45:00+09:00,87595,87820,87552,87743
2026-01-27T03:00:00+09:00,87730,87920,87693,87917
2026-01-27T03:15:00+09:00,87908,88180,87792,88135
2026-01-27T03:30:00+09:00,88136,88439,88050,88065
2026-01-27T03:45:00+09:00,88057,88470,87979,88462
2026-01-27T04:00:00+09:00,88476,88589,88352,88440
2026-01-27T04:15:00+09:00,88421,88480,88174,88240
2026-01-27T04:30:00+09:00,88229,88410,88153,88302
2026-01-27T04:45:00+09:00,88301,88339,88012,88065
2026-01-27T05:00:00+09:00,88061,88192,87980,88010
2026-01-27T05:15:00+09:00,88003,88090,87882,87966
2026-01-27T05:30:00+09:00,87961,87983,87841,87880
2026-01-27T05:45:00+09:00,87895,87923,87619,87711
2026-01-27T06:00:00+09:00,87718,87940,87664,87928
2026-01-27T06:15:00+09:00,87924,88047,87846,88037
2026-01-27T06:30:00+09:00,88037,88346,87965,88237
2026-01-27T06:45:00+09:00,88229,88260,88108,88163
2026-01-27T07:00:00+09:00,88175,88269,88120,88211
2026-01-27T07:15:00+09:00,88214,88240,88097,88196
2026-01-27T07:30:00+09:00,88184,88394,88153,88237
2026-01-27T07:45:00+09:00,88247,88367,88222,88280
2026-01-27T08:00:00+09:00,88250,88322,88142,88308
2026-01-27T08:15:00+09:00,88293,88579,88248,88552
2026-01-27T08:30:00+09:00,88572,88794,88565,88667
2026-01-27T08:45:00+09:00,88672,88690,88447,88451
2026-01-27T09:00:00+09:00,88473,88533,88324,88374
2026-01-27T09:15:00+09:00,88375,88579,88358,88519
2026-01-27T09:30:00+09:00,88515,88528,88401,88430
2026-01-27T09:45:00+09:00,88434,88531,88382,88502
2026-01-27T10:00:00+09:00,88477,88477,88336,88407
2026-01-27T10:15:00+09:00,88406,88623,88383,88595
2026-01-27T10:30:00+09:00,88600,88865,88556,88803
2026-01-27T10:45:00+09:00,88790,88842,88654,88710
2026-01-27T11:00:00+09:00,88712,88942,88712,88833
2026-01-27T11:15:00+09:00,88840,88856,88653,88676
2026-01-27T11:30:00+09:00,88676,88929,88671,88841
2026-01-27T11:45:00+09:00,88850,88955,88798,88913
2026-01-27T12:00:00+09:00,88904,88979,88651,88720
2026-01-27T12:15:00+09:00,88696,88834,88664,88796
2026-01-27T12:30:00+09:00,88830,88924,88772,88900
2026-01-27T12:45:00+09:00,88896,88907,88795,88873
2026-01-27T13:00:00+09:00,88875,89076,88741,88873
2026-01-27T13:15:00+09:00,88867,88960,88836,88907
2026-01-27T13:30:00+09:00,88915,88923,88753,88770
2026-01-27T13:45:00+09:00,88764,88786,88587,88648
2026-01-27T14:00:00+09:00,88647,88676,88506,88541
2026-01-27T14:15:00+09:00,88547,88596,88478,88585
2026-01-27T14:30:00+09:00,88579,88640,88545,88545
2026-01-27T14:45:00+09:00,88550,88620,88477,88542
2026-01-27T15:00:00+09:00,88521,88596,88485,88565
2026-01-27T15:15:00+09:00,88566,88586,88450,88455
2026-01-27T15:30:00+09:00,88451,88451,88350,88363
2026-01-27T15:45:00+09:00,88353,88423,88340,88403
2026-01-27T16:00:00+09:00,88414,88588,88395,88580
2026-01-27T16:15:00+09:00,88556,88588,88480,88577
2026-01-27T16:30:00+09:00,88590,88638,88520,88544
2026-01-27T16:45:00+09:00,88529,88535,88382,88385
2026-01-27T17:00:00+09:00,88388,88470,88355,88430
2026-01-27T17:15:00+09:00,88439,88465,88277,88308
2026-01-27T17:30:00+09:00,88323,88379,88257,88286
2026-01-27T17:45:00+09:00,88282,88292,88155,88212
2026-01-27T18:00:00+09:00,88214,88214,88020,88036
2026-01-27T18:15:00+09:00,88059,88118,88001,88011
2026-01-27T18:30:00+09:00,88036,88110,87995,88065
2026-01-27T18:45:00+09:00,88067,88093,87893,87938
2026-01-27T19:00:00+09:00,87927,88101,87908,88052
2026-01-27T19:15:00+09:00,88067,88110,88030,88040
2026-01-27T19:30:00+09:00,88031,88031,87859,87864
2026-01-27T19:45:00+09:00,87878,87898,87792,87832
2026-01-27T20:00:00+09:00,87838,87953,87787,87931
2026-01-27T20:15:00+09:00,87935,87959,87841,87925
2026-01-27T20:30:00+09:00,87925,88097,87925,88091
2026-01-27T20:45:00+09:00,88083,88146,88023,88023
2026-01-27T21:00:00+09:00,88019,88147,87991,88147
2026-01-27T21:15:00+09:00,88148,88217,88051,88100
2026-01-27T21:30:00+09:00,88054,88110,88029,88052
2026-01-27T21:45:00+09:00,88040,88085,87984,88023
2026-01-27T22:00:00+09:00,88023,88058,87928,87947
2026-01-27T22:15:00+09:00,87953,87970,87846,87856
2026-01-27T22:30:00+09:00,87856,88110,87840,88086
2026-01-27T22:45:00+09:00,88074,88086,87912,88027
2026-01-27T23:00:00+09:00,88017,88335,87985,88335
2026-01-27T23:15:00+09:00,88332,88490,88227,88297
2026-01-27T23:30:00+09:00,88300,88364,87700,87727
2026-01-27T23:45:00+09:00,87716,87978,87693,87787
2026-01-28T00:00:00+09:00,87761,88226,87593,88011
2026-01-28T00:15:00+09:00,88027,88043,87667,87669
2026-01-28T00:30:00+09:00,87676,87894,87648,87735
2026-01-28T00:45:00+09:00,87752,88116,87738,88098
2026-01-28T01:00:00+09:00,88088,88742,88047,88484
2026-01-28T01:15:00+09:00,88494,88665,88356,88435
2026-01-28T01:30:00+09:00,88440,88860,88433,88788
2026-01-28T01:45:00+09:00,88788,88881,88667,88708
2026-01-28T02:00:00+09:00,88698,88748,88014,88070
2026-01-28T02:15:00+09:00,88094,88100,87654,87947
2026-01-28T02:30:00+09:00,87935,88059,87364,87437
2026-01-28T02:45:00+09:00,87404,87623,87372,87595
2026-01-28T03:00:00+09:00,87595,87923,87511,87725
2026-01-28T03:15:00+09:00,87737,88026,87734,87910
2026-01-28T03:30:00+09:00,87928,88029,87795,87897
2026-01-28T03:45:00+09:00,87913,88574,87896,88343
2026-01-28T04:00:00+09:00,88339,88370,88104,88275
2026-01-28T04:15:00+09:00,88274,88427,88229,88301
2026-01-28T04:30:00+09:00,88301,88622,88231,88576
2026-01-28T04:45:00+09:00,88584,88584,88414,88470
2026-01-28T05:00:00+09:00,88462,88818,88433,88811
2026-01-28T05:15:00+09:00,88787,89255,88733,89207
2026-01-28T05:30:00+09:00,89188,89188,88868,89010
2026-01-28T05:45:00+09:00,89022,89538,89015,89441
2026-01-28T06:00:00+09:00,89434,89582,89275,89443
2026-01-28T06:15:00+09:00,89452,89509,89266,89291
2026-01-28T06:30:00+09:00,89291,89332,89187,89244
2026-01-28T06:45:00+09:00,89246,89329,89042,89115
2026-01-28T07:00:00+09:00,89134,89260,89115,89165
2026-01-28T07:15:00+09:00,89186,89300,89048,89197
2026-01-28T07:30:00+09:00,89174,89448,89156,89350
2026-01-28T07:45:00+09:00,89354,89357,89255,89267
2026-01-28T08:00:00+09:00,89266,89345,89169,89329
2026-01-28T08:15:00+09:00,89314,89540,89276,89521
2026-01-28T08:30:00+09:00,89530,89537,89388,89422
2026-01-28T08:45:00+09:00,89422,89500,89192,89242
2026-01-28T09:00:00+09:00,89262,89274,89134,89236
2026-01-28T09:15:00+09:00,89240,89396,89153,89291
2026-01-28T09:30:00+09:00,89288,89288,89139,89193
2026-01-28T09:45:00+09:00,89180,89462,89179,89430
2026-01-28T10:00:00+09:00,89459,89476,89336,89369
2026-01-28T10:15:00+09:00,89371,89476,89254,89301
2026-01-28T10:30:00+09:00,89314,89350,89180,89350
2026-01-28T10:45:00+09:00,89337,89460,89273,89386
2026-01-28T11:00:00+09:00,89384,89424,89235,89262
2026-01-28T11:15:00+09:00,89248,89362,89227,89321
2026-01-28T11:30:00+09:00,89322,89346,89124,89133
2026-01-28T11:45:00+09:00,89139,89287,89080,89279
2026-01-28T12:00:00+09:00,89264,89363,89046,89055
2026-01-28T12:15:00+09:00,89084,89112,88981,89063
2026-01-28T12:30:00+09:00,89063,89160,88969,89074
2026-01-28T12:45:00+09:00,89085,89182,89080,89122
2026-01-28T13:00:00+09:00,89114,89164,88921,88947
2026-01-28T13:15:00+09:00,88935,88964,88832,88950
2026-01-28T13:30:00+09:00,88933,89129,88899,88993
2026-01-28T13:45:00+09:00,88996,89030,88959,88963
2026-01-28T14:00:00+09:00,88989,89061,88908,88908
2026-01-28T14:15:00+09:00,88917,88948,88840,88883
2026-01-28T14:30:00+09:00,88885,89033,88878,88887
2026-01-28T14:45:00+09:00,88889,89105,88889,89088
2026-01-28T15:00:00+09:00,89099,89297,89099,89247
2026-01-28T15:15:00+09:00,89240,89290,89186,89191
2026-01-28T15:30:00+09:00,89214,89347,89122,89192
2026-01-28T15:45:00+09:00,89175,89405,89141,89313
2026-01-28T16:00:00+09:00,89334,89354,89182,89216
2026-01-28T16:15:00+09:00,89236,89290,89185,89269
2026-01-28T16:30:00+09:00,89267,89267,89160,89253
2026-01-28T16:45:00+09:00,89241,89294,89110,89131
2026-01-28T17:00:00+09:00,89122,89261,89104,89148
2026-01-28T17:15:00+09:00,89152,89177,89002,89034
2026-01-28T17:30:00+09:00,89034,89112,89000,89103
2026-01-28T17:45:00+09:00,89093,89093,88878,88941
2026-01-28T18:00:00+09:00,88939,89023,88878,88960
2026-01-28T18:15:00+09:00,88960,89019,88871,88995
2026-01-28T18:30:00+09:00,89011,89440,88996,89324
2026-01-28T18:45:00+09:00,89308,89590,89286,89575
2026-01-28T19:00:00+09:00,89570,89628,89427,89573
2026-01-28T19:15:00+09:00,89578,89713,89329,89342
2026-01-28T19:30:00+09:00,89337,89515,89337,89500
2026-01-28T19:45:00+09:00,89498,89522,89410,89414
2026-01-28T20:00:00+09:00,89409,89469,89312,89322
2026-01-28T20:15:00+09:00,89321,89458,89307,89458
2026-01-28T20:30:00+09:00,89443,89676,89350,89668
2026-01-28T20:45:00+09:00,89667,90150,89590,90080
2026-01-28T21:00:00+09:00,90054,90181,89913,89934
2026-01-28T21:15:00+09:00,89934,89989,89793,89876
2026-01-28T21:30:00+09:00,89888,90005,89802,89920
2026-01-28T21:45:00+09:00,89940,90036,89790,89991
2026-01-28T22:00:00+09:00,90006,90357,89970,90186
2026-01-28T22:15:00+09:00,90176,90299,90050,90135
2026-01-28T22:30:00+09:00,90120,90490,90103,90401
2026-01-28T22:45:00+09:00,90408,90456,90168,90262
2026-01-28T23:00:00+09:00,90245,90252,90131,90140
2026-01-28T23:15:00+09:00,90134,90184,89925,90002
2026-01-28T23:30:00+09:00,90003,90141,89625,89700
2026-01-28T23:45:00+09:00,89695,89774,89421,89618
2026-01-29T00:00:00+09:00,89618,89856,89087,89099
2026-01-29T00:15:00+09:00,89088,89351,88900,89270
2026-01-29T00:30:00+09:00,89279,89541,89237,89504
2026-01-29T00:45:00+09:00,89510,89632,89326,89481
2026-01-29T01:00:00+09:00,89487,89526,89241,89259
2026-01-29T01:15:00+09:00,89260,89775,89260,89751
2026-01-29T01:30:00+09:00,89723,89843,89456,89536
2026-01-29T01:45:00+09:00,89540,89747,89493,89626
2026-01-29T02:00:00+09:00,89630,89781,89576,89717
2026-01-29T02:15:00+09:00,89705,89738,89550,89577
2026-01-29T02:30:00+09:00,89570,89972,89281,89847
2026-01-29T02:45:00+09:00,89841,90600,89815,90167
2026-01-29T03:00:00+09:00,90164,90164,89469,89806
2026-01-29T03:15:00+09:00,89815,89936,89705,89764
2026-01-29T03:30:00+09:00,89750,89810,89559,89646
2026-01-29T03:45:00+09:00,89630,89661,89289,89536
2026-01-29T04:00:00+09:00,89521,89700,89040,89345
2026-01-29T04:15:00+09:00,89350,89620,89259,89380
2026-01-29T04:30:00+09:00,89376,89530,89000,89032
2026-01-29T04:45:00+09:00,89029,89579,89026,89382
2026-01-29T05:00:00+09:00,89381,89626,89318,89571
2026-01-29T05:15:00+09:00,89546,89895,89450,89791
2026-01-29T05:30:00+09:00,89770,89776,89150,89227
2026-01-29T05:45:00+09:00,89214,89250,88988,89115
2026-01-29T06:00:00+09:00,89125,89206,88847,89205
2026-01-29T06:15:00+09:00,89202,89284,89122,89165
2026-01-29T06:30:00+09:00,89168,89487,89052,89418
2026-01-29T06:45:00+09:00,89408,89469,89316,89396
2026-01-29T07:00:00+09:00,89408,89474,89251,89277
2026-01-29T07:15:00+09:00,89252,89284,89120,89279
2026-01-29T07:30:00+09:00,89284,89300,89173,89257
2026-01-29T07:45:00+09:00,89257,89403,89257,89366
2026-01-29T08:00:00+09:00,89366,89456,89327,89341
2026-01-29T08:15:00+09:00,89331,89470,89248,89279
2026-01-29T08:30:00+09:00,89311,89326,89196,89304
2026-01-29T08:45:00+09:00,89290,89397,89207,89296
2026-01-29T09:00:00+09:00,89304,89343,89077,89078
2026-01-29T09:15:00+09:00,89083,89145,88987,89026
2026-01-29T09:30:00+09:00,89037,89148,88954,88954
2026-01-29T09:45:00+09:00,88954,89149,88887,89145
2026-01-29T10:00:00+09:00,89148,89158,89007,89080
2026-01-29T10:15:00+09:00,89090,89090,88595,88805
2026-01-29T10:30:00+09:00,88802,88885,88694,88798
2026-01-29T10:45:00+09:00,88790,88874,88500,88569
2026-01-29T11:00:00+09:00,88567,88717,88403,88647
2026-01-29T11:15:00+09:00,88633,88686,88529,88563
2026-01-29T11:30:00+09:00,88566,88570,87993,88110
2026-01-29T11:45:00+09:00,88110,88110,87657,87864
2026-01-29T12:00:00+09:00,87860,88255,87733,88038
2026-01-29T12:15:00+09:00,88048,88165,87950,88001
2026-01-29T12:30:00+09:00,87995,88084,87904,88082
2026-01-29T12:45:00+09:00,88081,88124,87937,88002
2026-01-29T13:00:00+09:00,88009,88049,87914,87931
2026-01-29T13:15:00+09:00,87927,88024,87848,88024
2026-01-29T13:30:00+09:00,88026,88209,88026,88121
2026-01-29T13:45:00+09:00,88126,88300,88116,88266
2026-01-29T14:00:00+09:00,88266,88372,88225,88268
2026-01-29T14:15:00+09:00,88268,88306,88147,88161
2026-01-29T14:30:00+09:00,88176,88331,88162,88267
2026-01-29T14:45:00+09:00,88273,88273,88094,88140
2026-01-29T15:00:00+09:00,88130,88278,88117,88213
2026-01-29T15:15:00+09:00,88207,88272,88149,88246
2026-01-29T15:30:00+09:00,88247,88298,88216,88288
2026-01-29T15:45:00+09:00,88295,88298,88209,88278
2026-01-29T16:00:00+09:00,88268,88338,88252,88279
2026-01-29T16:15:00+09:00,88279,88304,88203,88226
2026-01-29T16:30:00+09:00,88222,88325,88198,88300
2026-01-29T16:45:00+09:00,88295,88394,88233,88292
2026-01-29T17:00:00+09:00,88294,88294,87911,87914
2026-01-29T17:15:00+09:00,87919,88438,87866,88430
2026-01-29T17:30:00+09:00,88425,88463,88058,88081
2026-01-29T17:45:00+09:00,88096,88188,87902,88036
2026-01-29T18:00:00+09:00,88038,88133,87962,87976
2026-01-29T18:15:00+09:00,87979,88065,87976,88011
2026-01-29T18:30:00+09:00,88016,88137,87949,88021
2026-01-29T18:45:00+09:00,88011,88026,87880,87885
2026-01-29T19:00:00+09:00,87882,87982,87842,87937
2026-01-29T19:15:00+09:00,87934,87994,87888,87945
2026-01-29T19:30:00+09:00,87950,87961,87895,87927
2026-01-29T19:45:00+09:00,87921,88012,87796,87959
2026-01-29T20:00:00+09:00,87944,88080,87824,88018
2026-01-29T20:15:00+09:00,88036,88047,87753,87795
2026-01-29T20:30:00+09:00,87779,87908,87762,87798
2026-01-29T20:45:00+09:00,87799,87857,87724,87829
2026-01-29T21:00:00+09:00,87829,88058,87814,88013
2026-01-29T21:15:00+09:00,88019,88108,87938,87941
2026-01-29T21:30:00+09:00,87936,88073,87821,87997
2026-01-29T21:45:00+09:00,88011,88137,87990,88137
2026-01-29T22:00:00+09:00,88131,88169,88071,88147
2026-01-29T22:15:00+09:00,88134,88180,88081,88180
2026-01-29T22:30:00+09:00,88163,88163,88065,88100
2026-01-29T22:45:00+09:00,88088,88109,87955,88052
2026-01-29T23:00:00+09:00,88057,88078,87944,87992
2026-01-29T23:15:00+09:00,87991,88076,87808,87858
2026-01-29T23:30:00+09:00,87822,87983,87539,87689
2026-01-29T23:45:00+09:00,87675,87869,87007,87014
2026-01-30T00:00:00+09:00,87023,87037,85400,85400
2026-01-30T00:15:00+09:00,85408,85825,85249,85469
2026-01-30T00:30:00+09:00,85453,85669,84419,84630
2026-01-30T00:45:00+09:00,84609,85150,84364,84917
2026-01-30T01:00:00+09:00,84917,84984,84391,84758
2026-01-30T01:15:00+09:00,84776,84948,84464,84501
2026-01-30T01:30:00+09:00,84490,84800,84250,84614
2026-01-30T01:45:00+09:00,84627,85384,84581,85264
2026-01-30T02:00:00+09:00,85260,85463,85027,85209
2026-01-30T02:15:00+09:00,85198,85589,84984,85009
2026-01-30T02:30:00+09:00,85009,85090,84647,84799
2026-01-30T02:45:00+09:00,84806,84839,83953,84184
2026-01-30T03:00:00+09:00,84208,84548,84167,84440
2026-01-30T03:15:00+09:00,84437,84480,83613,83797
2026-01-30T03:30:00+09:00,83787,84031,83502,83947
2026-01-30T03:45:00+09:00,83947,83966,83333,83393
2026-01-30T04:00:00+09:00,83382,83600,83276,83600
2026-01-30T04:15:00+09:00,83601,83892,83471,83726
2026-01-30T04:30:00+09:00,83739,84310,83739,84084
2026-01-30T04:45:00+09:00,84082,84160,83899,83924
2026-01-30T05:00:00+09:00,83925,84029,83803,83868
2026-01-30T05:15:00+09:00,83859,84157,83859,83950
2026-01-30T05:30:00+09:00,83956,84096,83769,84041
2026-01-30T05:45:00+09:00,84038,84370,83966,84176
2026-01-30T06:00:00+09:00,84193,84442,84163,84380
2026-01-30T06:15:00+09:00,84370,84370,84184,84336
2026-01-30T06:30:00+09:00,84342,84446,84231,84424
2026-01-30T06:45:00+09:00,84410,84640,84406,84496
2026-01-30T07:00:00+09:00,84504,84620,84279,84330
2026-01-30T07:15:00+09:00,84347,84456,84347,84424
2026-01-30T07:30:00+09:00,84428,84466,84368,84442
2026-01-30T07:45:00+09:00,84442,84576,84378,84570
2026-01-30T08:00:00+09:00,84551,84580,84436,84481
2026-01-30T08:15:00+09:00,84478,84692,84467,84583
2026-01-30T08:30:00+09:00,84589,84743,84589,84679
2026-01-30T08:45:00+09:00,84691,84752,84646,84666
2026-01-30T09:00:00+09:00,84655,84759,84535,84555
2026-01-30T09:15:00+09:00,84542,84565,84308,84380
2026-01-30T09:30:00+09:00,84383,84448,84275,84411
2026-01-30T09:45:00+09:00,84417,84539,84137,84197
2026-01-30T10:00:00+09:00,84199,84222,84000,84145
2026-01-30T10:15:00+09:00,84148,84221,83508,83748
2026-01-30T10:30:00+09:00,83742,83881,81151,82037
2026-01-30T10:45:00+09:00,82006,82554,81571,82488
2026-01-30T11:00:00+09:00,82502,82549,81879,81934
2026-01-30T11:15:00+09:00,81932,82148,81242,81466
2026-01-30T11:30:00+09:00,81472,82133,81165,81989
2026-01-30T11:45:00+09:00,82004,82176,81870,82174
2026-01-30T12:00:00+09:00,82179,82432,82041,82393
2026-01-30T12:15:00+09:00,82398,82413,82228,82336
2026-01-30T12:30:00+09:00,82364,82540,82364,82492
2026-01-30T12:45:00+09:00,82499,82750,82431,82690
2026-01-30T13:00:00+09:00,82694,83042,82679,83042
2026-01-30T13:15:00+09:00,83044,83351,82956,83057
2026-01-30T13:30:00+09:00,83072,83225,82906,82933
2026-01-30T13:45:00+09:00,82929,83022,82902,82965
2026-01-30T14:00:00+09:00,82954,83079,82924,82999
2026-01-30T14:15:00+09:00,83013,83374,82945,83300
2026-01-30T14:30:00+09:00,83297,83359,83144,83144
2026-01-30T14:45:00+09:00,83144,83179,82942,82942
2026-01-30T15:00:00+09:00,82938,82965,82799,82825
2026-01-30T15:15:00+09:00,82834,82850,82415,82471
2026-01-30T15:30:00+09:00,82455,82548,82219,82246
2026-01-30T15:45:00+09:00,82217,82750,82117,82667
2026-01-30T16:00:00+09:00,82688,83157,82680,83029
2026-01-30T16:15:00+09:00,82993,83054,82716,82740
2026-01-30T16:30:00+09:00,82712,82807,82512,82622
2026-01-30T16:45:00+09:00,82628,83021,82613,82908
2026-01-30T17:00:00+09:00,82864,82963,82658,82946
2026-01-30T17:15:00+09:00,82966,83041,82765,82765
2026-01-30T17:30:00+09:00,82758,82770,82477,82675
2026-01-30T17:45:00+09:00,82663,82755,82549,82724
2026-01-30T18:00:00+09:00,82757,82904,82668,82717
2026-01-30T18:15:00+09:00,82707,82732,82272,82479
2026-01-30T18:30:00+09:00,82470,82713,82470,82561
2026-01-30T18:45:00+09:00,82518,82518,82216,82430
2026-01-30T19:00:00+09:00,82419,82482,82238,82363
2026-01-30T19:15:00+09:00,82381,82661,82298,82588
2026-01-30T19:30:00+09:00,82580,82714,82551,82645
2026-01-30T19:45:00+09:00,82653,82962,82636,82886
2026-01-30T20:00:00+09:00,82892,82930,82790,82930
2026-01-30T20:15:00+09:00,82928,82981,82743,82795
2026-01-30T20:30:00+09:00,82804,83023,82767,82838
2026-01-30T20:45:00+09:00,82838,83359,82734,83208
2026-01-30T21:00:00+09:00,83202,83381,82992,82992
2026-01-30T21:15:00+09:00,83006,83038,82697,82786
2026-01-30T21:30:00+09:00,82801,82953,82715,82783
2026-01-30T21:45:00+09:00,82808,82997,82760,82859
2026-01-30T22:00:00+09:00,82861,82921,82599,82805
2026-01-30T22:15:00+09:00,82805,82869,82692,82795
2026-01-30T22:30:00+09:00,82757,83134,82476,83000
2026-01-30T22:45:00+09:00,82961,82978,82681,82800
2026-01-30T23:00:00+09:00,82794,83200,82794,83028
2026-01-30T23:15:00+09:00,83026,83188,82999,83041
2026-01-30T23:30:00+09:00,83033,83720,82838,83720
2026-01-30T23:45:00+09:00,83707,83856,82936,83144
2026-01-31T00:00:00+09:00,83160,83699,83102,83394
2026-01-31T00:15:00+09:00,83379,83630,82671,82705
2026-01-31T00:30:00+09:00,82701,83422,82450,83380
2026-01-31T00:45:00+09:00,83318,83352,82930,82949
2026-01-31T01:00:00+09:00,82937,83228,82787,83141
2026-01-31T01:15:00+09:00,83126,83325,82618,83270
2026-01-31T01:30:00+09:00,83183,83551,83126,83500
2026-01-31T01:45:00+09:00,83461,83461,83105,83201
2026-01-31T02:00:00+09:00,83206,83229,82677,82774
2026-01-31T02:15:00+09:00,82752,83490,82657,83390
2026-01-31T02:30:00+09:00,83386,83390,82877,83171
2026-01-31T02:45:00+09:00,83160,83253,82968,82990
2026-01-31T03:00:00+09:00,82963,83282,82808,82931
2026-01-31T03:15:00+09:00,82913,82960,81929,82543
2026-01-31T03:30:00+09:00,82552,83174,82238,83174
2026-01-31T03:45:00+09:00,83222,84150,83065,83948
2026-01-31T04:00:00+09:00,83938,84400,83910,84134
2026-01-31T04:15:00+09:00,84103,84511,84075,84301
2026-01-31T04:30:00+09:00,84286,84564,84110,84226
2026-01-31T04:45:00+09:00,84238,84610,84110,84201
2026-01-31T05:00:00+09:00,84214,84222,83633,83870
2026-01-31T05:15:00+09:00,83864,84153,83500,83930
2026-01-31T05:30:00+09:00,83919,84260,83522,83929
2026-01-31T05:45:00+09:00,83942,84084,83663,83869
2026-01-31T06:00:00+09:00,83887,84022,83751,84016
2026-01-31T06:15:00+09:00,84004,84466,83990,84217
2026-01-31T06:30:00+09:00,84239,84367,83991,84185
2026-01-31T06:45:00+09:00,84183,84379,84086,84236
2026-01-31T07:00:00+09:00,84237,84289,83970,83970
2026-01-31T07:15:00+09:00,83970,84084,83870,83901
2026-01-31T07:30:00+09:00,83902,84055,83897,83954
2026-01-31T07:45:00+09:00,83956,84194,83903,84194
2026-01-31T08:00:00+09:00,84175,84196,83901,83984
2026-01-31T08:15:00+09:00,83982,84159,83928,83994
2026-01-31T08:30:00+09:00,83995,84205,83951,84201
2026-01-31T08:45:00+09:00,84194,84261,84164,84231
2026-01-31T09:00:00+09:00,84239,84242,84061,84135
2026-01-31T09:15:00+09:00,84132,84205,84067,84131
2026-01-31T09:30:00+09:00,84113,84243,84077,84203
2026-01-31T09:45:00+09:00,84195,84195,83975,84020
2026-01-31T10:00:00+09:00,84039,84220,84035,84178
2026-01-31T10:15:00+09:00,84171,84201,84083,84083
2026-01-31T10:30:00+09:00,84078,84078,83860,84018
2026-01-31T10:45:00+09:00,84018,84025,83911,83981
2026-01-31T11:00:00+09:00,83976,84038,83906,84009
2026-01-31T11:15:00+09:00,83998,84014,83817,83869
2026-01-31T11:30:00+09:00,83869,84148,83794,84133
2026-01-31T11:45:00+09:00,84113,84178,84090,84129
2026-01-31T12:00:00+09:00,84127,84227,84111,84179
2026-01-31T12:15:00+09:00,84157,84235,84134,84147
2026-01-31T12:30:00+09:00,84157,84190,84056,84075
2026-01-31T12:45:00+09:00,84067,84088,84014,84027
2026-01-31T13:00:00+09:00,84023,84099,84023,84099
2026-01-31T13:15:00+09:00,84096,84151,83994,84142
2026-01-31T13:30:00+09:00,84137,84148,84053,84053
2026-01-31T13:45:00+09:00,84052,84064,83930,83994
2026-01-31T14:00:00+09:00,83993,84030,83906,84030
2026-01-31T14:15:00+09:00,84017,84018,83893,83990
2026-01-31T14:30:00+09:00,83991,84099,83991,84006
2026-01-31T14:45:00+09:00,84004,84052,83973,83994
2026-01-31T15:00:00+09:00,83986,84035,83901,83993
2026-01-31T15:15:00+09:00,83983,84009,83635,83665
2026-01-31T15:30:00+09:00,83680,83781,83675,83771
2026-01-31T15:45:00+09:00,83776,83837,83677,83781
2026-01-31T16:00:00+09:00,83785,83808,83695,83752
2026-01-31T16:15:00+09:00,83736,83782,83676,83692
2026-01-31T16:30:00+09:00,83691,83717,83396,83470
2026-01-31T16:45:00+09:00,83472,83555,83472,83527
2026-01-31T17:00:00+09:00,83537,83620,83158,83320
2026-01-31T17:15:00+09:00,83341,83341,83045,83099
2026-01-31T17:30:00+09:00,83083,83091,82572,82770
2026-01-31T17:45:00+09:00,82797,83244,82701,83097
2026-01-31T18:00:00+09:00,83091,83291,83080,83141
2026-01-31T18:15:00+09:00,83148,83193,82897,83043
2026-01-31T18:30:00+09:00,83049,83317,83049,83232
2026-01-31T18:45:00+09:00,83234,83248,83103,83126
2026-01-31T19:00:00+09:00,83135,83191,82973,83015
2026-01-31T19:15:00+09:00,83025,83106,82939,83078
2026-01-31T19:30:00+09:00,83088,83234,83051,83207
2026-01-31T19:45:00+09:00,83203,83230,83082,83182
2026-01-31T20:00:00+09:00,83182,83182,83037,83076
2026-01-31T20:15:00+09:00,83062,83136,83024,83039
2026-01-31T20:30:00+09:00,83052,83123,83022,83024
2026-01-31T20:45:00+09:00,83047,83090,82909,83076
2026-01-31T21:00:00+09:00,83062,83215,82859,82890
2026-01-31T21:15:00+09:00,82914,83139,82883,83056
2026-01-31T21:30:00+09:00,83032,83040,82872,82980
2026-01-31T21:45:00+09:00,82978,83005,82774,82823
2026-01-31T22:00:00+09:00,82837,82963,82750,82854
2026-01-31T22:15:00+09:00,82867,82969,82831,82893
2026-01-31T22:30:00+09:00,82898,82904,82536,82700
2026-01-31T22:45:00+09:00,82716,82822,82631,82814
2026-01-31T23:00:00+09:00,82825,83000,82405,82515
2026-01-31T23:15:00+09:00,82518,82570,81320,81662
2026-01-31T23:30:00+09:00,81569,81704,80828,81036
2026-01-31T23:45:00+09:00,81037,81594,80926,81501
