time,open,high,low,close
2025-11-01T00:00:00+09:00,110930,111270,110570,110910
2025-11-01T00:15:00+09:00,110920,110970,110550,110630
2025-11-01T00:30:00+09:00,110630,110760,110400,110590
2025-11-01T00:45:00+09:00,110590,110720,110300,110380
2025-11-01T01:00:00+09:00,110360,110440,110180,110270
2025-11-01T01:15:00+09:00,110210,110280,110000,110260
2025-11-01T01:30:00+09:00,110280,110320,109830,109890
2025-11-01T01:45:00+09:00,109880,109880,108880,109020
2025-11-01T02:00:00+09:00,108970,109410,108870,109130
2025-11-01T02:15:00+09:00,109120,109360,108850,109250
2025-11-01T02:30:00+09:00,109250,109490,109240,109460
2025-11-01T02:45:00+09:00,109470,109590,109440,109490
2025-11-01T03:00:00+09:00,109490,109710,109490,109610
2025-11-01T03:15:00+09:00,109580,109590,109410,109460
2025-11-01T03:30:00+09:00,109460,109970,109140,109950
2025-11-01T03:45:00+09:00,109910,109920,109540,109650
2025-11-01T04:00:00+09:00,109620,109620,109330,109510
2025-11-01T04:15:00+09:00,109510,110000,109510,110000
2025-11-01T04:30:00+09:00,110000,110270,109960,110120
2025-11-01T04:45:00+09:00,110120,110360,109980,109980
2025-11-01T05:00:00+09:00,109990,109990,109750,109910
2025-11-01T05:15:00+09:00,109930,109980,109840,109860
2025-11-01T05:30:00+09:00,109860,109860,109690,109720
2025-11-01T05:45:00+09:00,109720,109970,109660,109670
2025-11-01T06:00:00+09:00,109690,109780,109550,109550
2025-11-01T06:15:00+09:00,109540,109870,109540,109730
2025-11-01T06:30:00+09:00,109730,109940,109630,109790
2025-11-01T06:45:00+09:00,109780,109850,109780,109790
2025-11-01T07:00:00+09:00,109790,109960,109710,109920
2025-11-01T07:15:00+09:00,109920,110010,109820,109850
2025-11-01T07:30:00+09:00,109840,109920,109840,109870
2025-11-01T07:45:00+09:00,109840,109840,109780,109820
2025-11-01T08:00:00+09:00,109810,109810,109780,109780
2025-11-01T08:15:00+09:00,109780,109820,109780,109810
2025-11-01T08:30:00+09:00,109800,109850,109750,109850
2025-11-01T08:45:00+09:00,109850,109880,109820,109820
2025-11-01T09:00:00+09:00,109820,109840,109600,109680
2025-11-01T09:15:00+09:00,109680,109760,109640,109740
2025-11-01T09:30:00+09:00,109740,109830,109670,109830
2025-11-01T09:45:00+09:00,109830,109970,109830,109950
2025-11-01T10:00:00+09:00,109930,110080,109930,109990
2025-11-01T10:15:00+09:00,109990,110140,109910,110140
2025-11-01T10:30:00+09:00,110130,110230,110020,110020
2025-11-01T10:45:00+09:00,110020,110060,109970,109970
2025-11-01T11:00:00+09:00,109960,109970,109760,109810
2025-11-01T11:15:00+09:00,109840,109990,109840,109880
2025-11-01T11:30:00+09:00,109880,109880,109720,109830
2025-11-01T11:45:00+09:00,109840,110070,109840,110020
2025-11-01T12:00:00+09:00,110020,110160,110020,110130
2025-11-01T12:15:00+09:00,110130,110390,110130,110280
2025-11-01T12:30:00+09:00,110280,110500,110270,110400
2025-11-01T12:45:00+09:00,110380,110490,110330,110440
2025-11-01T13:00:00+09:00,110470,110750,110460,110510
2025-11-01T13:15:00+09:00,110500,110570,110370,110540
2025-11-01T13:30:00+09:00,110530,110600,110420,110510
2025-11-01T13:45:00+09:00,110530,110550,110460,110510
2025-11-01T14:00:00+09:00,110500,110540,110320,110320
2025-11-01T14:15:00+09:00,110320,110390,110270,110380
2025-11-01T14:30:00+09:00,110370,110630,110370,110520
2025-11-01T14:45:00+09:00,110520,110520,110340,110350
2025-11-01T15:00:00+09:00,110370,110410,110280,110310
2025-11-01T15:15:00+09:00,110310,110310,110250,110250
2025-11-01T15:30:00+09:00,110260,110380,110190,110210
2025-11-01T15:45:00+09:00,110210,110250,110170,110250
2025-11-01T16:00:00+09:00,110240,110360,110240,110310
2025-11-01T16:15:00+09:00,110310,110420,110310,110390
2025-11-01T16:30:00+09:00,110410,110460,110350,110360
2025-11-01T16:45:00+09:00,110360,110360,110270,110300
2025-11-01T17:00:00+09:00,110300,110410,110300,110380
2025-11-01T17:15:00+09:00,110380,110500,110380,110430
2025-11-01T17:30:00+09:00,110420,110450,110340,110380
2025-11-01T17:45:00+09:00,110370,110410,110340,110410
2025-11-01T18:00:00+09:00,110400,110410,110340,110390
2025-11-01T18:15:00+09:00,110400,110410,110300,110320
2025-11-01T18:30:00+09:00,110330,110340,110140,110140
2025-11-01T18:45:00+09:00,110150,110260,110090,110110
2025-11-01T19:00:00+09:00,110140,110220,110000,110010
2025-11-01T19:15:00+09:00,110030,110130,110020,110100
2025-11-01T19:30:00+09:00,110100,110150,110060,110150
2025-11-01T19:45:00+09:00,110140,110230,110130,110200
2025-11-01T20:00:00+09:00,110210,110280,110210,110250
2025-11-01T20:15:00+09:00,110240,110240,110080,110080
2025-11-01T20:30:00+09:00,110090,110090,110030,110090
2025-11-01T20:45:00+09:00,110090,110190,110070,110120
2025-11-01T21:00:00+09:00,110130,110180,110080,110080
2025-11-01T21:15:00+09:00,110090,110100,110000,110070
2025-11-01T21:30:00+09:00,110080,110140,110080,110130
2025-11-01T21:45:00+09:00,110130,110130,110000,110000
2025-11-01T22:00:00+09:00,110000,110030,109940,109940
2025-11-01T22:15:00+09:00,109950,110000,109950,109990
2025-11-01T22:30:00+09:00,109990,110050,109740,109790
2025-11-01T22:45:00+09:00,109800,110000,109800,109970
2025-11-01T23:00:00+09:00,109970,110000,109760,109770
2025-11-01T23:15:00+09:00,109790,109890,109780,109890
2025-11-01T23:30:00+09:00,109890,109960,109890,109950
2025-11-01T23:45:00+09:00,109950,109960,109920,109940
2025-11-02T00:00:00+09:00,109940,110360,109940,110230
2025-11-02T00:15:00+09:00,110230,110270,110030,110080
2025-11-02T00:30:00+09:00,110110,110200,110070,110120
2025-11-02T00:45:00+09:00,110120,110330,110110,110330
2025-11-02T01:00:00+09:00,110350,110490,110320,110320
2025-11-02T01:15:00+09:00,110320,110360,110310,110330
2025-11-02T01:30:00+09:00,110340,110500,110340,110490
2025-11-02T01:45:00+09:00,110500,110590,110500,110580
2025-11-02T02:00:00+09:00,110580,110590,110450,110470
2025-11-02T02:15:00+09:00,110470,110470,110390,110390
2025-11-02T02:30:00+09:00,110380,110500,110380,110480
2025-11-02T02:45:00+09:00,110470,110510,110360,110410
2025-11-02T03:00:00+09:00,110410,110480,110410,110460
2025-11-02T03:15:00+09:00,110450,110510,110450,110470
2025-11-02T03:30:00+09:00,110460,110460,110410,110420
2025-11-02T03:45:00+09:00,110430,110530,110430,110520
2025-11-02T04:00:00+09:00,110530,110530,110410,110410
2025-11-02T04:15:00+09:00,110410,110470,110400,110450
2025-11-02T04:30:00+09:00,110440,110460,110420,110460
2025-11-02T04:45:00+09:00,110460,110490,110460,110480
2025-11-02T05:00:00+09:00,110480,110530,110480,110530
2025-11-02T05:15:00+09:00,110530,110630,110530,110600
2025-11-02T05:30:00+09:00,110600,110660,110590,110640
2025-11-02T05:45:00+09:00,110620,110620,110590,110610
2025-11-02T06:00:00+09:00,110610,110610,110410,110410
2025-11-02T06:15:00+09:00,110420,110550,110420,110540
2025-11-02T06:30:00+09:00,110540,110540,110360,110390
2025-11-02T06:45:00+09:00,110380,110380,110060,110060
2025-11-02T07:00:00+09:00,110070,110230,110070,110190
2025-11-02T07:15:00+09:00,110160,110220,110150,110210
2025-11-02T07:30:00+09:00,110190,110230,110190,110230
2025-11-02T07:45:00+09:00,110230,110270,110200,110270
2025-11-02T08:00:00+09:00,110260,110260,110170,110220
2025-11-02T08:15:00+09:00,110220,110250,110170,110240
2025-11-02T08:30:00+09:00,110230,110240,110150,110190
2025-11-02T08:45:00+09:00,110210,110290,110210,110290
2025-11-02T09:00:00+09:00,110270,110280,110210,110230
2025-11-02T09:15:00+09:00,110230,110270,110110,110230
2025-11-02T09:30:00+09:00,110230,110250,110160,110190
2025-11-02T09:45:00+09:00,110220,110220,110180,110180
2025-11-02T10:00:00+09:00,110170,110190,110120,110190
2025-11-02T10:15:00+09:00,110180,110240,110180,110240
2025-11-02T10:30:00+09:00,110240,110270,110240,110270
2025-11-02T10:45:00+09:00,110240,110240,110150,110170
2025-11-02T11:00:00+09:00,110160,110160,110110,110150
2025-11-02T11:15:00+09:00,110150,110160,110100,110160
2025-11-02T11:30:00+09:00,110160,110380,110160,110220
2025-11-02T11:45:00+09:00,110240,110240,110160,110210
2025-11-02T12:00:00+09:00,110220,110230,110160,110220
2025-11-02T12:15:00+09:00,110230,110230,110190,110190
2025-11-02T12:30:00+09:00,110190,110220,110170,110190
2025-11-02T12:45:00+09:00,110220,110220,110170,110220
2025-11-02T13:00:00+09:00,110230,110300,110230,110290
2025-11-02T13:15:00+09:00,110270,110340,110270,110340
2025-11-02T13:30:00+09:00,110330,110620,110330,110620
2025-11-02T13:45:00+09:00,110610,110920,110610,110850
2025-11-02T14:00:00+09:00,110850,110860,110670,110690
2025-11-02T14:15:00+09:00,110730,110750,110550,110620
2025-11-02T14:30:00+09:00,110620,110680,110500,110640
2025-11-02T14:45:00+09:00,110640,110720,110600,110720
2025-11-02T15:00:00+09:00,110720,110720,110600,110600
2025-11-02T15:15:00+09:00,110600,110600,110550,110600
2025-11-02T15:30:00+09:00,110600,110670,110500,110670
2025-11-02T15:45:00+09:00,110680,110870,110680,110870
2025-11-02T16:00:00+09:00,110860,110860,110740,110750
2025-11-02T16:15:00+09:00,110740,110740,110640,110680
2025-11-02T16:30:00+09:00,110690,110860,110680,110860
2025-11-02T16:45:00+09:00,110850,111150,110850,111060
2025-11-02T17:00:00+09:00,111060,111110,110980,110990
2025-11-02T17:15:00+09:00,110990,111020,110900,110990
2025-11-02T17:30:00+09:00,110970,110990,110930,110990
2025-11-02T17:45:00+09:00,110980,111020,110980,110990
2025-11-02T18:00:00+09:00,111020,111140,111020,111140
2025-11-02T18:15:00+09:00,111120,111190,111120,111180
2025-11-02T18:30:00+09:00,111180,111180,110790,110790
2025-11-02T18:45:00+09:00,110790,110900,110740,110890
2025-11-02T19:00:00+09:00,110890,111000,110810,111000
2025-11-02T19:15:00+09:00,110960,110960,110750,110760
2025-11-02T19:30:00+09:00,110750,110750,110530,110600
2025-11-02T19:45:00+09:00,110560,110640,110550,110630
2025-11-02T20:00:00+09:00,110650,110800,110650,110800
2025-11-02T20:15:00+09:00,110810,110980,110810,110980
2025-11-02T20:30:00+09:00,110990,111070,110910,111040
2025-11-02T20:45:00+09:00,111070,111420,111060,111300
2025-11-02T21:00:00+09:00,111300,111360,111230,111240
2025-11-02T21:15:00+09:00,111250,111300,111080,111080
2025-11-02T21:30:00+09:00,111130,111160,110980,111020
2025-11-02T21:45:00+09:00,111010,111010,110890,110920
2025-11-02T22:00:00+09:00,110900,110930,110760,110800
2025-11-02T22:15:00+09:00,110790,110790,110410,110550
2025-11-02T22:30:00+09:00,110560,110630,110510,110530
2025-11-02T22:45:00+09:00,110550,110740,110500,110720
2025-11-02T23:00:00+09:00,110710,110820,110670,110680
2025-11-02T23:15:00+09:00,110670,110690,110420,110480
2025-11-02T23:30:00+09:00,110490,110660,110490,110550
2025-11-02T23:45:00+09:00,110550,110640,110410,110580
2025-11-03T00:00:00+09:00,110590,110590,110480,110570
2025-11-03T00:15:00+09:00,110550,110690,110550,110690
2025-11-03T00:30:00+09:00,110700,110710,110450,110450
2025-11-03T00:45:00+09:00,110430,110450,110280,110280
2025-11-03T01:00:00+09:00,110280,110280,110000,110000
2025-11-03T01:15:00+09:00,110000,110210,110000,110210
2025-11-03T01:30:00+09:00,110200,110240,110130,110200
2025-11-03T01:45:00+09:00,110190,110250,110110,110250
2025-11-03T02:00:00+09:00,110250,110350,110250,110340
2025-11-03T02:15:00+09:00,110350,110380,110320,110350
2025-11-03T02:30:00+09:00,110310,110310,110200,110220
2025-11-03T02:45:00+09:00,110200,110310,110180,110310
2025-11-03T03:00:00+09:00,110310,110390,110310,110370
2025-11-03T03:15:00+09:00,110320,110380,110320,110370
2025-11-03T03:30:00+09:00,110370,110430,110330,110430
2025-11-03T03:45:00+09:00,110420,110450,110410,110450
2025-11-03T04:00:00+09:00,110450,110460,110370,110380
2025-11-03T04:15:00+09:00,110340,110340,110140,110140
2025-11-03T04:30:00+09:00,110140,110260,110120,110180
2025-11-03T04:45:00+09:00,110190,110290,110180,110290
2025-11-03T05:00:00+09:00,110280,110310,110140,110140
2025-11-03T05:15:00+09:00,110130,110160,110040,110050
2025-11-03T05:30:00+09:00,110110,110190,110110,110190
2025-11-03T05:45:00+09:00,110160,110210,110160,110160
2025-11-03T06:00:00+09:00,110200,110230,110120,110120
2025-11-03T06:15:00+09:00,110130,110170,110130,110160
2025-11-03T06:30:00+09:00,110150,110180,110150,110180
2025-11-03T06:45:00+09:00,110180,110220,110140,110140
2025-11-03T07:00:00+09:00,110130,110140,110110,110130
2025-11-03T07:15:00+09:00,110140,110150,110140,110150
2025-11-03T07:30:00+09:00,110140,110140,109650,109820
2025-11-03T07:45:00+09:00,109810,110000,109740,110000
2025-11-03T08:00:00+09:00,110010,110580,110010,110570
2025-11-03T08:15:00+09:00,110560,110560,110310,110330
2025-11-03T08:30:00+09:00,110330,110630,110310,110560
2025-11-03T08:45:00+09:00,110550,110840,110480,110710
2025-11-03T09:00:00+09:00,110670,110850,110640,110760
2025-11-03T09:15:00+09:00,110800,110800,110500,110500
2025-11-03T09:30:00+09:00,110500,110510,110440,110440
2025-11-03T09:45:00+09:00,110420,110420,109960,109960
2025-11-03T10:00:00+09:00,109960,109980,109640,109910
2025-11-03T10:15:00+09:00,109900,109950,109690,109810
2025-11-03T10:30:00+09:00,109810,109930,109640,109930
2025-11-03T10:45:00+09:00,109920,110030,109780,109870
2025-11-03T11:00:00+09:00,109890,109950,109640,109900
2025-11-03T11:15:00+09:00,109860,109860,109530,109530
2025-11-03T11:30:00+09:00,109520,109520,109100,109130
2025-11-03T11:45:00+09:00,109110,109280,109000,109270
2025-11-03T12:00:00+09:00,109270,109360,108500,108500
2025-11-03T12:15:00+09:00,108500,108680,108230,108360
2025-11-03T12:30:00+09:00,108360,108590,108240,108490
2025-11-03T12:45:00+09:00,108460,108460,108140,108190
2025-11-03T13:00:00+09:00,108180,108190,107750,107960
2025-11-03T13:15:00+09:00,107970,108110,107750,108060
2025-11-03T13:30:00+09:00,108050,108150,107920,107960
2025-11-03T13:45:00+09:00,107950,108200,107950,108120
2025-11-03T14:00:00+09:00,108120,108210,108030,108190
2025-11-03T14:15:00+09:00,108180,108250,107970,108170
2025-11-03T14:30:00+09:00,108180,108220,107760,107810
2025-11-03T14:45:00+09:00,107800,107880,107640,107820
2025-11-03T15:00:00+09:00,107790,107820,107520,107570
2025-11-03T15:15:00+09:00,107570,107750,107570,107650
2025-11-03T15:30:00+09:00,107650,107810,107500,107530
2025-11-03T15:45:00+09:00,107520,107790,107250,107670
2025-11-03T16:00:00+09:00,107620,107670,107480,107640
2025-11-03T16:15:00+09:00,107610,107980,107530,107860
2025-11-03T16:30:00+09:00,107840,107880,107630,107630
2025-11-03T16:45:00+09:00,107680,107800,107540,107540
2025-11-03T17:00:00+09:00,107530,107770,107500,107650
2025-11-03T17:15:00+09:00,107620,107660,107280,107280
2025-11-03T17:30:00+09:00,107290,107320,107160,107280
2025-11-03T17:45:00+09:00,107290,107670,107050,107650
2025-11-03T18:00:00+09:00,107640,108000,107620,107870
2025-11-03T18:15:00+09:00,107870,107870,107360,107470
2025-11-03T18:30:00+09:00,107470,107510,107320,107420
2025-11-03T18:45:00+09:00,107390,107420,107180,107320
2025-11-03T19:00:00+09:00,107320,107650,107320,107620
2025-11-03T19:15:00+09:00,107620,107740,107610,107740
2025-11-03T19:30:00+09:00,107730,107730,107330,107390
2025-11-03T19:45:00+09:00,107380,107450,107000,107100
2025-11-03T20:00:00+09:00,107110,107710,107110,107670
2025-11-03T20:15:00+09:00,107670,107900,107610,107780
2025-11-03T20:30:00+09:00,107780,107890,107690,107880
2025-11-03T20:45:00+09:00,107880,108040,107840,107960
2025-11-03T21:00:00+09:00,107950,108330,107930,108240
2025-11-03T21:15:00+09:00,108250,108420,108250,108420
2025-11-03T21:30:00+09:00,108420,108420,108030,108030
2025-11-03T21:45:00+09:00,108010,108130,107900,107940
2025-11-03T22:00:00+09:00,107930,107950,107880,107920
2025-11-03T22:15:00+09:00,107920,107960,107800,107910
2025-11-03T22:30:00+09:00,107960,108200,107960,108060
2025-11-03T22:45:00+09:00,108060,108220,107990,108110
2025-11-03T23:00:00+09:00,108140,108510,108090,108090
2025-11-03T23:15:00+09:00,108080,108100,107770,107770
2025-11-03T23:30:00+09:00,107760,108030,107590,107830
2025-11-03T23:45:00+09:00,107810,108240,107730,108230
2025-11-04T00:00:00+09:00,108240,108300,107760,107870
2025-11-04T00:15:00+09:00,107870,107870,106000,106030
2025-11-04T00:30:00+09:00,106040,106680,105630,106380
2025-11-04T00:45:00+09:00,106310,106460,105460,105900
2025-11-04T01:00:00+09:00,105890,106320,105500,106240
2025-11-04T01:15:00+09:00,106190,106720,106000,106540
2025-11-04T01:30:00+09:00,106530,106750,106390,106600
2025-11-04T01:45:00+09:00,106640,106880,106580,106770
2025-11-04T02:00:00+09:00,106750,106990,106640,106910
2025-11-04T02:15:00+09:00,106910,107820,106900,107160
2025-11-04T02:30:00+09:00,107210,107600,107210,107520
2025-11-04T02:45:00+09:00,107540,107730,107430,107550
2025-11-04T03:00:00+09:00,107560,107650,107300,107300
2025-11-04T03:15:00+09:00,107310,107580,107210,107330
2025-11-04T03:30:00+09:00,107340,107460,106980,107000
2025-11-04T03:45:00+09:00,106990,107270,106980,107090
2025-11-04T04:00:00+09:00,107090,107130,106610,106950
2025-11-04T04:15:00+09:00,106930,107280,106930,107040
2025-11-04T04:30:00+09:00,107080,107500,107040,107410
2025-11-04T04:45:00+09:00,107420,107470,107190,107200
2025-11-04T05:00:00+09:00,107220,107300,106910,106910
2025-11-04T05:15:00+09:00,106900,106980,106730,106930
2025-11-04T05:30:00+09:00,106940,107160,106810,106810
2025-11-04T05:45:00+09:00,106810,106880,106500,106840
2025-11-04T06:00:00+09:00,106840,107270,106760,106760
2025-11-04T06:15:00+09:00,106780,106950,106310,106820
2025-11-04T06:30:00+09:00,106780,107190,106710,107190
2025-11-04T06:45:00+09:00,107190,107210,107020,107050
2025-11-04T07:00:00+09:00,107070,107080,106570,106670
2025-11-04T07:15:00+09:00,106700,106790,106370,106380
2025-11-04T07:30:00+09:00,106370,106620,106000,106580
2025-11-04T07:45:00+09:00,106600,106830,106530,106680
2025-11-04T08:00:00+09:00,106640,106650,106240,106450
2025-11-04T08:15:00+09:00,106450,106720,106450,106670
2025-11-04T08:30:00+09:00,106630,106940,106600,106810
2025-11-04T08:45:00+09:00,106810,106810,106670,106760
2025-11-04T09:00:00+09:00,106770,106790,106500,106500
2025-11-04T09:15:00+09:00,106520,106520,106030,106030
2025-11-04T09:30:00+09:00,106030,106980,106030,106970
2025-11-04T09:45:00+09:00,106920,106920,106510,106610
2025-11-04T10:00:00+09:00,106640,106850,106480,106760
2025-11-04T10:15:00+09:00,106760,107320,106720,106990
2025-11-04T10:30:00+09:00,107050,107420,107050,107310
2025-11-04T10:45:00+09:00,107290,107290,106880,107240
2025-11-04T11:00:00+09:00,107210,107210,106890,107110
2025-11-04T11:15:00+09:00,107120,107380,107020,107100
2025-11-04T11:30:00+09:00,107080,107150,106840,106930
2025-11-04T11:45:00+09:00,106880,106880,106660,106710
2025-11-04T12:00:00+09:00,106690,107030,106430,107030
2025-11-04T12:15:00+09:00,107080,107200,106950,107130
2025-11-04T12:30:00+09:00,107130,107390,107040,107370
2025-11-04T12:45:00+09:00,107340,107390,107220,107340
2025-11-04T13:00:00+09:00,107340,107460,107320,107350
2025-11-04T13:15:00+09:00,107370,107370,107110,107130
2025-11-04T13:30:00+09:00,107130,107210,106980,107070
2025-11-04T13:45:00+09:00,107020,107060,106910,106930
2025-11-04T14:00:00+09:00,106910,106910,106660,106780
2025-11-04T14:15:00+09:00,106780,106780,105720,105980
2025-11-04T14:30:00+09:00,105910,105910,105180,105200
2025-11-04T14:45:00+09:00,105190,105290,104430,104490
2025-11-04T15:00:00+09:00,104470,105000,104440,105000
2025-11-04T15:15:00+09:00,105000,105440,104930,105180
2025-11-04T15:30:00+09:00,105180,105180,104700,104780
2025-11-04T15:45:00+09:00,104770,104990,104730,104990
2025-11-04T16:00:00+09:00,104970,105120,104620,104650
2025-11-04T16:15:00+09:00,104640,104890,104580,104600
2025-11-04T16:30:00+09:00,104600,104920,104540,104590
2025-11-04T16:45:00+09:00,104590,104740,104510,104660
2025-11-04T17:00:00+09:00,104650,104670,104000,104010
2025-11-04T17:15:00+09:00,104010,104500,103910,104300
2025-11-04T17:30:00+09:00,104300,104650,104290,104530
2025-11-04T17:45:00+09:00,104530,104540,104060,104140
2025-11-04T18:00:00+09:00,104130,104140,103810,103920
2025-11-04T18:15:00+09:00,103930,104130,103790,103990
2025-11-04T18:30:00+09:00,103990,104230,103940,104000
2025-11-04T18:45:00+09:00,103980,104060,103760,103960
2025-11-04T19:00:00+09:00,103950,104020,103800,103800
2025-11-04T19:15:00+09:00,103820,103970,103690,103770
2025-11-04T19:30:00+09:00,103770,104100,103650,103870
2025-11-04T19:45:00+09:00,103880,103930,103500,103840
2025-11-04T20:00:00+09:00,103870,104290,103850,104260
2025-11-04T20:15:00+09:00,104240,104500,104220,104370
2025-11-04T20:30:00+09:00,104350,104730,104320,104640
2025-11-04T20:45:00+09:00,104610,104680,104520,104650
2025-11-04T21:00:00+09:00,104650,104670,104320,104370
2025-11-04T21:15:00+09:00,104360,104360,103970,104170
2025-11-04T21:30:00+09:00,104170,104170,103910,104110
2025-11-04T21:45:00+09:00,104110,104120,104000,104050
2025-11-04T22:00:00+09:00,104040,104100,103820,103930
2025-11-04T22:15:00+09:00,103920,104030,103630,103760
2025-11-04T22:30:00+09:00,103770,104250,103740,104250
2025-11-04T22:45:00+09:00,104240,104240,103970,104000
2025-11-04T23:00:00+09:00,103990,104060,103770,104000
2025-11-04T23:15:00+09:00,103970,104000,103800,103820
2025-11-04T23:30:00+09:00,103810,103950,103000,103930
2025-11-04T23:45:00+09:00,103940,104680,103900,104530
2025-11-05T00:00:00+09:00,104530,104850,104090,104090
2025-11-05T00:15:00+09:00,104120,104840,104120,104510
2025-11-05T00:30:00+09:00,104480,104480,104020,104140
2025-11-05T00:45:00+09:00,104130,104130,103230,103230
2025-11-05T01:00:00+09:00,103230,103500,103050,103130
2025-11-05T01:15:00+09:00,103110,103200,102510,102760
2025-11-05T01:30:00+09:00,102740,103020,102650,102720
2025-11-05T01:45:00+09:00,102740,102800,102240,102280
2025-11-05T02:00:00+09:00,102280,102280,101310,101370
2025-11-05T02:15:00+09:00,101390,101820,101000,101510
2025-11-05T02:30:00+09:00,101500,102000,101210,101440
2025-11-05T02:45:00+09:00,101430,101550,101140,101190
2025-11-05T03:00:00+09:00,101160,101190,100730,100880
2025-11-05T03:15:00+09:00,100920,100930,100340,100720
2025-11-05T03:30:00+09:00,100720,101240,100040,101240
2025-11-05T03:45:00+09:00,101190,101490,100560,101430
2025-11-05T04:00:00+09:00,101390,101500,100980,101480
2025-11-05T04:15:00+09:00,101470,101760,101290,101380
2025-11-05T04:30:00+09:00,101370,101460,100780,100880
2025-11-05T04:45:00+09:00,100890,101050,100520,100610
2025-11-05T05:00:00+09:00,100610,100800,100370,100610
2025-11-05T05:15:00+09:00,100610,100650,99695,100620
2025-11-05T05:30:00+09:00,100620,101090,100100,100990
2025-11-05T05:45:00+09:00,101020,101180,100650,100840
2025-11-05T06:00:00+09:00,100850,100880,100340,100390
2025-11-05T06:15:00+09:00,100390,100450,99840,100010
2025-11-05T06:30:00+09:00,100020,100020,99045,99373
2025-11-05T06:45:00+09:00,99390,100420,99266,100400
2025-11-05T07:00:00+09:00,100350,101030,100180,100980
2025-11-05T07:15:00+09:00,100990,101360,100900,101180
2025-11-05T07:30:00+09:00,101180,101890,101140,101220
2025-11-05T07:45:00+09:00,101260,101480,101000,101350
2025-11-05T08:00:00+09:00,101300,101630,101000,101310
2025-11-05T08:15:00+09:00,101330,101400,101100,101330
2025-11-05T08:30:00+09:00,101300,101500,101190,101490
2025-11-05T08:45:00+09:00,101480,101840,101440,101560
2025-11-05T09:00:00+09:00,101560,101820,101200,101200
2025-11-05T09:15:00+09:00,101200,101550,101070,101120
2025-11-05T09:30:00+09:00,101090,101180,100540,100570
2025-11-05T09:45:00+09:00,100550,100800,100500,100670
2025-11-05T10:00:00+09:00,100690,100700,100180,100460
2025-11-05T10:15:00+09:00,100490,100490,99241,99244
2025-11-05T10:30:00+09:00,99255,99690,99129,99459
2025-11-05T10:45:00+09:00,99484,101000,99398,100820
2025-11-05T11:00:00+09:00,100860,101670,100860,101240
2025-11-05T11:15:00+09:00,101210,101570,101010,101390
2025-11-05T11:30:00+09:00,101390,101790,101270,101790
2025-11-05T11:45:00+09:00,101800,102000,101390,101780
2025-11-05T12:00:00+09:00,101810,101980,101600,101810
2025-11-05T12:15:00+09:00,101840,102170,101640,102170
2025-11-05T12:30:00+09:00,102150,102300,101980,102280
2025-11-05T12:45:00+09:00,102300,102370,102100,102220
2025-11-05T13:00:00+09:00,102210,102290,102000,102010
2025-11-05T13:15:00+09:00,102050,102070,101650,101660
2025-11-05T13:30:00+09:00,101670,102220,101640,102180
2025-11-05T13:45:00+09:00,102190,102250,101900,102090
2025-11-05T14:00:00+09:00,102070,102410,102050,102380
2025-11-05T14:15:00+09:00,102360,102410,101770,102010
2025-11-05T14:30:00+09:00,101990,102140,101860,101930
2025-11-05T14:45:00+09:00,101920,101930,101740,101930
2025-11-05T15:00:00+09:00,101950,101970,101650,101810
2025-11-05T15:15:00+09:00,101810,102090,101690,102070
2025-11-05T15:30:00+09:00,102070,102240,101920,102050
2025-11-05T15:45:00+09:00,102020,102290,102020,102260
2025-11-05T16:00:00+09:00,102280,102290,101960,102070
2025-11-05T16:15:00+09:00,102090,102130,101800,102020
2025-11-05T16:30:00+09:00,102010,102130,101940,102090
2025-11-05T16:45:00+09:00,102120,102310,102070,102200
2025-11-05T17:00:00+09:00,102190,102190,101860,101900
2025-11-05T17:15:00+09:00,101900,101900,101370,101650
2025-11-05T17:30:00+09:00,101620,101930,101570,101680
2025-11-05T17:45:00+09:00,101690,102000,101400,101900
2025-11-05T18:00:00+09:00,101880,102340,101810,102060
2025-11-05T18:15:00+09:00,102060,102170,101800,102040
2025-11-05T18:30:00+09:00,102050,102140,101940,102110
2025-11-05T18:45:00+09:00,102090,102150,101900,102120
2025-11-05T19:00:00+09:00,102110,102110,101870,101910
2025-11-05T19:15:00+09:00,101890,101980,101790,101940
2025-11-05T19:30:00+09:00,101940,101970,101740,101850
2025-11-05T19:45:00+09:00,101830,101840,101430,101500
2025-11-05T20:00:00+09:00,101530,101800,101520,101700
2025-11-05T20:15:00+09:00,101710,102000,101640,101690
2025-11-05T20:30:00+09:00,101740,101940,101740,101910
2025-11-05T20:45:00+09:00,101890,102220,101890,102200
2025-11-05T21:00:00+09:00,102210,102240,102110,102170
2025-11-05T21:15:00+09:00,102200,102900,102180,102700
2025-11-05T21:30:00+09:00,102690,102890,102510,102880
2025-11-05T21:45:00+09:00,102870,102870,102660,102810
2025-11-05T22:00:00+09:00,102810,102900,102670,102670
2025-11-05T22:15:00+09:00,102660,102710,102460,102700
2025-11-05T22:30:00+09:00,102660,103000,102550,102960
2025-11-05T22:45:00+09:00,102920,103350,102920,103110
2025-11-05T23:00:00+09:00,103100,103110,102770,102790
2025-11-05T23:15:00+09:00,102790,102870,102680,102820
2025-11-05T23:30:00+09:00,102760,103470,102290,103090
2025-11-05T23:45:00+09:00,103090,103500,103000,103290
2025-11-06T00:00:00+09:00,103300,103500,102950,103090
2025-11-06T00:15:00+09:00,103100,103520,103100,103440
2025-11-06T00:30:00+09:00,103510,103880,103380,103710
2025-11-06T00:45:00+09:00,103670,103840,103630,103790
2025-11-06T01:00:00+09:00,103800,103900,103410,103410
2025-11-06T01:15:00+09:00,103410,103620,103200,103620
2025-11-06T01:30:00+09:00,103620,103870,103590,103720
2025-11-06T01:45:00+09:00,103740,104100,103720,104060
2025-11-06T02:00:00+09:00,104010,104040,103490,103560
2025-11-06T02:15:00+09:00,103560,104090,103560,104040
2025-11-06T02:30:00+09:00,104010,104070,103820,104010
2025-11-06T02:45:00+09:00,104000,104010,103640,104010
2025-11-06T03:00:00+09:00,103980,104050,103890,104010
2025-11-06T03:15:00+09:00,104030,104240,104020,104240
2025-11-06T03:30:00+09:00,104230,104330,104150,104270
2025-11-06T03:45:00+09:00,104270,104500,104210,104420
2025-11-06T04:00:00+09:00,104370,104370,104170,104230
2025-11-06T04:15:00+09:00,104230,104540,104230,104280
2025-11-06T04:30:00+09:00,104250,104490,104250,104370
2025-11-06T04:45:00+09:00,104370,104370,104030,104090
2025-11-06T05:00:00+09:00,104070,104580,104030,104570
2025-11-06T05:15:00+09:00,104580,104580,104100,104100
2025-11-06T05:30:00+09:00,104080,104080,103820,103980
2025-11-06T05:45:00+09:00,103950,104020,103690,103940
2025-11-06T06:00:00+09:00,103920,103920,103700,103700
2025-11-06T06:15:00+09:00,103700,103840,103570,103590
2025-11-06T06:30:00+09:00,103640,103760,103630,103700
2025-11-06T06:45:00+09:00,103670,103790,103660,103740
2025-11-06T07:00:00+09:00,103720,103730,103340,103360
2025-11-06T07:15:00+09:00,103380,103500,103360,103440
2025-11-06T07:30:00+09:00,103450,103680,103350,103650
2025-11-06T07:45:00+09:00,103650,103820,103570,103760
2025-11-06T08:00:00+09:00,103810,103890,103740,103840
2025-11-06T08:15:00+09:00,103860,104000,103860,103990
2025-11-06T08:30:00+09:00,103970,104110,103930,104110
2025-11-06T08:45:00+09:00,104110,104110,103910,103940
2025-11-06T09:00:00+09:00,103940,103950,103490,103830
2025-11-06T09:15:00+09:00,103810,103830,103390,103520
2025-11-06T09:30:00+09:00,103530,103610,103430,103490
2025-11-06T09:45:00+09:00,103490,103770,103490,103760
2025-11-06T10:00:00+09:00,103710,103710,103250,103310
2025-11-06T10:15:00+09:00,103320,103320,102880,102900
2025-11-06T10:30:00+09:00,102960,103500,102930,103440
2025-11-06T10:45:00+09:00,103450,103650,103450,103490
2025-11-06T11:00:00+09:00,103500,103500,103080,103160
2025-11-06T11:15:00+09:00,103110,103250,103010,103060
2025-11-06T11:30:00+09:00,103070,103580,103070,103480
2025-11-06T11:45:00+09:00,103510,103690,103490,103490
2025-11-06T12:00:00+09:00,103500,103720,103500,103700
2025-11-06T12:15:00+09:00,103720,104000,103710,103720
2025-11-06T12:30:00+09:00,103740,103920,103740,103780
2025-11-06T12:45:00+09:00,103800,103860,103740,103780
2025-11-06T13:00:00+09:00,103790,104000,103750,103980
2025-11-06T13:15:00+09:00,103970,103980,103890,103950
2025-11-06T13:30:00+09:00,103940,104000,103870,104000
2025-11-06T13:45:00+09:00,104000,104300,104000,104220
2025-11-06T14:00:00+09:00,104220,104220,103600,103690
2025-11-06T14:15:00+09:00,103620,103830,103580,103690
2025-11-06T14:30:00+09:00,103690,103700,103250,103430
2025-11-06T14:45:00+09:00,103430,103470,103250,103300
2025-11-06T15:00:00+09:00,103310,103460,103180,103450
2025-11-06T15:15:00+09:00,103460,103690,103460,103690
2025-11-06T15:30:00+09:00,103710,103760,103450,103530
2025-11-06T15:45:00+09:00,103520,103630,103480,103510
2025-11-06T16:00:00+09:00,103510,103700,103400,103450
2025-11-06T16:15:00+09:00,103470,103730,103100,103620
2025-11-06T16:30:00+09:00,103610,103660,103220,103350
2025-11-06T16:45:00+09:00,103360,103440,103160,103390
2025-11-06T17:00:00+09:00,103360,103440,103180,103430
2025-11-06T17:15:00+09:00,103450,103600,103450,103510
2025-11-06T17:30:00+09:00,103530,103550,103380,103380
2025-11-06T17:45:00+09:00,103370,103470,103250,103370
2025-11-06T18:00:00+09:00,103410,103450,103040,103260
2025-11-06T18:15:00+09:00,103290,103320,103170,103190
2025-11-06T18:30:00+09:00,103160,103260,103140,103160
2025-11-06T18:45:00+09:00,103170,103270,103020,103020
2025-11-06T19:00:00+09:00,103020,103150,102840,103070
2025-11-06T19:15:00+09:00,103070,103300,103070,103220
2025-11-06T19:30:00+09:00,103230,103490,103230,103330
2025-11-06T19:45:00+09:00,103330,103410,103220,103300
2025-11-06T20:00:00+09:00,103290,103290,102910,103050
2025-11-06T20:15:00+09:00,103030,103360,103030,103340
2025-11-06T20:30:00+09:00,103330,103430,103300,103350
2025-11-06T20:45:00+09:00,103350,103460,103320,103400
2025-11-06T21:00:00+09:00,103410,103470,103180,103220
2025-11-06T21:15:00+09:00,103210,103210,102970,103010
2025-11-06T21:30:00+09:00,103000,103130,102630,102650
2025-11-06T21:45:00+09:00,102650,102820,102560,102760
2025-11-06T22:00:00+09:00,102780,103090,102770,103080
2025-11-06T22:15:00+09:00,103080,103770,103010,103640
2025-11-06T22:30:00+09:00,103670,103680,103330,103450
2025-11-06T22:45:00+09:00,103450,103660,103450,103470
2025-11-06T23:00:00+09:00,103480,103700,102870,103190
2025-11-06T23:15:00+09:00,103180,103230,102920,103000
2025-11-06T23:30:00+09:00,103000,103000,102350,102610
2025-11-06T23:45:00+09:00,102730,103000,102150,102240
2025-11-07T00:00:00+09:00,102230,102540,102020,102350
2025-11-07T00:15:00+09:00,102330,103000,102240,102610
2025-11-07T00:30:00+09:00,102530,102530,101840,101840
2025-11-07T00:45:00+09:00,102000,102260,101800,102150
2025-11-07T01:00:00+09:00,102160,102490,101950,101950
2025-11-07T01:15:00+09:00,101920,102070,101690,101940
2025-11-07T01:30:00+09:00,101860,101860,100500,100700
2025-11-07T01:45:00+09:00,100700,101180,100450,100920
2025-11-07T02:00:00+09:00,101020,101470,100840,101000
2025-11-07T02:15:00+09:00,100990,101490,100890,101480
2025-11-07T02:30:00+09:00,101470,101570,101270,101360
2025-11-07T02:45:00+09:00,101370,101940,101370,101840
2025-11-07T03:00:00+09:00,101810,101810,101340,101390
2025-11-07T03:15:00+09:00,101400,101530,101000,101410
2025-11-07T03:30:00+09:00,101380,101850,101380,101710
2025-11-07T03:45:00+09:00,101720,102310,101690,101770
2025-11-07T04:00:00+09:00,101760,101990,101640,101990
2025-11-07T04:15:00+09:00,102000,102030,101700,101900
2025-11-07T04:30:00+09:00,101850,101910,101310,101540
2025-11-07T04:45:00+09:00,101510,101620,101270,101460
2025-11-07T05:00:00+09:00,101440,101660,101340,101340
2025-11-07T05:15:00+09:00,101400,101470,101130,101130
2025-11-07T05:30:00+09:00,101140,101210,100760,100810
2025-11-07T05:45:00+09:00,100840,101170,100780,100970
2025-11-07T06:00:00+09:00,100980,101090,100660,100680
2025-11-07T06:15:00+09:00,100700,100930,100650,100930
2025-11-07T06:30:00+09:00,100940,101190,100880,101060
2025-11-07T06:45:00+09:00,101050,101230,100820,101180
2025-11-07T07:00:00+09:00,101180,101440,101080,101080
2025-11-07T07:15:00+09:00,101070,101370,101070,101210
2025-11-07T07:30:00+09:00,101180,101350,101150,101280
2025-11-07T07:45:00+09:00,101270,101500,101180,101500
2025-11-07T08:00:00+09:00,101460,101500,101260,101500
2025-11-07T08:15:00+09:00,101400,101580,101220,101360
2025-11-07T08:30:00+09:00,101400,101440,101240,101290
2025-11-07T08:45:00+09:00,101300,101450,101300,101450
2025-11-07T09:00:00+09:00,101400,101710,101330,101420
2025-11-07T09:15:00+09:00,101430,101590,100880,101020
2025-11-07T09:30:00+09:00,101010,101490,100880,101480
2025-11-07T09:45:00+09:00,101470,101720,101410,101570
2025-11-07T10:00:00+09:00,101600,101660,101180,101460
2025-11-07T10:15:00+09:00,101410,101990,101340,101790
2025-11-07T10:30:00+09:00,101780,101780,101010,101200
2025-11-07T10:45:00+09:00,101170,101670,101090,101670
2025-11-07T11:00:00+09:00,101640,101740,101530,101670
2025-11-07T11:15:00+09:00,101700,101770,101370,101370
2025-11-07T11:30:00+09:00,101380,101710,101360,101630
2025-11-07T11:45:00+09:00,101660,102000,101630,102000
2025-11-07T12:00:00+09:00,101970,102390,101970,102350
2025-11-07T12:15:00+09:00,102340,102390,102220,102340
2025-11-07T12:30:00+09:00,102340,102370,102190,102230
2025-11-07T12:45:00+09:00,102220,102220,102000,102030
2025-11-07T13:00:00+09:00,102010,102070,101700,101700
2025-11-07T13:15:00+09:00,101710,102150,101710,102080
2025-11-07T13:30:00+09:00,102090,102090,101850,101950
2025-11-07T13:45:00+09:00,101950,102140,101880,102140
2025-11-07T14:00:00+09:00,102140,102600,102140,102550
2025-11-07T14:15:00+09:00,102560,102590,102400,102540
2025-11-07T14:30:00+09:00,102510,102510,102430,102450
2025-11-07T14:45:00+09:00,102440,102610,102420,102600
2025-11-07T15:00:00+09:00,102580,102630,102430,102480
2025-11-07T15:15:00+09:00,102480,102620,102390,102390
2025-11-07T15:30:00+09:00,102380,102380,102230,102240
2025-11-07T15:45:00+09:00,102230,102230,102000,102000
2025-11-07T16:00:00+09:00,102000,102120,102000,102050
2025-11-07T16:15:00+09:00,102020,102150,101850,101980
2025-11-07T16:30:00+09:00,101980,102010,101810,101880
2025-11-07T16:45:00+09:00,101880,102130,101880,102130
2025-11-07T17:00:00+09:00,102120,102130,101980,102030
2025-11-07T17:15:00+09:00,102030,102060,101830,101930
2025-11-07T17:30:00+09:00,101930,101930,101650,101750
2025-11-07T17:45:00+09:00,101710,101710,101560,101620
2025-11-07T18:00:00+09:00,101600,101600,101360,101490
2025-11-07T18:15:00+09:00,101490,101590,101110,101120
2025-11-07T18:30:00+09:00,101110,101230,101000,101080
2025-11-07T18:45:00+09:00,101080,101180,100970,101170
2025-11-07T19:00:00+09:00,101130,101390,101130,101150
2025-11-07T19:15:00+09:00,101140,101140,100860,100890
2025-11-07T19:30:00+09:00,100870,101080,100800,101080
2025-11-07T19:45:00+09:00,101090,101120,100780,100970
2025-11-07T20:00:00+09:00,100940,100950,100310,100320
2025-11-07T20:15:00+09:00,100310,100420,100000,100080
2025-11-07T20:30:00+09:00,100070,100420,100070,100270
2025-11-07T20:45:00+09:00,100290,100760,100240,100550
2025-11-07T21:00:00+09:00,100560,100770,100440,100440
2025-11-07T21:15:00+09:00,100430,100470,100050,100060
2025-11-07T21:30:00+09:00,100090,100090,99830,99926
2025-11-07T21:45:00+09:00,99906,99906,99459,99780
2025-11-07T22:00:00+09:00,99750,100460,99595,100190
2025-11-07T22:15:00+09:00,100180,100640,100080,100270
2025-11-07T22:30:00+09:00,100270,100520,100270,100360
2025-11-07T22:45:00+09:00,100330,100720,100330,100480
2025-11-07T23:00:00+09:00,100460,100630,100190,100490
2025-11-07T23:15:00+09:00,100480,100480,100220,100400
2025-11-07T23:30:00+09:00,100420,100900,99702,100900
2025-11-07T23:45:00+09:00,100930,100970,100430,100870
2025-11-08T00:00:00+09:00,100880,101280,100490,101210
2025-11-08T00:15:00+09:00,101180,101330,100790,101220
2025-11-08T00:30:00+09:00,101100,101200,100540,100770
2025-11-08T00:45:00+09:00,100780,101220,100740,100940
2025-11-08T01:00:00+09:00,100930,101030,100690,100690
2025-11-08T01:15:00+09:00,100680,101740,100640,101660
2025-11-08T01:30:00+09:00,101710,101720,101240,101520
2025-11-08T01:45:00+09:00,101520,101550,101100,101310
2025-11-08T02:00:00+09:00,101290,101740,101110,101740
2025-11-08T02:15:00+09:00,101720,102500,101710,102400
2025-11-08T02:30:00+09:00,102400,102780,102170,102200
2025-11-08T02:45:00+09:00,102170,102530,102000,102480
2025-11-08T03:00:00+09:00,102490,102890,102460,102720
2025-11-08T03:15:00+09:00,102690,102930,102530,102780
2025-11-08T03:30:00+09:00,102800,102910,102660,102700
2025-11-08T03:45:00+09:00,102750,102830,102430,102720
2025-11-08T04:00:00+09:00,102700,102880,102610,102880
2025-11-08T04:15:00+09:00,102910,103010,102890,102910
2025-11-08T04:30:00+09:00,102930,103360,102930,103360
2025-11-08T04:45:00+09:00,103360,103460,103210,103460
2025-11-08T05:00:00+09:00,103460,103500,103070,103450
2025-11-08T05:15:00+09:00,103450,103480,103100,103290
2025-11-08T05:30:00+09:00,103280,103900,103280,103900
2025-11-08T05:45:00+09:00,103890,103930,103730,103820
2025-11-08T06:00:00+09:00,103800,103800,103410,103480
2025-11-08T06:15:00+09:00,103490,103590,103380,103450
2025-11-08T06:30:00+09:00,103490,103540,103420,103510
2025-11-08T06:45:00+09:00,103480,103900,103480,103900
2025-11-08T07:00:00+09:00,103910,104100,103710,103710
2025-11-08T07:15:00+09:00,103740,104010,103740,103970
2025-11-08T07:30:00+09:00,103920,103920,103730,103730
2025-11-08T07:45:00+09:00,103720,103870,103620,103660
2025-11-08T08:00:00+09:00,103640,103750,103510,103610
2025-11-08T08:15:00+09:00,103620,103660,103500,103500
2025-11-08T08:30:00+09:00,103530,103610,103460,103460
2025-11-08T08:45:00+09:00,103460,103540,103360,103360
2025-11-08T09:00:00+09:00,103370,103390,103160,103300
2025-11-08T09:15:00+09:00,103310,103390,103060,103060
2025-11-08T09:30:00+09:00,103060,103130,102610,102960
2025-11-08T09:45:00+09:00,102930,103210,102700,102780
2025-11-08T10:00:00+09:00,102760,103160,102740,102930
2025-11-08T10:15:00+09:00,102940,103120,102940,103030
2025-11-08T10:30:00+09:00,103020,103270,102910,103110
2025-11-08T10:45:00+09:00,103090,103160,103050,103050
2025-11-08T11:00:00+09:00,103040,103190,103000,103190
2025-11-08T11:15:00+09:00,103160,103340,103150,103330
2025-11-08T11:30:00+09:00,103310,103350,103200,103230
2025-11-08T11:45:00+09:00,103220,103220,102830,102930
2025-11-08T12:00:00+09:00,102940,103230,102940,103150
2025-11-08T12:15:00+09:00,103160,103330,103150,103190
2025-11-08T12:30:00+09:00,103180,103180,102760,102820
2025-11-08T12:45:00+09:00,102820,102870,102660,102660
2025-11-08T13:00:00+09:00,102750,102860,102750,102790
2025-11-08T13:15:00+09:00,102780,102800,102610,102610
2025-11-08T13:30:00+09:00,102600,102880,102540,102860
2025-11-08T13:45:00+09:00,102860,102930,102620,102690
2025-11-08T14:00:00+09:00,102700,102860,102620,102650
2025-11-08T14:15:00+09:00,102660,102750,102590,102630
2025-11-08T14:30:00+09:00,102620,102710,102580,102600
2025-11-08T14:45:00+09:00,102620,102670,102460,102460
2025-11-08T15:00:00+09:00,102460,102490,102260,102260
2025-11-08T15:15:00+09:00,102240,102550,102240,102480
2025-11-08T15:30:00+09:00,102470,102650,102470,102590
2025-11-08T15:45:00+09:00,102570,102600,102360,102370
2025-11-08T16:00:00+09:00,102370,102420,102310,102420
2025-11-08T16:15:00+09:00,102420,102530,102070,102200
2025-11-08T16:30:00+09:00,102220,102400,102160,102390
2025-11-08T16:45:00+09:00,102400,102550,102390,102490
2025-11-08T17:00:00+09:00,102510,102670,102440,102510
2025-11-08T17:15:00+09:00,102520,102630,102320,102570
2025-11-08T17:30:00+09:00,102580,102810,102570,102760
2025-11-08T17:45:00+09:00,102760,102760,102600,102600
2025-11-08T18:00:00+09:00,102590,102590,102390,102410
2025-11-08T18:15:00+09:00,102410,102640,102380,102630
2025-11-08T18:30:00+09:00,102590,102740,102590,102670
2025-11-08T18:45:00+09:00,102690,102690,102460,102530
2025-11-08T19:00:00+09:00,102510,102520,102460,102520
2025-11-08T19:15:00+09:00,102510,102670,102470,102660
2025-11-08T19:30:00+09:00,102660,102700,102590,102630
2025-11-08T19:45:00+09:00,102630,102720,102630,102660
2025-11-08T20:00:00+09:00,102650,102760,102610,102760
2025-11-08T20:15:00+09:00,102730,102780,102640,102670
2025-11-08T20:30:00+09:00,102670,102670,102120,102170
2025-11-08T20:45:00+09:00,102180,102220,101910,102030
2025-11-08T21:00:00+09:00,102010,102200,101900,101920
2025-11-08T21:15:00+09:00,101920,102190,101910,102160
2025-11-08T21:30:00+09:00,102170,102230,102090,102090
2025-11-08T21:45:00+09:00,102080,102230,102050,102200
2025-11-08T22:00:00+09:00,102220,102240,101900,102120
2025-11-08T22:15:00+09:00,102150,102310,102040,102260
2025-11-08T22:30:00+09:00,102240,102340,102070,102120
2025-11-08T22:45:00+09:00,102150,102150,101940,101950
2025-11-08T23:00:00+09:00,101950,101960,101750,101760
2025-11-08T23:15:00+09:00,101750,101890,101610,101860
2025-11-08T23:30:00+09:00,101850,102190,101850,102080
2025-11-08T23:45:00+09:00,102070,102190,101980,101980
2025-11-09T00:00:00+09:00,101990,102060,101940,102010
2025-11-09T00:15:00+09:00,102030,102080,101690,101690
2025-11-09T00:30:00+09:00,101690,101790,101650,101710
2025-11-09T00:45:00+09:00,101710,101870,101690,101850
2025-11-09T01:00:00+09:00,101860,102040,101700,102040
2025-11-09T01:15:00+09:00,102040,102100,101880,101980
2025-11-09T01:30:00+09:00,102010,102090,101920,101920
2025-11-09T01:45:00+09:00,101910,102010,101880,102010
2025-11-09T02:00:00+09:00,102000,102010,101730,101800
2025-11-09T02:15:00+09:00,101790,102000,101790,101980
2025-11-09T02:30:00+09:00,101980,102070,101930,102030
2025-11-09T02:45:00+09:00,102040,102140,101960,102130
2025-11-09T03:00:00+09:00,102130,102160,102080,102140
2025-11-09T03:15:00+09:00,102140,102160,101970,102120
2025-11-09T03:30:00+09:00,102150,102250,102080,102200
2025-11-09T03:45:00+09:00,102200,102350,102160,102310
2025-11-09T04:00:00+09:00,102310,102310,102260,102290
2025-11-09T04:15:00+09:00,102290,102300,101700,101970
2025-11-09T04:30:00+09:00,101960,102170,101940,102070
2025-11-09T04:45:00+09:00,102120,102160,102030,102150
2025-11-09T05:00:00+09:00,102140,102230,102120,102150
2025-11-09T05:15:00+09:00,102150,102260,102150,102250
2025-11-09T05:30:00+09:00,102260,102290,102230,102280
2025-11-09T05:45:00+09:00,102290,102330,102210,102210
2025-11-09T06:00:00+09:00,102230,102280,102230,102250
2025-11-09T06:15:00+09:00,102220,102280,102220,102260
2025-11-09T06:30:00+09:00,102270,102490,102270,102490
2025-11-09T06:45:00+09:00,102480,102500,102390,102440
2025-11-09T07:00:00+09:00,102430,102500,102370,102500
2025-11-09T07:15:00+09:00,102500,102510,102390,102500
2025-11-09T07:30:00+09:00,102500,102500,102410,102430
2025-11-09T07:45:00+09:00,102430,102590,102430,102570
2025-11-09T08:00:00+09:00,102570,102590,102530,102570
2025-11-09T08:15:00+09:00,102570,102630,102570,102630
2025-11-09T08:30:00+09:00,102630,102650,102530,102560
2025-11-09T08:45:00+09:00,102560,102560,102460,102480
2025-11-09T09:00:00+09:00,102480,102510,102230,102230
2025-11-09T09:15:00+09:00,102240,102240,101820,101940
2025-11-09T09:30:00+09:00,101960,102220,101960,102170
2025-11-09T09:45:00+09:00,102180,102180,101900,101970
2025-11-09T10:00:00+09:00,101960,102160,101960,102110
2025-11-09T10:15:00+09:00,102110,102140,101920,101970
2025-11-09T10:30:00+09:00,102000,102120,101890,102120
2025-11-09T10:45:00+09:00,102130,102260,102130,102210
2025-11-09T11:00:00+09:00,102200,102200,102000,102040
2025-11-09T11:15:00+09:00,102020,102160,102010,102080
2025-11-09T11:30:00+09:00,102080,102080,101940,101960
2025-11-09T11:45:00+09:00,101960,102040,101770,101810
2025-11-09T12:00:00+09:00,101820,101940,101730,101900
2025-11-09T12:15:00+09:00,101860,101950,101600,101690
2025-11-09T12:30:00+09:00,101680,101910,101640,101850
2025-11-09T12:45:00+09:00,101840,101900,101700,101840
2025-11-09T13:00:00+09:00,101830,101980,101820,101960
2025-11-09T13:15:00+09:00,101970,102250,101970,102210
2025-11-09T13:30:00+09:00,102220,102230,102030,102040
2025-11-09T13:45:00+09:00,102030,102040,101880,101910
2025-11-09T14:00:00+09:00,101910,101950,101860,101950
2025-11-09T14:15:00+09:00,101960,102110,101940,102110
2025-11-09T14:30:00+09:00,102120,102130,101920,101970
2025-11-09T14:45:00+09:00,101970,102080,101970,102060
2025-11-09T15:00:00+09:00,102090,102100,101990,102040
2025-11-09T15:15:00+09:00,102020,102080,102010,102040
2025-11-09T15:30:00+09:00,102030,102110,101970,102080
2025-11-09T15:45:00+09:00,102090,102110,101900,101910
2025-11-09T16:00:00+09:00,101910,102030,101870,101970
2025-11-09T16:15:00+09:00,101960,101980,101920,101950
2025-11-09T16:30:00+09:00,101970,102060,101960,102040
2025-11-09T16:45:00+09:00,102040,102100,102030,102090
2025-11-09T17:00:00+09:00,102100,102140,102070,102120
2025-11-09T17:15:00+09:00,102130,102180,102000,102090
2025-11-09T17:30:00+09:00,102100,102180,102030,102090
2025-11-09T17:45:00+09:00,102090,102120,102040,102100
2025-11-09T18:00:00+09:00,102110,102270,102110,102180
2025-11-09T18:15:00+09:00,102190,102270,102060,102130
2025-11-09T18:30:00+09:00,102120,102200,102080,102080
2025-11-09T18:45:00+09:00,102080,102080,101780,101850
2025-11-09T19:00:00+09:00,101850,101850,101690,101750
2025-11-09T19:15:00+09:00,101770,101970,101710,101950
2025-11-09T19:30:00+09:00,101940,101940,101780,101920
2025-11-09T19:45:00+09:00,101920,102080,101920,102070
2025-11-09T20:00:00+09:00,102080,102340,102040,102340
2025-11-09T20:15:00+09:00,102360,102470,102320,102330
2025-11-09T20:30:00+09:00,102320,102380,102260,102380
2025-11-09T20:45:00+09:00,102370,102470,102360,102420
2025-11-09T21:00:00+09:00,102420,102440,102310,102430
2025-11-09T21:15:00+09:00,102410,102540,102320,102320
2025-11-09T21:30:00+09:00,102330,102440,102280,102310
2025-11-09T21:45:00+09:00,102310,102370,102230,102250
2025-11-09T22:00:00+09:00,102250,102590,102250,102510
2025-11-09T22:15:00+09:00,102540,102670,102510,102670
2025-11-09T22:30:00+09:00,102660,103000,102650,102960
2025-11-09T22:45:00+09:00,102960,103150,102880,103050
2025-11-09T23:00:00+09:00,103050,103300,102910,103200
2025-11-09T23:15:00+09:00,103200,103950,103100,103950
2025-11-09T23:30:00+09:00,103950,104100,103330,103400
2025-11-09T23:45:00+09:00,103450,103450,103040,103080
2025-11-10T00:00:00+09:00,103160,103550,103110,103460
2025-11-10T00:15:00+09:00,103470,103660,103470,103650
2025-11-10T00:30:00+09:00,103630,103990,103630,103920
2025-11-10T00:45:00+09:00,103930,104240,103830,103870
2025-11-10T01:00:00+09:00,103840,103920,103500,103500
2025-11-10T01:15:00+09:00,103510,103630,103500,103590
2025-11-10T01:30:00+09:00,103580,103650,103480,103620
2025-11-10T01:45:00+09:00,103620,103970,103620,103940
2025-11-10T02:00:00+09:00,103950,104000,103700,103740
2025-11-10T02:15:00+09:00,103690,103690,103390,103640
2025-11-10T02:30:00+09:00,103640,103840,103510,103520
2025-11-10T02:45:00+09:00,103560,103680,103560,103640
2025-11-10T03:00:00+09:00,103650,103770,103630,103660
2025-11-10T03:15:00+09:00,103640,103690,103570,103660
2025-11-10T03:30:00+09:00,103650,103820,103640,103820
2025-11-10T03:45:00+09:00,103830,104570,103830,104550
2025-11-10T04:00:00+09:00,104540,104690,104260,104260
2025-11-10T04:15:00+09:00,104250,104750,104200,104750
2025-11-10T04:30:00+09:00,104750,104830,104630,104780
2025-11-10T04:45:00+09:00,104780,104870,104770,104850
2025-11-10T05:00:00+09:00,104860,105000,104500,104560
2025-11-10T05:15:00+09:00,104570,104650,104500,104560
2025-11-10T05:30:00+09:00,104550,104710,104550,104620
2025-11-10T05:45:00+09:00,104620,104670,104590,104670
2025-11-10T06:00:00+09:00,104650,104690,104440,104450
2025-11-10T06:15:00+09:00,104450,104700,104450,104700
2025-11-10T06:30:00+09:00,104690,104870,104660,104820
2025-11-10T06:45:00+09:00,104790,104810,104370,104590
2025-11-10T07:00:00+09:00,104600,104670,104160,104490
2025-11-10T07:15:00+09:00,104500,104730,104430,104430
2025-11-10T07:30:00+09:00,104430,104510,104230,104350
2025-11-10T07:45:00+09:00,104340,104860,104340,104750
2025-11-10T08:00:00+09:00,104790,105500,104790,104970
2025-11-10T08:15:00+09:00,105020,105090,104720,104720
2025-11-10T08:30:00+09:00,104720,104810,104600,104630
2025-11-10T08:45:00+09:00,104620,104810,104570,104780
2025-11-10T09:00:00+09:00,104760,105080,104360,105070
2025-11-10T09:15:00+09:00,105080,105700,104990,105550
2025-11-10T09:30:00+09:00,105510,106000,105510,106000
2025-11-10T09:45:00+09:00,106000,106460,105980,106300
2025-11-10T10:00:00+09:00,106340,106600,106110,106350
2025-11-10T10:15:00+09:00,106310,106360,106050,106070
2025-11-10T10:30:00+09:00,106070,106170,105810,105910
2025-11-10T10:45:00+09:00,105870,106120,105780,105780
2025-11-10T11:00:00+09:00,105780,105870,105650,105830
2025-11-10T11:15:00+09:00,105870,105980,105800,105840
2025-11-10T11:30:00+09:00,105810,105970,105730,105740
2025-11-10T11:45:00+09:00,105730,106060,105730,106060
2025-11-10T12:00:00+09:00,106040,106300,105920,105940
2025-11-10T12:15:00+09:00,105930,106060,105870,105980
2025-11-10T12:30:00+09:00,105990,106240,105950,106240
2025-11-10T12:45:00+09:00,106240,106240,106000,106070
2025-11-10T13:00:00+09:00,106080,106320,106080,106230
2025-11-10T13:15:00+09:00,106200,106200,105930,105980
2025-11-10T13:30:00+09:00,105980,105980,105910,105920
2025-11-10T13:45:00+09:00,105930,106280,105910,106220
2025-11-10T14:00:00+09:00,106210,106410,106210,106400
2025-11-10T14:15:00+09:00,106390,106500,106180,106280
2025-11-10T14:30:00+09:00,106270,106300,106060,106180
2025-11-10T14:45:00+09:00,106160,106190,106100,106100
2025-11-10T15:00:00+09:00,106110,106280,106110,106210
2025-11-10T15:15:00+09:00,106210,106290,106010,106140
2025-11-10T15:30:00+09:00,106140,106210,106110,106200
2025-11-10T15:45:00+09:00,106210,106300,106200,106260
2025-11-10T16:00:00+09:00,106250,106520,106230,106520
2025-11-10T16:15:00+09:00,106510,106520,106370,106370
2025-11-10T16:30:00+09:00,106400,106470,106300,106410
2025-11-10T16:45:00+09:00,106370,106450,106370,106450
2025-11-10T17:00:00+09:00,106480,106560,106310,106340
2025-11-10T17:15:00+09:00,106320,106340,106250,106300
2025-11-10T17:30:00+09:00,106300,106300,105950,105960
2025-11-10T17:45:00+09:00,105970,106040,105970,106000
2025-11-10T18:00:00+09:00,106030,106130,106000,106050
2025-11-10T18:15:00+09:00,106000,106440,105930,106440
2025-11-10T18:30:00+09:00,106440,106570,106410,106510
2025-11-10T18:45:00+09:00,106540,106610,106460,106470
2025-11-10T19:00:00+09:00,106500,106510,106300,106300
2025-11-10T19:15:00+09:00,106300,106390,106210,106210
2025-11-10T19:30:00+09:00,106220,106230,106100,106110
2025-11-10T19:45:00+09:00,106120,106210,106030,106060
2025-11-10T20:00:00+09:00,106060,106150,106030,106130
2025-11-10T20:15:00+09:00,106120,106260,106070,106220
2025-11-10T20:30:00+09:00,106260,106300,106210,106290
2025-11-10T20:45:00+09:00,106300,106330,106210,106220
2025-11-10T21:00:00+09:00,106220,106250,105940,106000
2025-11-10T21:15:00+09:00,105980,106050,105950,105950
2025-11-10T21:30:00+09:00,105950,106020,105900,105980
2025-11-10T21:45:00+09:00,105970,105970,105920,105930
2025-11-10T22:00:00+09:00,105920,106510,105920,106260
2025-11-10T22:15:00+09:00,106270,106340,106200,106340
2025-11-10T22:30:00+09:00,106350,106560,106350,106500
2025-11-10T22:45:00+09:00,106470,106600,106450,106600
2025-11-10T23:00:00+09:00,106570,106570,106260,106280
2025-11-10T23:15:00+09:00,106310,106370,106190,106240
2025-11-10T23:30:00+09:00,106220,106230,105670,105780
2025-11-10T23:45:00+09:00,105720,105790,104810,105010
2025-11-11T00:00:00+09:00,105010,105420,104920,105170
2025-11-11T00:15:00+09:00,105160,105570,105110,105570
2025-11-11T00:30:00+09:00,105580,105700,105380,105520
2025-11-11T00:45:00+09:00,105500,105500,104800,105160
2025-11-11T01:00:00+09:00,105180,105410,104950,105370
2025-11-11T01:15:00+09:00,105390,105430,105160,105270
2025-11-11T01:30:00+09:00,105290,105420,105020,105100
2025-11-11T01:45:00+09:00,105070,105350,104920,105350
2025-11-11T02:00:00+09:00,105330,105620,105300,105410
2025-11-11T02:15:00+09:00,105440,105540,105420,105540
2025-11-11T02:30:00+09:00,105510,105840,105510,105760
2025-11-11T02:45:00+09:00,105820,106000,105820,106000
2025-11-11T03:00:00+09:00,106000,106110,105800,105830
2025-11-11T03:15:00+09:00,105870,106140,105870,106020
2025-11-11T03:30:00+09:00,106010,106070,105930,105990
2025-11-11T03:45:00+09:00,106010,106050,105600,105600
2025-11-11T04:00:00+09:00,105590,105840,105550,105820
2025-11-11T04:15:00+09:00,105790,105910,105720,105880
2025-11-11T04:30:00+09:00,105860,106070,105630,105960
2025-11-11T04:45:00+09:00,105960,106170,105920,105960
2025-11-11T05:00:00+09:00,105970,106420,105970,106410
2025-11-11T05:15:00+09:00,106380,106380,106140,106190
2025-11-11T05:30:00+09:00,106190,106410,106080,106410
2025-11-11T05:45:00+09:00,106360,106370,105990,106200
2025-11-11T06:00:00+09:00,106140,106140,105670,105710
2025-11-11T06:15:00+09:00,105730,105870,105650,105660
2025-11-11T06:30:00+09:00,105700,105790,105590,105620
2025-11-11T06:45:00+09:00,105620,105790,105500,105790
2025-11-11T07:00:00+09:00,105800,105950,105560,105590
2025-11-11T07:15:00+09:00,105600,105790,105600,105780
2025-11-11T07:30:00+09:00,105750,105790,105740,105740
2025-11-11T07:45:00+09:00,105740,106160,105700,106060
2025-11-11T08:00:00+09:00,106120,106200,106010,106130
2025-11-11T08:15:00+09:00,106160,106290,106140,106230
2025-11-11T08:30:00+09:00,106210,106260,106030,106200
2025-11-11T08:45:00+09:00,106220,106270,105940,106010
2025-11-11T09:00:00+09:00,106020,106140,105820,105900
2025-11-11T09:15:00+09:00,105910,105950,105650,105700
2025-11-11T09:30:00+09:00,105690,105880,105680,105700
2025-11-11T09:45:00+09:00,105730,106130,105560,106120
2025-11-11T10:00:00+09:00,106140,106270,106130,106270
2025-11-11T10:15:00+09:00,106270,107500,106270,106850
2025-11-11T10:30:00+09:00,106810,106830,106310,106480
2025-11-11T10:45:00+09:00,106450,106700,106110,106140
2025-11-11T11:00:00+09:00,106120,106290,105720,106270
2025-11-11T11:15:00+09:00,106240,106450,105990,106400
2025-11-11T11:30:00+09:00,106410,107110,106410,106810
2025-11-11T11:45:00+09:00,106820,106910,106540,106680
2025-11-11T12:00:00+09:00,106680,107000,106660,106880
2025-11-11T12:15:00+09:00,106920,107090,106860,106860
2025-11-11T12:30:00+09:00,106830,106860,106480,106480
2025-11-11T12:45:00+09:00,106460,106580,106400,106510
2025-11-11T13:00:00+09:00,106510,106560,106250,106250
2025-11-11T13:15:00+09:00,106250,106330,106060,106060
2025-11-11T13:30:00+09:00,106040,106080,105880,105890
2025-11-11T13:45:00+09:00,105910,105920,105800,105810
2025-11-11T14:00:00+09:00,105810,105820,105450,105520
2025-11-11T14:15:00+09:00,105490,105600,105260,105600
2025-11-11T14:30:00+09:00,105610,105610,105350,105460
2025-11-11T14:45:00+09:00,105380,105510,105340,105340
2025-11-11T15:00:00+09:00,105360,105390,105010,105120
2025-11-11T15:15:00+09:00,105130,105280,105120,105120
2025-11-11T15:30:00+09:00,105110,105200,105070,105080
2025-11-11T15:45:00+09:00,105080,105360,105000,105360
2025-11-11T16:00:00+09:00,105350,105380,105210,105260
2025-11-11T16:15:00+09:00,105280,105280,105070,105240
2025-11-11T16:30:00+09:00,105270,105310,104930,105020
2025-11-11T16:45:00+09:00,105020,105030,104850,104860
2025-11-11T17:00:00+09:00,104870,105230,104870,105190
2025-11-11T17:15:00+09:00,105170,105340,105120,105200
2025-11-11T17:30:00+09:00,105200,105210,105010,105110
2025-11-11T17:45:00+09:00,105120,105250,105120,105250
2025-11-11T18:00:00+09:00,105250,105460,105250,105380
2025-11-11T18:15:00+09:00,105370,105480,105260,105450
2025-11-11T18:30:00+09:00,105460,105570,105200,105200
2025-11-11T18:45:00+09:00,105180,105210,105050,105050
2025-11-11T19:00:00+09:00,105050,105310,105050,105220
2025-11-11T19:15:00+09:00,105230,105300,105170,105250
2025-11-11T19:30:00+09:00,105240,105310,105150,105310
2025-11-11T19:45:00+09:00,105310,105310,105170,105250
2025-11-11T20:00:00+09:00,105280,105470,105280,105420
2025-11-11T20:15:00+09:00,105390,105440,105330,105410
2025-11-11T20:30:00+09:00,105450,105620,105450,105620
2025-11-11T20:45:00+09:00,105600,105610,105290,105370
2025-11-11T21:00:00+09:00,105370,105580,105370,105380
2025-11-11T21:15:00+09:00,105360,105360,105090,105100
2025-11-11T21:30:00+09:00,105090,105140,104860,104890
2025-11-11T21:45:00+09:00,104890,104890,104530,104600
2025-11-11T22:00:00+09:00,104600,104750,104600,104690
2025-11-11T22:15:00+09:00,104690,104760,104310,104370
2025-11-11T22:30:00+09:00,104430,104560,104400,104400
2025-11-11T22:45:00+09:00,104450,104640,104370,104500
2025-11-11T23:00:00+09:00,104520,104530,104370,104380
2025-11-11T23:15:00+09:00,104410,104570,104410,104510
2025-11-11T23:30:00+09:00,104530,104530,104130,104130
2025-11-11T23:45:00+09:00,104140,104700,103940,104660
2025-11-12T00:00:00+09:00,104620,104620,104010,104020
2025-11-12T00:15:00+09:00,104010,104290,103790,103790
2025-11-12T00:30:00+09:00,103790,103790,103500,103620
2025-11-12T00:45:00+09:00,103610,103610,103290,103560
2025-11-12T01:00:00+09:00,103560,103630,103290,103600
2025-11-12T01:15:00+09:00,103610,103770,103430,103480
2025-11-12T01:30:00+09:00,103460,103630,103340,103550
2025-11-12T01:45:00+09:00,103550,103680,103360,103420
2025-11-12T02:00:00+09:00,103430,103650,103320,103620
2025-11-12T02:15:00+09:00,103610,103650,103400,103430
2025-11-12T02:30:00+09:00,103430,103490,102940,103040
2025-11-12T02:45:00+09:00,103070,103400,102960,103400
2025-11-12T03:00:00+09:00,103400,103570,103220,103290
2025-11-12T03:15:00+09:00,103260,103620,103170,103350
2025-11-12T03:30:00+09:00,103360,103470,103210,103210
2025-11-12T03:45:00+09:00,103250,103550,103250,103460
2025-11-12T04:00:00+09:00,103420,103420,103000,103180
2025-11-12T04:15:00+09:00,103150,103440,103150,103410
2025-11-12T04:30:00+09:00,103450,103460,103260,103270
2025-11-12T04:45:00+09:00,103270,103460,103260,103260
2025-11-12T05:00:00+09:00,103260,103260,103000,103100
2025-11-12T05:15:00+09:00,103120,103300,103050,103050
2025-11-12T05:30:00+09:00,103040,103040,102910,102960
2025-11-12T05:45:00+09:00,102970,103010,102880,102890
2025-11-12T06:00:00+09:00,102920,103200,102880,103130
2025-11-12T06:15:00+09:00,103100,103100,102910,102910
2025-11-12T06:30:00+09:00,102910,102910,102650,102720
2025-11-12T06:45:00+09:00,102720,102960,102670,102800
2025-11-12T07:00:00+09:00,102770,102970,102660,102930
2025-11-12T07:15:00+09:00,102890,103130,102780,103120
2025-11-12T07:30:00+09:00,103100,103210,103050,103170
2025-11-12T07:45:00+09:00,103180,103350,103130,103160
2025-11-12T08:00:00+09:00,103130,103140,102980,103140
2025-11-12T08:15:00+09:00,103150,103330,103150,103310
2025-11-12T08:30:00+09:00,103300,103300,102980,103170
2025-11-12T08:45:00+09:00,103170,103230,103040,103190
2025-11-12T09:00:00+09:00,103230,103430,102970,103080
2025-11-12T09:15:00+09:00,103120,103330,103080,103200
2025-11-12T09:30:00+09:00,103210,103210,103030,103080
2025-11-12T09:45:00+09:00,103130,103180,102980,102980
2025-11-12T10:00:00+09:00,103030,103340,102860,103330
2025-11-12T10:15:00+09:00,103340,103400,103190,103250
2025-11-12T10:30:00+09:00,103280,103400,103280,103310
2025-11-12T10:45:00+09:00,103300,103480,103280,103370
2025-11-12T11:00:00+09:00,103410,103470,103350,103450
2025-11-12T11:15:00+09:00,103470,103500,103380,103420
2025-11-12T11:30:00+09:00,103420,103420,103090,103120
2025-11-12T11:45:00+09:00,103170,103340,103140,103270
2025-11-12T12:00:00+09:00,103270,103360,103240,103320
2025-11-12T12:15:00+09:00,103360,103470,103350,103450
2025-11-12T12:30:00+09:00,103460,103480,103410,103410
2025-11-12T12:45:00+09:00,103470,103520,103400,103420
2025-11-12T13:00:00+09:00,103420,103520,103370,103520
2025-11-12T13:15:00+09:00,103530,103550,103350,103350
2025-11-12T13:30:00+09:00,103350,103350,103170,103170
2025-11-12T13:45:00+09:00,103190,103340,103190,103340
2025-11-12T14:00:00+09:00,103340,103450,103340,103430
2025-11-12T14:15:00+09:00,103420,103540,103420,103490
2025-11-12T14:30:00+09:00,103460,103460,103420,103450
2025-11-12T14:45:00+09:00,103500,103560,103430,103520
2025-11-12T15:00:00+09:00,103510,103720,103510,103680
2025-11-12T15:15:00+09:00,103640,103770,103630,103670
2025-11-12T15:30:00+09:00,103660,103660,103560,103570
2025-11-12T15:45:00+09:00,103560,103580,103490,103490
2025-11-12T16:00:00+09:00,103490,103610,103480,103610
2025-11-12T16:15:00+09:00,103630,103630,103580,103580
2025-11-12T16:30:00+09:00,103570,103610,103490,103560
2025-11-12T16:45:00+09:00,103520,103520,103160,103190
2025-11-12T17:00:00+09:00,103200,103380,103200,103340
2025-11-12T17:15:00+09:00,103380,103960,103380,103860
2025-11-12T17:30:00+09:00,103950,104280,103860,104090
2025-11-12T17:45:00+09:00,104090,104230,104090,104220
2025-11-12T18:00:00+09:00,104210,104930,104210,104830
2025-11-12T18:15:00+09:00,104840,105070,104770,104820
2025-11-12T18:30:00+09:00,104780,104860,104500,104650
2025-11-12T18:45:00+09:00,104640,104640,104510,104530
2025-11-12T19:00:00+09:00,104560,104830,104560,104830
2025-11-12T19:15:00+09:00,104800,104860,104750,104760
2025-11-12T19:30:00+09:00,104810,105040,104760,104890
2025-11-12T19:45:00+09:00,104880,104970,104880,104920
2025-11-12T20:00:00+09:00,104970,105220,104970,105120
2025-11-12T20:15:00+09:00,105120,105190,104870,104870
2025-11-12T20:30:00+09:00,104880,104970,104840,104840
2025-11-12T20:45:00+09:00,104840,105050,104840,105050
2025-11-12T21:00:00+09:00,105060,105210,104920,105190
2025-11-12T21:15:00+09:00,105190,105370,105040,105040
2025-11-12T21:30:00+09:00,105030,105080,104870,104920
2025-11-12T21:45:00+09:00,104950,105080,104950,105040
2025-11-12T22:00:00+09:00,105040,105060,104710,104910
2025-11-12T22:15:00+09:00,104910,104980,104690,104980
2025-11-12T22:30:00+09:00,104980,105120,104870,105040
2025-11-12T22:45:00+09:00,105060,105150,104970,105000
2025-11-12T23:00:00+09:00,104980,105000,104750,104910
2025-11-12T23:15:00+09:00,104910,104940,104750,104760
2025-11-12T23:30:00+09:00,104780,104870,104510,104670
2025-11-12T23:45:00+09:00,104670,104800,103590,103970
2025-11-13T00:00:00+09:00,103980,104270,103760,103760
2025-11-13T00:15:00+09:00,103760,103880,103290,103470
2025-11-13T00:30:00+09:00,103440,103690,102710,102800
2025-11-13T00:45:00+09:00,102840,102850,102030,102250
2025-11-13T01:00:00+09:00,102230,102440,101500,101580
2025-11-13T01:15:00+09:00,101580,101960,101580,101890
2025-11-13T01:30:00+09:00,101880,102140,101730,101730
2025-11-13T01:45:00+09:00,101740,101840,101490,101500
2025-11-13T02:00:00+09:00,101490,101840,101490,101580
2025-11-13T02:15:00+09:00,101670,101690,101500,101640
2025-11-13T02:30:00+09:00,101650,102200,101630,101870
2025-11-13T02:45:00+09:00,101880,101880,101630,101810
2025-11-13T03:00:00+09:00,101850,101960,101670,101720
2025-11-13T03:15:00+09:00,101720,101870,101680,101700
2025-11-13T03:30:00+09:00,101690,101880,101580,101580
2025-11-13T03:45:00+09:00,101570,101620,101500,101620
2025-11-13T04:00:00+09:00,101610,101610,101160,101180
2025-11-13T04:15:00+09:00,101190,101410,100870,101040
2025-11-13T04:30:00+09:00,101120,101500,100930,101380
2025-11-13T04:45:00+09:00,101420,101420,101250,101320
2025-11-13T05:00:00+09:00,101320,101500,101180,101420
2025-11-13T05:15:00+09:00,101420,101770,101420,101720
2025-11-13T05:30:00+09:00,101720,101820,101650,101690
2025-11-13T05:45:00+09:00,101700,101720,101510,101560
2025-11-13T06:00:00+09:00,101540,101890,101530,101890
2025-11-13T06:15:00+09:00,101860,101860,101720,101750
2025-11-13T06:30:00+09:00,101750,101880,101750,101830
2025-11-13T06:45:00+09:00,101820,101930,101760,101930
2025-11-13T07:00:00+09:00,101900,101900,101460,101460
2025-11-13T07:15:00+09:00,101470,101760,101470,101710
2025-11-13T07:30:00+09:00,101760,101870,101660,101870
2025-11-13T07:45:00+09:00,101870,102010,101850,102010
2025-11-13T08:00:00+09:00,102000,102010,101690,101850
2025-11-13T08:15:00+09:00,101850,102030,101850,101970
2025-11-13T08:30:00+09:00,101970,102000,101640,101650
2025-11-13T08:45:00+09:00,101650,101750,101550,101740
2025-11-13T09:00:00+09:00,101720,101870,101700,101800
2025-11-13T09:15:00+09:00,101800,101910,101570,101580
2025-11-13T09:30:00+09:00,101620,102130,101620,101910
2025-11-13T09:45:00+09:00,101940,102050,101900,101930
2025-11-13T10:00:00+09:00,101950,102700,101950,102490
2025-11-13T10:15:00+09:00,102490,102510,102000,102080
2025-11-13T10:30:00+09:00,102110,102540,102080,102540
2025-11-13T10:45:00+09:00,102520,102520,102100,102130
2025-11-13T11:00:00+09:00,102130,102320,102090,102300
2025-11-13T11:15:00+09:00,102300,102450,102130,102130
2025-11-13T11:30:00+09:00,102150,102460,102140,102280
2025-11-13T11:45:00+09:00,102280,102280,102180,102190
2025-11-13T12:00:00+09:00,102190,102220,101500,101500
2025-11-13T12:15:00+09:00,101500,102260,101030,102190
2025-11-13T12:30:00+09:00,102210,102630,102210,102610
2025-11-13T12:45:00+09:00,102580,102680,102280,102280
2025-11-13T13:00:00+09:00,102280,102320,101800,102150
2025-11-13T13:15:00+09:00,102140,102500,101990,102300
2025-11-13T13:30:00+09:00,102300,102340,102070,102140
2025-11-13T13:45:00+09:00,102120,102350,101970,102280
2025-11-13T14:00:00+09:00,102240,102240,101950,102030
2025-11-13T14:15:00+09:00,102030,102400,102030,102400
2025-11-13T14:30:00+09:00,102380,102690,102380,102690
2025-11-13T14:45:00+09:00,102670,103430,102670,103230
2025-11-13T15:00:00+09:00,103300,103460,103040,103280
2025-11-13T15:15:00+09:00,103310,103660,103310,103630
2025-11-13T15:30:00+09:00,103650,103670,103430,103530
2025-11-13T15:45:00+09:00,103540,103720,103520,103660
2025-11-13T16:00:00+09:00,103680,103860,103660,103850
2025-11-13T16:15:00+09:00,103850,104000,103810,104000
2025-11-13T16:30:00+09:00,103960,104000,103570,103570
2025-11-13T16:45:00+09:00,103590,103590,103340,103490
2025-11-13T17:00:00+09:00,103490,103620,103340,103500
2025-11-13T17:15:00+09:00,103500,103750,103440,103750
2025-11-13T17:30:00+09:00,103650,103780,103650,103780
2025-11-13T17:45:00+09:00,103770,103790,103610,103720
2025-11-13T18:00:00+09:00,103680,103750,102600,102820
2025-11-13T18:15:00+09:00,102840,103150,102670,102960
2025-11-13T18:30:00+09:00,102930,103130,102900,103100
2025-11-13T18:45:00+09:00,103090,103090,102640,102850
2025-11-13T19:00:00+09:00,102850,103060,102850,102870
2025-11-13T19:15:00+09:00,102860,103280,102830,103120
2025-11-13T19:30:00+09:00,103100,103110,102870,102970
2025-11-13T19:45:00+09:00,102950,103030,102940,102950
2025-11-13T20:00:00+09:00,103000,103130,103000,103090
2025-11-13T20:15:00+09:00,103100,103120,102930,102930
2025-11-13T20:30:00+09:00,102940,102980,102760,102980
2025-11-13T20:45:00+09:00,102990,103060,102930,103000
2025-11-13T21:00:00+09:00,102960,103160,102790,102940
2025-11-13T21:15:00+09:00,102940,102980,102940,102960
2025-11-13T21:30:00+09:00,102960,103270,102950,103180
2025-11-13T21:45:00+09:00,103150,103260,103110,103160
2025-11-13T22:00:00+09:00,103110,103120,102940,102940
2025-11-13T22:15:00+09:00,102960,102960,102450,102580
2025-11-13T22:30:00+09:00,102550,102670,102220,102550
2025-11-13T22:45:00+09:00,102520,102670,102310,102380
2025-11-13T23:00:00+09:00,102360,102550,102220,102220
2025-11-13T23:15:00+09:00,102250,102560,102170,102470
2025-11-13T23:30:00+09:00,102500,102620,101820,101910
2025-11-13T23:45:00+09:00,101890,103500,101880,102990
2025-11-14T00:00:00+09:00,102960,102960,102160,102900
2025-11-14T00:15:00+09:00,102910,103040,102170,102310
2025-11-14T00:30:00+09:00,102210,102210,101650,101650
2025-11-14T00:45:00+09:00,101640,101640,101330,101470
2025-11-14T01:00:00+09:00,101510,101610,101160,101250
2025-11-14T01:15:00+09:00,101290,101350,100820,101110
2025-11-14T01:30:00+09:00,101120,101500,100960,100970
2025-11-14T01:45:00+09:00,101010,101230,100600,100690
2025-11-14T02:00:00+09:00,100670,100860,100550,100630
2025-11-14T02:15:00+09:00,100690,100850,100290,100440
2025-11-14T02:30:00+09:00,100420,100550,100000,100140
2025-11-14T02:45:00+09:00,100150,100290,99750,99750
2025-11-14T03:00:00+09:00,99779,100060,99435,99510
2025-11-14T03:15:00+09:00,99498,99670,98949,99240
2025-11-14T03:30:00+09:00,99256,99266,98477,98791
2025-11-14T03:45:00+09:00,98830,98940,98324,98719
2025-11-14T04:00:00+09:00,98726,99000,98498,98880
2025-11-14T04:15:00+09:00,98844,99429,98541,99301
2025-11-14T04:30:00+09:00,99331,99344,98714,99057
2025-11-14T04:45:00+09:00,99058,99105,98530,98824
2025-11-14T05:00:00+09:00,98793,98793,98298,98416
2025-11-14T05:15:00+09:00,98438,98799,98050,98640
2025-11-14T05:30:00+09:00,98660,99110,98531,98750
2025-11-14T05:45:00+09:00,98740,98740,98278,98319
2025-11-14T06:00:00+09:00,98347,98819,98201,98750
2025-11-14T06:15:00+09:00,98753,98789,98411,98700
2025-11-14T06:30:00+09:00,98705,99000,98681,99000
2025-11-14T06:45:00+09:00,98999,99060,98883,99019
2025-11-14T07:00:00+09:00,99007,99500,98900,99499
2025-11-14T07:15:00+09:00,99470,99700,99315,99656
2025-11-14T07:30:00+09:00,99655,100000,99620,99899
2025-11-14T07:45:00+09:00,99989,100000,99801,99960
2025-11-14T08:00:00+09:00,99960,100120,99701,100120
2025-11-14T08:15:00+09:00,100150,100480,100150,100340
2025-11-14T08:30:00+09:00,100310,100550,100310,100480
2025-11-14T08:45:00+09:00,100470,100470,99679,99839
2025-11-14T09:00:00+09:00,99777,99790,99220,99399
2025-11-14T09:15:00+09:00,99367,99617,98937,99538
2025-11-14T09:30:00+09:00,99542,99847,99112,99413
2025-11-14T09:45:00+09:00,99395,99409,98843,99090
2025-11-14T10:00:00+09:00,99047,99217,98843,99031
2025-11-14T10:15:00+09:00,98980,99467,98920,99164
2025-11-14T10:30:00+09:00,99192,99646,99097,99298
2025-11-14T10:45:00+09:00,99300,99521,99290,99339
2025-11-14T11:00:00+09:00,99360,99629,99360,99602
2025-11-14T11:15:00+09:00,99590,99907,99590,99765
2025-11-14T11:30:00+09:00,99774,99920,99730,99905
2025-11-14T11:45:00+09:00,99900,99919,99578,99726
2025-11-14T12:00:00+09:00,99730,99732,99422,99440
2025-11-14T12:15:00+09:00,99420,99430,99153,99402
2025-11-14T12:30:00+09:00,99386,99405,99000,99000
2025-11-14T12:45:00+09:00,99028,99220,98930,99220
2025-11-14T13:00:00+09:00,99218,99256,98880,98951
2025-11-14T13:15:00+09:00,98994,99203,98921,99071
2025-11-14T13:30:00+09:00,99059,99059,96764,97651
2025-11-14T13:45:00+09:00,97681,98000,97380,97905
2025-11-14T14:00:00+09:00,97878,98000,97500,97501
2025-11-14T14:15:00+09:00,97572,97870,97351,97351
2025-11-14T14:30:00+09:00,97351,97698,97139,97460
2025-11-14T14:45:00+09:00,97410,97729,97309,97590
2025-11-14T15:00:00+09:00,97589,97589,97065,97290
2025-11-14T15:15:00+09:00,97219,97219,96938,97062
2025-11-14T15:30:00+09:00,97100,97143,96801,96896
2025-11-14T15:45:00+09:00,96893,97600,96091,97600
2025-11-14T16:00:00+09:00,97590,97791,97000,97429
2025-11-14T16:15:00+09:00,97430,97740,97341,97740
2025-11-14T16:30:00+09:00,97730,97730,96870,97188
2025-11-14T16:45:00+09:00,97188,97666,97181,97190
2025-11-14T17:00:00+09:00,97190,97190,96918,97103
2025-11-14T17:15:00+09:00,96970,97500,96910,96965
2025-11-14T17:30:00+09:00,96970,97269,96845,97209
2025-11-14T17:45:00+09:00,97208,97390,97030,97390
2025-11-14T18:00:00+09:00,97382,97500,97260,97329
2025-11-14T18:15:00+09:00,97330,97400,97040,97110
2025-11-14T18:30:00+09:00,97112,97148,96725,97146
2025-11-14T18:45:00+09:00,97150,97182,96789,96891
2025-11-14T19:00:00+09:00,96891,97030,96780,96980
2025-11-14T19:15:00+09:00,96980,97110,96963,97066
2025-11-14T19:30:00+09:00,97023,97318,96970,97182
2025-11-14T19:45:00+09:00,97213,97213,96715,96773
2025-11-14T20:00:00+09:00,96773,96949,96727,96730
2025-11-14T20:15:00+09:00,96789,96839,96450,96529
2025-11-14T20:30:00+09:00,96530,96561,95800,96240
2025-11-14T20:45:00+09:00,96193,96259,95825,96215
2025-11-14T21:00:00+09:00,96196,96196,95600,95600
2025-11-14T21:15:00+09:00,95621,95921,95575,95771
2025-11-14T21:30:00+09:00,95791,95916,94857,94912
2025-11-14T21:45:00+09:00,94913,95580,94864,95408
2025-11-14T22:00:00+09:00,95405,95721,95081,95126
2025-11-14T22:15:00+09:00,95149,95275,94857,95096
2025-11-14T22:30:00+09:00,95125,95220,94796,94838
2025-11-14T22:45:00+09:00,94839,95688,94796,95324
2025-11-14T23:00:00+09:00,95317,95870,95132,95415
2025-11-14T23:15:00+09:00,95398,95947,95377,95502
2025-11-14T23:30:00+09:00,95503,96569,95048,96489
2025-11-14T23:45:00+09:00,96471,96880,96321,96643
2025-11-15T00:00:00+09:00,96619,96628,96000,96150
2025-11-15T00:15:00+09:00,96150,96856,95756,96561
2025-11-15T00:30:00+09:00,96561,96890,96560,96808
2025-11-15T00:45:00+09:00,96811,97340,96761,96819
2025-11-15T01:00:00+09:00,96791,96791,96283,96560
2025-11-15T01:15:00+09:00,96565,97136,96277,96971
2025-11-15T01:30:00+09:00,97007,97345,96872,97051
2025-11-15T01:45:00+09:00,97082,97259,96918,97020
2025-11-15T02:00:00+09:00,97002,97059,96931,96951
2025-11-15T02:15:00+09:00,96939,97079,96540,96680
2025-11-15T02:30:00+09:00,96682,96682,96323,96330
2025-11-15T02:45:00+09:00,96343,96362,95620,95780
2025-11-15T03:00:00+09:00,95835,96260,95630,96259
2025-11-15T03:15:00+09:00,96225,96277,95776,96015
2025-11-15T03:30:00+09:00,96059,96170,95393,95423
2025-11-15T03:45:00+09:00,95436,95499,95111,95145
2025-11-15T04:00:00+09:00,95136,95500,95000,95479
2025-11-15T04:15:00+09:00,95498,95976,95498,95880
2025-11-15T04:30:00+09:00,95800,95800,95490,95490
2025-11-15T04:45:00+09:00,95480,95885,95410,95865
2025-11-15T05:00:00+09:00,95870,96000,95490,95490
2025-11-15T05:15:00+09:00,95529,95579,95000,95000
2025-11-15T05:30:00+09:00,95000,95120,94653,94654
2025-11-15T05:45:00+09:00,94653,94654,94571,94572
2025-11-15T06:00:00+09:00,94572,95085,94571,95009
2025-11-15T06:15:00+09:00,94995,95209,94802,94827
2025-11-15T06:30:00+09:00,94860,95170,94846,95163
2025-11-15T06:45:00+09:00,95177,95271,95091,95198
2025-11-15T07:00:00+09:00,95211,95500,94973,94973
2025-11-15T07:15:00+09:00,94973,95470,94973,95436
2025-11-15T07:30:00+09:00,95430,95640,95391,95588
2025-11-15T07:45:00+09:00,95561,95660,95001,95319
2025-11-15T08:00:00+09:00,95321,95321,94510,94860
2025-11-15T08:15:00+09:00,94846,94961,94471,94559
2025-11-15T08:30:00+09:00,94557,94859,94469,94824
2025-11-15T08:45:00+09:00,94860,95190,94591,94844
2025-11-15T09:00:00+09:00,94788,95500,94788,95361
2025-11-15T09:15:00+09:00,95392,95570,95304,95570
2025-11-15T09:30:00+09:00,95530,95530,95111,95150
2025-11-15T09:45:00+09:00,95149,95340,94887,95339
2025-11-15T10:00:00+09:00,95319,95341,94936,95310
2025-11-15T10:15:00+09:00,95306,95480,95268,95329
2025-11-15T10:30:00+09:00,95350,95630,95336,95630
2025-11-15T10:45:00+09:00,95610,95960,95491,95845
2025-11-15T11:00:00+09:00,95801,95802,95638,95702
2025-11-15T11:15:00+09:00,95674,96059,95642,96029
2025-11-15T11:30:00+09:00,96014,96290,95850,96270
2025-11-15T11:45:00+09:00,96258,96579,96084,96579
2025-11-15T12:00:00+09:00,96599,96630,96390,96630
2025-11-15T12:15:00+09:00,96650,96930,96566,96801
2025-11-15T12:30:00+09:00,96800,96800,96332,96483
2025-11-15T12:45:00+09:00,96481,96557,96416,96547
2025-11-15T13:00:00+09:00,96534,96558,96269,96399
2025-11-15T13:15:00+09:00,96399,96628,96261,96261
2025-11-15T13:30:00+09:00,96260,96339,96152,96152
2025-11-15T13:45:00+09:00,96152,96360,96130,96310
2025-11-15T14:00:00+09:00,96310,96395,96190,96190
2025-11-15T14:15:00+09:00,96189,96397,96183,96236
2025-11-15T14:30:00+09:00,96243,96290,96181,96280
2025-11-15T14:45:00+09:00,96310,96580,96310,96490
2025-11-15T15:00:00+09:00,96494,96604,96441,96550
2025-11-15T15:15:00+09:00,96556,96642,96500,96547
2025-11-15T15:30:00+09:00,96549,96725,96231,96240
2025-11-15T15:45:00+09:00,96239,96438,96130,96273
2025-11-15T16:00:00+09:00,96272,96300,96131,96300
2025-11-15T16:15:00+09:00,96255,96482,96175,96430
2025-11-15T16:30:00+09:00,96440,96440,96300,96301
2025-11-15T16:45:00+09:00,96300,96476,96300,96475
2025-11-15T17:00:00+09:00,96440,96440,96181,96297
2025-11-15T17:15:00+09:00,96291,96291,95971,96099
2025-11-15T17:30:00+09:00,96100,96389,96029,96034
2025-11-15T17:45:00+09:00,96044,96090,95833,96056
2025-11-15T18:00:00+09:00,96050,96215,95836,96215
2025-11-15T18:15:00+09:00,96202,96250,96090,96105
2025-11-15T18:30:00+09:00,96096,96180,96041,96180
2025-11-15T18:45:00+09:00,96171,96171,95872,95990
2025-11-15T19:00:00+09:00,95951,96029,95870,96017
2025-11-15T19:15:00+09:00,96009,96069,95890,96035
2025-11-15T19:30:00+09:00,96048,96210,96001,96210
2025-11-15T19:45:00+09:00,96157,96191,96135,96146
2025-11-15T20:00:00+09:00,96128,96137,95981,95990
2025-11-15T20:15:00+09:00,96016,96020,95922,95956
2025-11-15T20:30:00+09:00,95956,96010,95929,95966
2025-11-15T20:45:00+09:00,95962,95962,95781,95870
2025-11-15T21:00:00+09:00,95862,95920,95771,95909
2025-11-15T21:15:00+09:00,95907,96039,95831,96023
2025-11-15T21:30:00+09:00,96019,96027,95844,95849
2025-11-15T21:45:00+09:00,95888,96000,95842,95976
2025-11-15T22:00:00+09:00,95950,96079,95909,96050
2025-11-15T22:15:00+09:00,96042,96318,96042,96226
2025-11-15T22:30:00+09:00,96225,96349,96140,96230
2025-11-15T22:45:00+09:00,96230,96500,96171,96500
2025-11-15T23:00:00+09:00,96490,96597,96466,96565
2025-11-15T23:15:00+09:00,96566,96599,96261,96264
2025-11-15T23:30:00+09:00,96274,96444,96180,96346
2025-11-15T23:45:00+09:00,96310,96450,96250,96376
2025-11-16T00:00:00+09:00,96359,96490,96300,96443
2025-11-16T00:15:00+09:00,96434,96529,96340,96512
2025-11-16T00:30:00+09:00,96496,96496,96290,96352
2025-11-16T00:45:00+09:00,96350,96475,96339,96456
2025-11-16T01:00:00+09:00,96393,96449,95970,96086
2025-11-16T01:15:00+09:00,96058,96219,95970,96002
2025-11-16T01:30:00+09:00,95975,96330,95970,96205
2025-11-16T01:45:00+09:00,96220,96347,96181,96332
2025-11-16T02:00:00+09:00,96349,96376,96081,96107
2025-11-16T02:15:00+09:00,96146,96500,96040,96210
2025-11-16T02:30:00+09:00,96200,96250,96092,96247
2025-11-16T02:45:00+09:00,96247,96434,96247,96377
2025-11-16T03:00:00+09:00,96409,96495,96340,96440
2025-11-16T03:15:00+09:00,96413,96420,96113,96182
2025-11-16T03:30:00+09:00,96190,96291,96137,96248
2025-11-16T03:45:00+09:00,96236,96236,96093,96145
2025-11-16T04:00:00+09:00,96144,96150,96130,96149
2025-11-16T04:15:00+09:00,96148,96148,96040,96109
2025-11-16T04:30:00+09:00,96108,96108,95977,96028
2025-11-16T04:45:00+09:00,96028,96081,96003,96081
2025-11-16T05:00:00+09:00,96050,96050,95940,95969
2025-11-16T05:15:00+09:00,95931,95931,95800,95801
2025-11-16T05:30:00+09:00,95800,95800,95542,95578
2025-11-16T05:45:00+09:00,95551,95637,95226,95300
2025-11-16T06:00:00+09:00,95300,95670,95299,95626
2025-11-16T06:15:00+09:00,95673,95710,95520,95520
2025-11-16T06:30:00+09:00,95520,95550,95266,95266
2025-11-16T06:45:00+09:00,95267,95320,95222,95320
2025-11-16T07:00:00+09:00,95320,95560,95296,95560
2025-11-16T07:15:00+09:00,95553,95700,95520,95700
2025-11-16T07:30:00+09:00,95700,95710,95490,95591
2025-11-16T07:45:00+09:00,95591,95699,95491,95671
2025-11-16T08:00:00+09:00,95698,95698,95581,95618
2025-11-16T08:15:00+09:00,95618,95741,95618,95718
2025-11-16T08:30:00+09:00,95697,95753,95631,95631
2025-11-16T08:45:00+09:00,95670,95700,95648,95672
2025-11-16T09:00:00+09:00,95677,95740,95468,95482
2025-11-16T09:15:00+09:00,95460,95460,95343,95345
2025-11-16T09:30:00+09:00,95340,95510,95316,95510
2025-11-16T09:45:00+09:00,95520,95637,95490,95490
2025-11-16T10:00:00+09:00,95480,95562,95200,95562
2025-11-16T10:15:00+09:00,95549,95560,95361,95560
2025-11-16T10:30:00+09:00,95545,95545,95000,95148
2025-11-16T10:45:00+09:00,95148,95482,95000,95434
2025-11-16T11:00:00+09:00,95393,95570,95251,95431
2025-11-16T11:15:00+09:00,95447,95922,95447,95812
2025-11-16T11:30:00+09:00,95812,95909,95812,95846
2025-11-16T11:45:00+09:00,95841,96050,95827,96050
2025-11-16T12:00:00+09:00,96042,96086,95990,95990
2025-11-16T12:15:00+09:00,95991,96075,95990,95991
2025-11-16T12:30:00+09:00,95990,95991,95860,95945
2025-11-16T12:45:00+09:00,95900,95971,95828,95970
2025-11-16T13:00:00+09:00,95978,96060,95880,96040
2025-11-16T13:15:00+09:00,96029,96029,95895,96009
2025-11-16T13:30:00+09:00,95964,95964,95851,95857
2025-11-16T13:45:00+09:00,95854,95980,95854,95973
2025-11-16T14:00:00+09:00,95978,96170,95978,96170
2025-11-16T14:15:00+09:00,96177,96310,96066,96104
2025-11-16T14:30:00+09:00,96093,96129,96050,96079
2025-11-16T14:45:00+09:00,96096,96119,96065,96065
2025-11-16T15:00:00+09:00,96041,96150,95970,96130
2025-11-16T15:15:00+09:00,96073,96128,96073,96128
2025-11-16T15:30:00+09:00,96135,96150,96081,96082
2025-11-16T15:45:00+09:00,96093,96113,95938,95939
2025-11-16T16:00:00+09:00,95948,96060,95947,96060
2025-11-16T16:15:00+09:00,96017,96097,95907,95940
2025-11-16T16:30:00+09:00,95940,96064,95940,96064
2025-11-16T16:45:00+09:00,96086,96190,96086,96190
2025-11-16T17:00:00+09:00,96205,96342,96071,96119
2025-11-16T17:15:00+09:00,96124,96146,96000,96008
2025-11-16T17:30:00+09:00,96039,96130,96003,96130
2025-11-16T17:45:00+09:00,96140,96260,96030,96184
2025-11-16T18:00:00+09:00,96214,96215,96033,96145
2025-11-16T18:15:00+09:00,96140,96199,96070,96199
2025-11-16T18:30:00+09:00,96200,96299,96182,96299
2025-11-16T18:45:00+09:00,96297,96711,96289,96683
2025-11-16T19:00:00+09:00,96698,96699,96490,96605
2025-11-16T19:15:00+09:00,96612,96677,96536,96579
2025-11-16T19:30:00+09:00,96550,96597,96530,96530
2025-11-16T19:45:00+09:00,96522,96573,96522,96564
2025-11-16T20:00:00+09:00,96554,96554,96000,96018
2025-11-16T20:15:00+09:00,96048,96149,95672,95733
2025-11-16T20:30:00+09:00,95720,95874,95653,95722
2025-11-16T20:45:00+09:00,95723,95802,95701,95751
2025-11-16T21:00:00+09:00,95735,95828,95705,95828
2025-11-16T21:15:00+09:00,95785,95990,95760,95930
2025-11-16T21:30:00+09:00,95929,95929,95597,95928
2025-11-16T21:45:00+09:00,95902,95979,95815,95820
2025-11-16T22:00:00+09:00,95873,95940,95703,95886
2025-11-16T22:15:00+09:00,95880,95945,95502,95502
2025-11-16T22:30:00+09:00,95500,95570,95340,95373
2025-11-16T22:45:00+09:00,95337,95531,95221,95531
2025-11-16T23:00:00+09:00,95503,95590,95421,95553
2025-11-16T23:15:00+09:00,95547,95578,95452,95518
2025-11-16T23:30:00+09:00,95517,95712,95465,95650
2025-11-16T23:45:00+09:00,95671,95760,95636,95653
2025-11-17T00:00:00+09:00,95652,95652,95402,95551
2025-11-17T00:15:00+09:00,95550,95637,95500,95541
2025-11-17T00:30:00+09:00,95537,95550,95480,95515
2025-11-17T00:45:00+09:00,95518,95530,94520,94627
2025-11-17T01:00:00+09:00,94662,95029,94521,94570
2025-11-17T01:15:00+09:00,94544,94644,94408,94463
2025-11-17T01:30:00+09:00,94478,94650,94265,94530
2025-11-17T01:45:00+09:00,94502,94660,94326,94341
2025-11-17T02:00:00+09:00,94341,94502,94340,94444
2025-11-17T02:15:00+09:00,94454,94672,94366,94580
2025-11-17T02:30:00+09:00,94580,94680,94265,94265
2025-11-17T02:45:00+09:00,94265,94620,94184,94605
2025-11-17T03:00:00+09:00,94560,95703,94488,95337
2025-11-17T03:15:00+09:00,95337,95430,95000,95053
2025-11-17T03:30:00+09:00,95041,95041,94440,94441
2025-11-17T03:45:00+09:00,94440,94440,94133,94257
2025-11-17T04:00:00+09:00,94257,94783,94257,94687
2025-11-17T04:15:00+09:00,94686,94779,94330,94599
2025-11-17T04:30:00+09:00,94538,94699,94348,94400
2025-11-17T04:45:00+09:00,94377,94475,94161,94169
2025-11-17T05:00:00+09:00,94229,94658,94178,94629
2025-11-17T05:15:00+09:00,94573,94938,94361,94889
2025-11-17T05:30:00+09:00,94889,94893,94564,94565
2025-11-17T05:45:00+09:00,94565,94565,94370,94370
2025-11-17T06:00:00+09:00,94361,94433,93977,93991
2025-11-17T06:15:00+09:00,94028,94080,93959,93960
2025-11-17T06:30:00+09:00,93960,94057,93878,93879
2025-11-17T06:45:00+09:00,93879,93960,93837,93843
2025-11-17T07:00:00+09:00,93843,93930,93694,93820
2025-11-17T07:15:00+09:00,93793,94163,93694,94100
2025-11-17T07:30:00+09:00,94100,94299,93996,93996
2025-11-17T07:45:00+09:00,94007,94918,93961,94616
2025-11-17T08:00:00+09:00,94591,94591,93673,94282
2025-11-17T08:15:00+09:00,94250,94781,94231,94653
2025-11-17T08:30:00+09:00,94661,94789,94476,94697
2025-11-17T08:45:00+09:00,94708,94826,94512,94600
2025-11-17T09:00:00+09:00,94601,94833,94550,94610
2025-11-17T09:15:00+09:00,94600,95000,94200,95000
2025-11-17T09:30:00+09:00,95000,95340,94925,95011
2025-11-17T09:45:00+09:00,95011,95644,94911,95550
2025-11-17T10:00:00+09:00,95588,95739,95333,95395
2025-11-17T10:15:00+09:00,95367,95420,95134,95382
2025-11-17T10:30:00+09:00,95403,95403,95020,95119
2025-11-17T10:45:00+09:00,95119,95239,94950,94992
2025-11-17T11:00:00+09:00,94997,95541,94939,95516
2025-11-17T11:15:00+09:00,95516,95600,95269,95340
2025-11-17T11:30:00+09:00,95380,95416,95130,95158
2025-11-17T11:45:00+09:00,95179,95196,95129,95155
2025-11-17T12:00:00+09:00,95178,95519,95178,95519
2025-11-17T12:15:00+09:00,95520,95815,95410,95580
2025-11-17T12:30:00+09:00,95690,95690,95450,95581
2025-11-17T12:45:00+09:00,95551,95699,95551,95686
2025-11-17T13:00:00+09:00,95689,95750,95336,95408
2025-11-17T13:15:00+09:00,95408,95679,95095,95679
2025-11-17T13:30:00+09:00,95626,95626,95404,95559
2025-11-17T13:45:00+09:00,95552,95552,95330,95330
2025-11-17T14:00:00+09:00,95320,95379,95142,95142
2025-11-17T14:15:00+09:00,95141,95340,95121,95337
2025-11-17T14:30:00+09:00,95337,95377,95252,95334
2025-11-17T14:45:00+09:00,95317,95435,95317,95360
2025-11-17T15:00:00+09:00,95351,95439,95007,95180
2025-11-17T15:15:00+09:00,95143,95315,95110,95247
2025-11-17T15:30:00+09:00,95250,95250,95086,95099
2025-11-17T15:45:00+09:00,95103,95487,95103,95461
2025-11-17T16:00:00+09:00,95461,95617,95386,95515
2025-11-17T16:15:00+09:00,95515,95800,95508,95638
2025-11-17T16:30:00+09:00,95635,95900,95601,95900
2025-11-17T16:45:00+09:00,95900,96051,95838,95838
2025-11-17T17:00:00+09:00,95832,95923,95811,95849
2025-11-17T17:15:00+09:00,95839,96159,95839,96010
2025-11-17T17:30:00+09:00,96020,96075,95801,95843
2025-11-17T17:45:00+09:00,95825,95834,95704,95799
2025-11-17T18:00:00+09:00,95791,95840,95523,95728
2025-11-17T18:15:00+09:00,95730,95980,95715,95915
2025-11-17T18:30:00+09:00,95901,96021,95791,95920
2025-11-17T18:45:00+09:00,95920,95940,95830,95860
2025-11-17T19:00:00+09:00,95853,95981,95821,95981
2025-11-17T19:15:00+09:00,95988,95990,95821,95821
2025-11-17T19:30:00+09:00,95820,96039,95764,95925
2025-11-17T19:45:00+09:00,95940,95989,95830,95830
2025-11-17T20:00:00+09:00,95830,95958,95772,95899
2025-11-17T20:15:00+09:00,95901,95989,95891,95919
2025-11-17T20:30:00+09:00,95901,96219,95760,95786
2025-11-17T20:45:00+09:00,95785,95785,95568,95730
2025-11-17T21:00:00+09:00,95731,95750,95500,95500
2025-11-17T21:15:00+09:00,95500,95689,95500,95636
2025-11-17T21:30:00+09:00,95636,95720,95522,95687
2025-11-17T21:45:00+09:00,95680,95690,95522,95522
2025-11-17T22:00:00+09:00,95530,95564,95111,95119
2025-11-17T22:15:00+09:00,95119,95271,94777,94778
2025-11-17T22:30:00+09:00,94778,94909,94150,94150
2025-11-17T22:45:00+09:00,94150,94349,93900,94198
2025-11-17T23:00:00+09:00,94152,94429,94020,94296
2025-11-17T23:15:00+09:00,94280,94637,94256,94355
2025-11-17T23:30:00+09:00,94355,96200,94230,95351
2025-11-17T23:45:00+09:00,95347,95787,94759,94969
2025-11-18T00:00:00+09:00,94997,95220,94380,94642
2025-11-18T00:15:00+09:00,94658,94867,94001,94723
2025-11-18T00:30:00+09:00,94746,94875,94158,94392
2025-11-18T00:45:00+09:00,94406,94569,94162,94162
2025-11-18T01:00:00+09:00,94174,94179,93531,93531
2025-11-18T01:15:00+09:00,93531,93789,93449,93730
2025-11-18T01:30:00+09:00,93671,94278,93618,93977
2025-11-18T01:45:00+09:00,93975,94654,93921,94497
2025-11-18T02:00:00+09:00,94505,94550,94108,94141
2025-11-18T02:15:00+09:00,94109,94142,93777,93777
2025-11-18T02:30:00+09:00,93778,93830,93203,93203
2025-11-18T02:45:00+09:00,93203,93344,93022,93044
2025-11-18T03:00:00+09:00,93053,93455,93022,93166
2025-11-18T03:15:00+09:00,93158,93268,92820,92820
2025-11-18T03:30:00+09:00,92816,92975,92777,92955
2025-11-18T03:45:00+09:00,92941,93288,92777,92786
2025-11-18T04:00:00+09:00,92827,92904,92666,92666
2025-11-18T04:15:00+09:00,92667,92679,92450,92640
2025-11-18T04:30:00+09:00,92600,92804,92222,92263
2025-11-18T04:45:00+09:00,92261,92357,91990,91991
2025-11-18T05:00:00+09:00,91990,92222,91774,91774
2025-11-18T05:15:00+09:00,91774,92400,91762,92058
2025-11-18T05:30:00+09:00,92064,92285,91854,91980
2025-11-18T05:45:00+09:00,91985,92500,91985,92266
2025-11-18T06:00:00+09:00,92230,92500,92227,92449
2025-11-18T06:15:00+09:00,92409,92440,91921,92140
2025-11-18T06:30:00+09:00,92102,92387,91861,92158
2025-11-18T06:45:00+09:00,92184,92310,91870,92292
2025-11-18T07:00:00+09:00,92305,92500,92178,92418
2025-11-18T07:15:00+09:00,92429,92510,92220,92510
2025-11-18T07:30:00+09:00,92514,92710,92476,92710
2025-11-18T07:45:00+09:00,92668,92690,92583,92584
2025-11-18T08:00:00+09:00,92599,92649,92350,92432
2025-11-18T08:15:00+09:00,92413,92459,92300,92300
2025-11-18T08:30:00+09:00,92291,92417,92220,92310
2025-11-18T08:45:00+09:00,92308,92569,92304,92541
2025-11-18T09:00:00+09:00,92532,92734,92457,92562
2025-11-18T09:15:00+09:00,92589,92647,92330,92345
2025-11-18T09:30:00+09:00,92345,92384,91751,91798
2025-11-18T09:45:00+09:00,91785,92500,91706,92500
2025-11-18T10:00:00+09:00,92490,92500,92250,92293
2025-11-18T10:15:00+09:00,92292,92454,92000,92170
2025-11-18T10:30:00+09:00,92127,92381,92041,92190
2025-11-18T10:45:00+09:00,92190,92277,91934,92066
2025-11-18T11:00:00+09:00,92039,92039,91569,91569
2025-11-18T11:15:00+09:00,91569,92000,91364,92000
2025-11-18T11:30:00+09:00,92000,92099,91501,91643
2025-11-18T11:45:00+09:00,91627,91959,91216,91216
2025-11-18T12:00:00+09:00,91216,91288,90872,90888
2025-11-18T12:15:00+09:00,90888,90889,90530,90530
2025-11-18T12:30:00+09:00,90530,91273,90333,91067
2025-11-18T12:45:00+09:00,91047,91280,91016,91230
2025-11-18T13:00:00+09:00,91231,91258,90595,90601
2025-11-18T13:15:00+09:00,90610,90659,90333,90333
2025-11-18T13:30:00+09:00,90333,90518,90248,90248
2025-11-18T13:45:00+09:00,90248,90500,89409,90469
2025-11-18T14:00:00+09:00,90461,90595,90110,90577
2025-11-18T14:15:00+09:00,90562,90788,90513,90513
2025-11-18T14:30:00+09:00,90514,90689,90260,90329
2025-11-18T14:45:00+09:00,90338,90674,90338,90527
2025-11-18T15:00:00+09:00,90533,90533,90256,90476
2025-11-18T15:15:00+09:00,90476,90476,90235,90307
2025-11-18T15:30:00+09:00,90307,90312,89769,89769
2025-11-18T15:45:00+09:00,89771,90059,89651,89904
2025-11-18T16:00:00+09:00,89905,90160,89616,90119
2025-11-18T16:15:00+09:00,90117,90411,89909,90385
2025-11-18T16:30:00+09:00,90401,90790,90269,90734
2025-11-18T16:45:00+09:00,90730,90789,90650,90742
2025-11-18T17:00:00+09:00,90760,91000,90760,91000
2025-11-18T17:15:00+09:00,91000,91396,90999,91131
2025-11-18T17:30:00+09:00,91130,91693,91130,91621
2025-11-18T17:45:00+09:00,91640,91689,91454,91481
2025-11-18T18:00:00+09:00,91481,91522,91190,91434
2025-11-18T18:15:00+09:00,91432,91707,91181,91216
2025-11-18T18:30:00+09:00,91215,91429,91182,91429
2025-11-18T18:45:00+09:00,91419,91739,91419,91680
2025-11-18T19:00:00+09:00,91671,91805,91647,91672
2025-11-18T19:15:00+09:00,91673,91749,91522,91600
2025-11-18T19:30:00+09:00,91584,91839,91584,91786
2025-11-18T19:45:00+09:00,91786,91840,91541,91837
2025-11-18T20:00:00+09:00,91822,91850,91651,91689
2025-11-18T20:15:00+09:00,91692,91770,91489,91713
2025-11-18T20:30:00+09:00,91696,91863,91536,91817
2025-11-18T20:45:00+09:00,91817,91865,91751,91785
2025-11-18T21:00:00+09:00,91773,91811,91397,91397
2025-11-18T21:15:00+09:00,91390,91801,91390,91490
2025-11-18T21:30:00+09:00,91489,92000,91489,92000
2025-11-18T21:45:00+09:00,91998,92001,91660,91786
2025-11-18T22:00:00+09:00,91767,91869,91669,91725
2025-11-18T22:15:00+09:00,91720,91809,91563,91563
2025-11-18T22:30:00+09:00,91563,91704,91250,91423
2025-11-18T22:45:00+09:00,91422,91729,91422,91722
2025-11-18T23:00:00+09:00,91710,91779,91462,91462
2025-11-18T23:15:00+09:00,91518,92041,91512,92041
2025-11-18T23:30:00+09:00,92026,92643,91685,91716
2025-11-18T23:45:00+09:00,91732,92082,91630,91630
2025-11-19T00:00:00+09:00,91621,92436,91281,92349
2025-11-19T00:15:00+09:00,92328,93190,92229,92990
2025-11-19T00:30:00+09:00,92993,93196,92656,92970
2025-11-19T00:45:00+09:00,92949,93225,92740,93147
2025-11-19T01:00:00+09:00,93147,93462,92801,93405
2025-11-19T01:15:00+09:00,93359,93972,93300,93951
2025-11-19T01:30:00+09:00,93941,93989,93544,93548
2025-11-19T01:45:00+09:00,93549,93689,93388,93684
2025-11-19T02:00:00+09:00,93684,93819,93538,93538
2025-11-19T02:15:00+09:00,93538,93719,93090,93138
2025-11-19T02:30:00+09:00,93155,93680,93069,93480
2025-11-19T02:45:00+09:00,93518,93546,93360,93475
2025-11-19T03:00:00+09:00,93476,93962,93476,93873
2025-11-19T03:15:00+09:00,93840,93840,93440,93440
2025-11-19T03:30:00+09:00,93499,93648,93387,93595
2025-11-19T03:45:00+09:00,93577,93874,93539,93539
2025-11-19T04:00:00+09:00,93552,93749,93473,93735
2025-11-19T04:15:00+09:00,93700,93750,93591,93661
2025-11-19T04:30:00+09:00,93675,93818,93440,93440
2025-11-19T04:45:00+09:00,93451,93500,93221,93370
2025-11-19T05:00:00+09:00,93390,93499,93151,93247
2025-11-19T05:15:00+09:00,93280,93473,93219,93348
2025-11-19T05:30:00+09:00,93347,93370,93020,93020
2025-11-19T05:45:00+09:00,93019,93199,92903,93030
2025-11-19T06:00:00+09:00,93021,93224,92921,93223
2025-11-19T06:15:00+09:00,93223,93249,93080,93179
2025-11-19T06:30:00+09:00,93178,93178,92858,92878
2025-11-19T06:45:00+09:00,92877,92887,92700,92720
2025-11-19T07:00:00+09:00,92714,93301,92713,93288
2025-11-19T07:15:00+09:00,93287,93482,93225,93469
2025-11-19T07:30:00+09:00,93459,93602,93459,93505
2025-11-19T07:45:00+09:00,93474,93483,93331,93361
2025-11-19T08:00:00+09:00,93362,93375,93000,93001
2025-11-19T08:15:00+09:00,93054,93138,93000,93059
2025-11-19T08:30:00+09:00,93051,93201,93051,93096
2025-11-19T08:45:00+09:00,93096,93239,93000,93193
2025-11-19T09:00:00+09:00,93153,93186,92780,92780
2025-11-19T09:15:00+09:00,92771,92792,92243,92551
2025-11-19T09:30:00+09:00,92532,92865,92303,92858
2025-11-19T09:45:00+09:00,92845,92905,92661,92679
2025-11-19T10:00:00+09:00,92661,92679,92268,92325
2025-11-19T10:15:00+09:00,92282,92896,92180,92648
2025-11-19T10:30:00+09:00,92655,92760,92555,92652
2025-11-19T10:45:00+09:00,92628,92729,92480,92729
2025-11-19T11:00:00+09:00,92694,93000,92601,93000
2025-11-19T11:15:00+09:00,92989,93052,92527,92859
2025-11-19T11:30:00+09:00,92847,93090,92840,92840
2025-11-19T11:45:00+09:00,92858,93022,92789,92805
2025-11-19T12:00:00+09:00,92807,92889,92611,92611
2025-11-19T12:15:00+09:00,92610,92610,92425,92557
2025-11-19T12:30:00+09:00,92557,92557,92041,92152
2025-11-19T12:45:00+09:00,92174,92256,92000,92162
2025-11-19T13:00:00+09:00,92125,92227,92000,92001
2025-11-19T13:15:00+09:00,92001,92077,91729,91989
2025-11-19T13:30:00+09:00,91948,91948,91591,91701
2025-11-19T13:45:00+09:00,91650,91734,91467,91486
2025-11-19T14:00:00+09:00,91448,91498,91177,91177
2025-11-19T14:15:00+09:00,91177,91329,91122,91122
2025-11-19T14:30:00+09:00,91122,91123,90699,90699
2025-11-19T14:45:00+09:00,90699,90724,90423,90715
2025-11-19T15:00:00+09:00,90646,90921,90554,90904
2025-11-19T15:15:00+09:00,90907,91051,90761,91050
2025-11-19T15:30:00+09:00,91051,91253,91051,91200
2025-11-19T15:45:00+09:00,91205,91309,91064,91207
2025-11-19T16:00:00+09:00,91200,91500,91195,91499
2025-11-19T16:15:00+09:00,91499,91610,91411,91458
2025-11-19T16:30:00+09:00,91459,91900,91410,91900
2025-11-19T16:45:00+09:00,91900,92207,91899,92049
2025-11-19T17:00:00+09:00,92071,92091,91895,91965
2025-11-19T17:15:00+09:00,91976,92108,91802,92087
2025-11-19T17:30:00+09:00,92079,92081,91721,91759
2025-11-19T17:45:00+09:00,91780,91789,91520,91657
2025-11-19T18:00:00+09:00,91651,91682,91275,91522
2025-11-19T18:15:00+09:00,91523,91600,91332,91473
2025-11-19T18:30:00+09:00,91478,91680,91478,91669
2025-11-19T18:45:00+09:00,91640,91684,91491,91684
2025-11-19T19:00:00+09:00,91690,91887,91690,91741
2025-11-19T19:15:00+09:00,91740,91784,91589,91711
2025-11-19T19:30:00+09:00,91700,91709,91608,91703
2025-11-19T19:45:00+09:00,91680,91680,91434,91504
2025-11-19T20:00:00+09:00,91506,91786,91506,91786
2025-11-19T20:15:00+09:00,91786,91912,91740,91740
2025-11-19T20:30:00+09:00,91737,91800,91660,91753
2025-11-19T20:45:00+09:00,91749,91783,91531,91600
2025-11-19T21:00:00+09:00,91594,91790,91551,91616
2025-11-19T21:15:00+09:00,91603,91639,91421,91565
2025-11-19T21:30:00+09:00,91566,91680,91511,91630
2025-11-19T21:45:00+09:00,91630,92070,91625,91980
2025-11-19T22:00:00+09:00,91981,91981,91780,91870
2025-11-19T22:15:00+09:00,91870,92010,91811,91989
2025-11-19T22:30:00+09:00,91997,92079,91598,91677
2025-11-19T22:45:00+09:00,91680,91760,91500,91611
2025-11-19T23:00:00+09:00,91611,91729,91150,91690
2025-11-19T23:15:00+09:00,91672,91679,91284,91360
2025-11-19T23:30:00+09:00,91385,92000,91360,91962
2025-11-19T23:45:00+09:00,91962,92000,91720,91910
2025-11-20T00:00:00+09:00,91930,92474,91928,92230
2025-11-20T00:15:00+09:00,92229,92500,91318,91427
2025-11-20T00:30:00+09:00,91426,91426,90750,90852
2025-11-20T00:45:00+09:00,90838,90838,90129,90171
2025-11-20T01:00:00+09:00,90151,90390,90130,90323
2025-11-20T01:15:00+09:00,90330,90400,89825,89902
2025-11-20T01:30:00+09:00,89878,90056,89666,89911
2025-11-20T01:45:00+09:00,89911,90119,89690,90109
2025-11-20T02:00:00+09:00,90117,90300,89585,89610
2025-11-20T02:15:00+09:00,89586,89817,89531,89704
2025-11-20T02:30:00+09:00,89703,89703,89053,89447
2025-11-20T02:45:00+09:00,89466,89686,89251,89643
2025-11-20T03:00:00+09:00,89628,89819,89480,89818
2025-11-20T03:15:00+09:00,89809,89819,89000,89222
2025-11-20T03:30:00+09:00,89171,89439,89043,89067
2025-11-20T03:45:00+09:00,89058,89460,89000,89420
2025-11-20T04:00:00+09:00,89398,89500,89200,89308
2025-11-20T04:15:00+09:00,89310,89349,89041,89121
2025-11-20T04:30:00+09:00,89121,89168,88923,88924
2025-11-20T04:45:00+09:00,88924,89289,88888,89087
2025-11-20T05:00:00+09:00,89074,89127,88888,88915
2025-11-20T05:15:00+09:00,88916,89499,88916,89499
2025-11-20T05:30:00+09:00,89499,89599,89291,89347
2025-11-20T05:45:00+09:00,89341,89777,89291,89691
2025-11-20T06:00:00+09:00,89708,90000,89616,89791
2025-11-20T06:15:00+09:00,89812,90939,89812,90260
2025-11-20T06:30:00+09:00,90273,90699,90200,90590
2025-11-20T06:45:00+09:00,90600,90799,90535,90754
2025-11-20T07:00:00+09:00,90754,90754,90464,90490
2025-11-20T07:15:00+09:00,90463,90709,90241,90709
2025-11-20T07:30:00+09:00,90721,90721,90510,90669
2025-11-20T07:45:00+09:00,90620,90629,90452,90578
2025-11-20T08:00:00+09:00,90574,91470,90558,91388
2025-11-20T08:15:00+09:00,91390,91600,91293,91471
2025-11-20T08:30:00+09:00,91518,91570,91351,91376
2025-11-20T08:45:00+09:00,91379,91674,91372,91648
2025-11-20T09:00:00+09:00,91623,91648,91301,91579
2025-11-20T09:15:00+09:00,91558,91961,91548,91958
2025-11-20T09:30:00+09:00,91937,92389,91937,92308
2025-11-20T09:45:00+09:00,92308,92310,91971,91998
2025-11-20T10:00:00+09:00,91984,92419,91940,92320
2025-11-20T10:15:00+09:00,92314,92573,92257,92295
2025-11-20T10:30:00+09:00,92316,92726,92316,92639
2025-11-20T10:45:00+09:00,92627,92689,92551,92597
2025-11-20T11:00:00+09:00,92639,92820,92447,92670
2025-11-20T11:15:00+09:00,92700,92775,92530,92549
2025-11-20T11:30:00+09:00,92571,92619,92405,92432
2025-11-20T11:45:00+09:00,92432,92739,92390,92631
2025-11-20T12:00:00+09:00,92664,92723,92460,92480
2025-11-20T12:15:00+09:00,92480,92729,92480,92480
2025-11-20T12:30:00+09:00,92461,92681,92461,92573
2025-11-20T12:45:00+09:00,92573,92616,92492,92548
2025-11-20T13:00:00+09:00,92506,92580,92444,92538
2025-11-20T13:15:00+09:00,92530,92530,92129,92344
2025-11-20T13:30:00+09:00,92348,92440,92271,92380
2025-11-20T13:45:00+09:00,92363,92959,92358,92959
2025-11-20T14:00:00+09:00,92959,93125,92870,92881
2025-11-20T14:15:00+09:00,92926,92950,92698,92708
2025-11-20T14:30:00+09:00,92716,92716,92614,92621
2025-11-20T14:45:00+09:00,92627,92769,92627,92703
2025-11-20T15:00:00+09:00,92703,92897,92703,92772
2025-11-20T15:15:00+09:00,92772,92772,92500,92514
2025-11-20T15:30:00+09:00,92528,92541,91895,91895
2025-11-20T15:45:00+09:00,91899,92037,91769,92030
2025-11-20T16:00:00+09:00,92029,92129,91890,92070
2025-11-20T16:15:00+09:00,92109,92109,91893,91985
2025-11-20T16:30:00+09:00,91988,92211,91988,92139
2025-11-20T16:45:00+09:00,92184,92450,92183,92356
2025-11-20T17:00:00+09:00,92373,92425,92175,92175
2025-11-20T17:15:00+09:00,92183,92320,92150,92319
2025-11-20T17:30:00+09:00,92301,92381,92233,92308
2025-11-20T17:45:00+09:00,92338,92346,92099,92158
2025-11-20T18:00:00+09:00,92167,92167,92038,92108
2025-11-20T18:15:00+09:00,92084,92124,91820,91820
2025-11-20T18:30:00+09:00,91846,91956,91732,91732
2025-11-20T18:45:00+09:00,91730,91960,91501,91906
2025-11-20T19:00:00+09:00,91929,92045,91672,91701
2025-11-20T19:15:00+09:00,91707,92029,91701,92028
2025-11-20T19:30:00+09:00,92030,92099,91802,91854
2025-11-20T19:45:00+09:00,91835,91881,91800,91854
2025-11-20T20:00:00+09:00,91848,91880,91701,91797
2025-11-20T20:15:00+09:00,91797,91835,91555,91577
2025-11-20T20:30:00+09:00,91608,91870,91608,91860
2025-11-20T20:45:00+09:00,91838,92080,91829,92013
2025-11-20T21:00:00+09:00,92010,92049,91721,91721
2025-11-20T21:15:00+09:00,91767,91922,91767,91813
2025-11-20T21:30:00+09:00,91796,91987,91789,91817
2025-11-20T21:45:00+09:00,91816,92039,91814,91919
2025-11-20T22:00:00+09:00,91912,92069,91791,92069
2025-11-20T22:15:00+09:00,92069,92143,91851,91970
2025-11-20T22:30:00+09:00,92000,92526,91769,91769
2025-11-20T22:45:00+09:00,91721,92088,91589,91636
2025-11-20T23:00:00+09:00,91597,91597,90565,90820
2025-11-20T23:15:00+09:00,90810,91516,90750,91502
2025-11-20T23:30:00+09:00,91513,91702,90919,91099
2025-11-20T23:45:00+09:00,91117,91319,90733,91166
2025-11-21T00:00:00+09:00,91205,91245,90444,90496
2025-11-21T00:15:00+09:00,90475,90848,90332,90670
2025-11-21T00:30:00+09:00,90675,90739,90315,90647
2025-11-21T00:45:00+09:00,90648,90648,89948,89948
2025-11-21T01:00:00+09:00,89944,89959,88570,88760
2025-11-21T01:15:00+09:00,88768,89141,88368,88820
2025-11-21T01:30:00+09:00,88810,89040,88196,88341
2025-11-21T01:45:00+09:00,88310,88490,87670,87990
2025-11-21T02:00:00+09:00,87961,88239,86711,87165
2025-11-21T02:15:00+09:00,87148,87480,86931,87214
2025-11-21T02:30:00+09:00,87213,87490,86500,86900
2025-11-21T02:45:00+09:00,86874,87401,86790,87389
2025-11-21T03:00:00+09:00,87350,87819,87082,87758
2025-11-21T03:15:00+09:00,87792,87866,87017,87107
2025-11-21T03:30:00+09:00,87107,87178,86835,86941
2025-11-21T03:45:00+09:00,86908,86913,86500,86686
2025-11-21T04:00:00+09:00,86650,86711,86260,86556
2025-11-21T04:15:00+09:00,86556,87279,86500,87080
2025-11-21T04:30:00+09:00,87040,87040,86560,86840
2025-11-21T04:45:00+09:00,86844,87132,86626,87072
2025-11-21T05:00:00+09:00,86982,87010,86511,86511
2025-11-21T05:15:00+09:00,86511,87220,86500,87220
2025-11-21T05:30:00+09:00,87230,87310,86601,86736
2025-11-21T05:45:00+09:00,86769,86869,86506,86617
2025-11-21T06:00:00+09:00,86580,87110,86580,87054
2025-11-21T06:15:00+09:00,87054,87610,87031,87330
2025-11-21T06:30:00+09:00,87302,87780,87230,87759
2025-11-21T06:45:00+09:00,87719,87830,87462,87486
2025-11-21T07:00:00+09:00,87469,88000,87371,88000
2025-11-21T07:15:00+09:00,88000,88299,87983,88281
2025-11-21T07:30:00+09:00,88262,88399,87830,88250
2025-11-21T07:45:00+09:00,88286,88374,88110,88240
2025-11-21T08:00:00+09:00,88226,88321,87523,87734
2025-11-21T08:15:00+09:00,87732,87913,87385,87448
2025-11-21T08:30:00+09:00,87446,87447,87000,87236
2025-11-21T08:45:00+09:00,87233,87233,86730,86821
2025-11-21T09:00:00+09:00,86791,87443,86788,87443
2025-11-21T09:15:00+09:00,87426,87500,87270,87399
2025-11-21T09:30:00+09:00,87424,87650,87221,87411
2025-11-21T09:45:00+09:00,87402,87609,87363,87439
2025-11-21T10:00:00+09:00,87451,87630,87286,87316
2025-11-21T10:15:00+09:00,87319,87539,87052,87460
2025-11-21T10:30:00+09:00,87440,87496,87080,87407
2025-11-21T10:45:00+09:00,87400,87471,87198,87252
2025-11-21T11:00:00+09:00,87252,87252,86520,86609
2025-11-21T11:15:00+09:00,86601,86920,86357,86685
2025-11-21T11:30:00+09:00,86671,86778,86015,86015
2025-11-21T11:45:00+09:00,86011,86350,85532,85664
2025-11-21T12:00:00+09:00,85632,86204,85625,85902
2025-11-21T12:15:00+09:00,85959,86099,85595,85830
2025-11-21T12:30:00+09:00,85829,86257,85708,86228
2025-11-21T12:45:00+09:00,86208,86270,85959,85959
2025-11-21T13:00:00+09:00,85968,86020,85888,85892
2025-11-21T13:15:00+09:00,85891,86079,85793,86024
2025-11-21T13:30:00+09:00,86024,86150,85557,86028
2025-11-21T13:45:00+09:00,86078,86267,85899,86208
2025-11-21T14:00:00+09:00,86200,86405,86105,86343
2025-11-21T14:15:00+09:00,86360,86500,86300,86380
2025-11-21T14:30:00+09:00,86370,86481,86000,86190
2025-11-21T14:45:00+09:00,86211,86400,86130,86345
2025-11-21T15:00:00+09:00,86373,86409,85990,86146
2025-11-21T15:15:00+09:00,86127,86139,85773,85794
2025-11-21T15:30:00+09:00,85799,85955,85688,85819
2025-11-21T15:45:00+09:00,85814,85879,85694,85738
2025-11-21T16:00:00+09:00,85730,85889,85609,85619
2025-11-21T16:15:00+09:00,85652,85652,85255,85384
2025-11-21T16:30:00+09:00,85426,85458,81500,84479
2025-11-21T16:45:00+09:00,84473,84495,84000,84225
2025-11-21T17:00:00+09:00,84192,84864,83900,84633
2025-11-21T17:15:00+09:00,84669,84850,84410,84410
2025-11-21T17:30:00+09:00,84410,84579,83930,83944
2025-11-21T17:45:00+09:00,83961,84185,83734,83793
2025-11-21T18:00:00+09:00,83810,84134,83787,83850
2025-11-21T18:15:00+09:00,83872,83925,83232,83257
2025-11-21T18:30:00+09:00,83257,83355,82676,82788
2025-11-21T18:45:00+09:00,82771,82908,82340,82391
2025-11-21T19:00:00+09:00,82380,82666,82000,82284
2025-11-21T19:15:00+09:00,82270,82609,81868,82199
2025-11-21T19:30:00+09:00,82199,83000,82199,82699
2025-11-21T19:45:00+09:00,82714,82984,82541,82914
2025-11-21T20:00:00+09:00,82877,83490,82790,83230
2025-11-21T20:15:00+09:00,83240,83402,83030,83118
2025-11-21T20:30:00+09:00,83099,83238,82581,82690
2025-11-21T20:45:00+09:00,82667,82689,82380,82423
2025-11-21T21:00:00+09:00,82423,82520,82111,82420
2025-11-21T21:15:00+09:00,82430,82430,80822,81115
2025-11-21T21:30:00+09:00,81117,83148,81117,83129
2025-11-21T21:45:00+09:00,83130,83745,83130,83433
2025-11-21T22:00:00+09:00,83420,84000,83300,83976
2025-11-21T22:15:00+09:00,83994,84460,83549,83569
2025-11-21T22:30:00+09:00,83585,84364,83500,84316
2025-11-21T22:45:00+09:00,84300,84540,84218,84288
2025-11-21T23:00:00+09:00,84271,84379,83917,84001
2025-11-21T23:15:00+09:00,84001,84001,83725,83797
2025-11-21T23:30:00+09:00,83768,85400,83744,85044
2025-11-21T23:45:00+09:00,85100,85578,84420,85000
2025-11-22T00:00:00+09:00,85020,85211,84216,84368
2025-11-22T00:15:00+09:00,84348,84456,83763,83806
2025-11-22T00:30:00+09:00,83797,84012,83002,83406
2025-11-22T00:45:00+09:00,83369,83526,83000,83071
2025-11-22T01:00:00+09:00,83127,83250,82501,83090
2025-11-22T01:15:00+09:00,83071,83445,82768,83445
2025-11-22T01:30:00+09:00,83433,83890,83123,83503
2025-11-22T01:45:00+09:00,83516,85000,83320,85000
2025-11-22T02:00:00+09:00,85000,85630,84768,85336
2025-11-22T02:15:00+09:00,85295,85697,85130,85351
2025-11-22T02:30:00+09:00,85383,85620,85200,85351
2025-11-22T02:45:00+09:00,85351,85522,85000,85040
2025-11-22T03:00:00+09:00,85030,85090,83737,83833
2025-11-22T03:15:00+09:00,83833,84300,83500,84266
2025-11-22T03:30:00+09:00,84228,84733,84175,84689
2025-11-22T03:45:00+09:00,84688,85230,84596,84757
2025-11-22T04:00:00+09:00,84756,85010,84630,84757
2025-11-22T04:15:00+09:00,84740,85179,84661,85066
2025-11-22T04:30:00+09:00,85078,85175,84547,84597
2025-11-22T04:45:00+09:00,84620,84630,84268,84407
2025-11-22T05:00:00+09:00,84398,84540,84040,84339
2025-11-22T05:15:00+09:00,84340,84348,83756,83756
2025-11-22T05:30:00+09:00,83712,84429,83651,84420
2025-11-22T05:45:00+09:00,84430,84818,84430,84695
2025-11-22T06:00:00+09:00,84715,84906,84531,84767
2025-11-22T06:15:00+09:00,84771,85155,84620,85133
2025-11-22T06:30:00+09:00,85149,85500,85148,85437
2025-11-22T06:45:00+09:00,85421,85534,85325,85356
2025-11-22T07:00:00+09:00,85346,85540,85271,85343
2025-11-22T07:15:00+09:00,85322,85380,84925,85047
2025-11-22T07:30:00+09:00,85030,85030,84550,84829
2025-11-22T07:45:00+09:00,84823,85151,84490,84504
2025-11-22T08:00:00+09:00,84493,84620,84311,84618
2025-11-22T08:15:00+09:00,84614,85210,84614,85179
2025-11-22T08:30:00+09:00,85178,85447,85080,85405
2025-11-22T08:45:00+09:00,85437,85500,85240,85314
2025-11-22T09:00:00+09:00,85328,85766,85295,85757
2025-11-22T09:15:00+09:00,85625,85625,85030,85030
2025-11-22T09:30:00+09:00,85065,85441,85065,85239
2025-11-22T09:45:00+09:00,85235,85240,84800,84939
2025-11-22T10:00:00+09:00,84929,85072,84770,84919
2025-11-22T10:15:00+09:00,84921,85120,84874,85120
2025-11-22T10:30:00+09:00,85097,85387,85081,85105
2025-11-22T10:45:00+09:00,85104,85370,85103,85370
2025-11-22T11:00:00+09:00,85377,85389,84905,84906
2025-11-22T11:15:00+09:00,84906,84967,84801,84884
2025-11-22T11:30:00+09:00,84871,84871,84500,84504
2025-11-22T11:45:00+09:00,84560,84700,84500,84700
2025-11-22T12:00:00+09:00,84674,84780,84511,84771
2025-11-22T12:15:00+09:00,84754,84759,84500,84603
2025-11-22T12:30:00+09:00,84588,84660,84430,84530
2025-11-22T12:45:00+09:00,84540,84620,84410,84606
2025-11-22T13:00:00+09:00,84608,84669,84245,84273
2025-11-22T13:15:00+09:00,84277,84350,84027,84170
2025-11-22T13:30:00+09:00,84139,84231,84000,84090
2025-11-22T13:45:00+09:00,84098,84410,84060,84369
2025-11-22T14:00:00+09:00,84373,84410,84290,84345
2025-11-22T14:15:00+09:00,84290,84290,84043,84190
2025-11-22T14:30:00+09:00,84190,84190,84000,84039
2025-11-22T14:45:00+09:00,84100,84400,84100,84400
2025-11-22T15:00:00+09:00,84391,84433,84210,84380
2025-11-22T15:15:00+09:00,84377,84647,84377,84610
2025-11-22T15:30:00+09:00,84613,84889,84613,84770
2025-11-22T15:45:00+09:00,84753,84850,84674,84791
2025-11-22T16:00:00+09:00,84786,84786,84595,84607
2025-11-22T16:15:00+09:00,84623,84757,84571,84619
2025-11-22T16:30:00+09:00,84670,84720,84571,84720
2025-11-22T16:45:00+09:00,84726,84770,84643,84712
2025-11-22T17:00:00+09:00,84718,84718,84603,84628
2025-11-22T17:15:00+09:00,84650,84650,84370,84370
2025-11-22T17:30:00+09:00,84362,84362,84131,84200
2025-11-22T17:45:00+09:00,84158,84290,84126,84180
2025-11-22T18:00:00+09:00,84180,84460,84126,84458
2025-11-22T18:15:00+09:00,84419,84430,84160,84238
2025-11-22T18:30:00+09:00,84246,84370,84039,84062
2025-11-22T18:45:00+09:00,84129,84219,84062,84062
2025-11-22T19:00:00+09:00,84079,84338,84069,84315
2025-11-22T19:15:00+09:00,84295,84320,83812,83837
2025-11-22T19:30:00+09:00,83820,83900,83720,83794
2025-11-22T19:45:00+09:00,83820,83900,83680,83860
2025-11-22T20:00:00+09:00,83837,84165,83740,84096
2025-11-22T20:15:00+09:00,84155,84409,84030,84328
2025-11-22T20:30:00+09:00,84281,84431,84267,84427
2025-11-22T20:45:00+09:00,84340,84354,84240,84240
2025-11-22T21:00:00+09:00,84267,84279,83801,83801
2025-11-22T21:15:00+09:00,83855,83980,83768,83795
2025-11-22T21:30:00+09:00,83794,83939,83794,83898
2025-11-22T21:45:00+09:00,83890,84029,83790,83999
2025-11-22T22:00:00+09:00,83997,84256,83810,84245
2025-11-22T22:15:00+09:00,84218,84225,83950,83990
2025-11-22T22:30:00+09:00,84010,84028,83851,84021
2025-11-22T22:45:00+09:00,84036,84130,84015,84036
2025-11-22T23:00:00+09:00,84079,84596,84071,84580
2025-11-22T23:15:00+09:00,84609,84891,84469,84708
2025-11-22T23:30:00+09:00,84701,84739,84540,84540
2025-11-22T23:45:00+09:00,84532,84664,84410,84601
2025-11-23T00:00:00+09:00,84642,84652,84450,84474
2025-11-23T00:15:00+09:00,84500,84590,84475,84550
2025-11-23T00:30:00+09:00,84527,84537,84163,84229
2025-11-23T00:45:00+09:00,84211,84410,84160,84410
2025-11-23T01:00:00+09:00,84404,84703,84365,84692
2025-11-23T01:15:00+09:00,84709,84760,84615,84717
2025-11-23T01:30:00+09:00,84712,84968,84661,84935
2025-11-23T01:45:00+09:00,84936,85000,84731,84866
2025-11-23T02:00:00+09:00,84841,84841,84560,84630
2025-11-23T02:15:00+09:00,84660,84840,84633,84793
2025-11-23T02:30:00+09:00,84821,84821,84682,84682
2025-11-23T02:45:00+09:00,84674,84720,84616,84711
2025-11-23T03:00:00+09:00,84689,84770,84610,84767
2025-11-23T03:15:00+09:00,84738,84738,84670,84698
2025-11-23T03:30:00+09:00,84690,84702,84624,84671
2025-11-23T03:45:00+09:00,84670,84760,84670,84758
2025-11-23T04:00:00+09:00,84759,84894,84737,84839
2025-11-23T04:15:00+09:00,84839,84900,84750,84750
2025-11-23T04:30:00+09:00,84769,84769,84670,84698
2025-11-23T04:45:00+09:00,84706,84835,84706,84769
2025-11-23T05:00:00+09:00,84769,84910,84765,84875
2025-11-23T05:15:00+09:00,84855,84910,84819,84880
2025-11-23T05:30:00+09:00,84846,84846,84585,84585
2025-11-23T05:45:00+09:00,84610,84610,84410,84588
2025-11-23T06:00:00+09:00,84570,84620,84397,84428
2025-11-23T06:15:00+09:00,84428,84521,84421,84451
2025-11-23T06:30:00+09:00,84464,84589,84453,84553
2025-11-23T06:45:00+09:00,84553,84578,84481,84557
2025-11-23T07:00:00+09:00,84564,84762,84442,84762
2025-11-23T07:15:00+09:00,84700,84853,84690,84796
2025-11-23T07:30:00+09:00,84776,84922,84756,84920
2025-11-23T07:45:00+09:00,84917,85380,84877,85258
2025-11-23T08:00:00+09:00,85243,85328,85009,85186
2025-11-23T08:15:00+09:00,85187,85214,84933,85028
2025-11-23T08:30:00+09:00,85023,85199,84900,84977
2025-11-23T08:45:00+09:00,84953,84982,84828,84889
2025-11-23T09:00:00+09:00,84890,85356,84835,85336
2025-11-23T09:15:00+09:00,85330,85464,85165,85261
2025-11-23T09:30:00+09:00,85276,85326,85087,85155
2025-11-23T09:45:00+09:00,85169,85270,85051,85136
2025-11-23T10:00:00+09:00,85120,85496,85117,85496
2025-11-23T10:15:00+09:00,85474,85723,85451,85702
2025-11-23T10:30:00+09:00,85702,86000,85626,85999
2025-11-23T10:45:00+09:00,86000,86279,85907,86029
2025-11-23T11:00:00+09:00,86028,86222,85861,86006
2025-11-23T11:15:00+09:00,85957,86300,85900,86263
2025-11-23T11:30:00+09:00,86220,86500,86220,86341
2025-11-23T11:45:00+09:00,86341,86434,86141,86161
2025-11-23T12:00:00+09:00,86164,86250,86001,86058
2025-11-23T12:15:00+09:00,86059,86140,86000,86121
2025-11-23T12:30:00+09:00,86113,86343,86069,86246
2025-11-23T12:45:00+09:00,86262,86500,86184,86500
2025-11-23T13:00:00+09:00,86499,86689,86327,86620
2025-11-23T13:15:00+09:00,86619,86998,86560,86670
2025-11-23T13:30:00+09:00,86661,86790,86621,86760
2025-11-23T13:45:00+09:00,86752,86840,86643,86710
2025-11-23T14:00:00+09:00,86710,86750,86550,86640
2025-11-23T14:15:00+09:00,86603,86632,86403,86417
2025-11-23T14:30:00+09:00,86416,86453,86185,86237
2025-11-23T14:45:00+09:00,86219,86520,86219,86520
2025-11-23T15:00:00+09:00,86518,86666,86471,86472
2025-11-23T15:15:00+09:00,86473,86491,86278,86343
2025-11-23T15:30:00+09:00,86350,86370,86146,86220
2025-11-23T15:45:00+09:00,86220,86302,86032,86032
2025-11-23T16:00:00+09:00,86036,86117,85810,86058
2025-11-23T16:15:00+09:00,86048,86079,85552,85630
2025-11-23T16:30:00+09:00,85688,85905,85570,85883
2025-11-23T16:45:00+09:00,85859,85983,85814,85960
2025-11-23T17:00:00+09:00,85947,86250,85947,86180
2025-11-23T17:15:00+09:00,86143,86288,86142,86161
2025-11-23T17:30:00+09:00,86170,86205,86041,86041
2025-11-23T17:45:00+09:00,86049,86386,86049,86330
2025-11-23T18:00:00+09:00,86315,86438,86278,86417
2025-11-23T18:15:00+09:00,86416,86452,86320,86370
2025-11-23T18:30:00+09:00,86346,86677,86311,86636
2025-11-23T18:45:00+09:00,86637,86637,86521,86578
2025-11-23T19:00:00+09:00,86584,86638,86431,86464
2025-11-23T19:15:00+09:00,86464,86553,86350,86351
2025-11-23T19:30:00+09:00,86350,86482,86285,86426
2025-11-23T19:45:00+09:00,86424,86477,86235,86254
2025-11-23T20:00:00+09:00,86241,86241,86032,86108
2025-11-23T20:15:00+09:00,86124,86352,86071,86255
2025-11-23T20:30:00+09:00,86230,86471,86230,86464
2025-11-23T20:45:00+09:00,86447,86628,86393,86497
2025-11-23T21:00:00+09:00,86516,86807,86463,86807
2025-11-23T21:15:00+09:00,86793,87000,86793,86947
2025-11-23T21:30:00+09:00,86947,87000,86697,86771
2025-11-23T21:45:00+09:00,86771,86867,86659,86724
2025-11-23T22:00:00+09:00,86716,86944,86521,86541
2025-11-23T22:15:00+09:00,86544,86797,86544,86668
2025-11-23T22:30:00+09:00,86658,86934,86637,86896
2025-11-23T22:45:00+09:00,86904,87103,86834,87103
2025-11-23T23:00:00+09:00,87102,87372,86923,86993
2025-11-23T23:15:00+09:00,86993,87022,86822,86976
2025-11-23T23:30:00+09:00,86946,87090,86823,86951
2025-11-23T23:45:00+09:00,86929,87001,86647,86717
2025-11-24T00:00:00+09:00,86711,86926,86633,86924
2025-11-24T00:15:00+09:00,86890,86960,86791,86881
2025-11-24T00:30:00+09:00,86865,87212,86841,87187
2025-11-24T00:45:00+09:00,87207,87418,87156,87294
2025-11-24T01:00:00+09:00,87294,87679,87283,87411
2025-11-24T01:15:00+09:00,87390,87411,87188,87228
2025-11-24T01:30:00+09:00,87239,87617,87125,87549
2025-11-24T01:45:00+09:00,87549,87549,86884,86888
2025-11-24T02:00:00+09:00,86895,87058,86700,86967
2025-11-24T02:15:00+09:00,86915,87141,86757,87104
2025-11-24T02:30:00+09:00,87073,87165,86942,87107
2025-11-24T02:45:00+09:00,87045,87065,86888,86964
2025-11-24T03:00:00+09:00,86957,87138,86923,87002
2025-11-24T03:15:00+09:00,87000,87370,87000,87105
2025-11-24T03:30:00+09:00,87104,87432,87075,87406
2025-11-24T03:45:00+09:00,87391,87391,87171,87194
2025-11-24T04:00:00+09:00,87195,87474,87135,87439
2025-11-24T04:15:00+09:00,87438,87744,87435,87530
2025-11-24T04:30:00+09:00,87530,87882,87530,87835
2025-11-24T04:45:00+09:00,87835,87835,87500,87529
2025-11-24T05:00:00+09:00,87570,87684,87456,87620
2025-11-24T05:15:00+09:00,87630,87899,87615,87825
2025-11-24T05:30:00+09:00,87830,87858,87638,87749
2025-11-24T05:45:00+09:00,87730,87805,87660,87696
2025-11-24T06:00:00+09:00,87671,87690,87339,87462
2025-11-24T06:15:00+09:00,87461,87781,87428,87781
2025-11-24T06:30:00+09:00,87776,87990,87765,87861
2025-11-24T06:45:00+09:00,87846,88187,87838,88187
2025-11-24T07:00:00+09:00,88190,88290,87899,87954
2025-11-24T07:15:00+09:00,87953,88179,87748,88091
2025-11-24T07:30:00+09:00,88078,88078,87881,87973
2025-11-24T07:45:00+09:00,87973,88235,87973,88220
2025-11-24T08:00:00+09:00,88199,88279,87550,87550
2025-11-24T08:15:00+09:00,87612,87619,87060,87226
2025-11-24T08:30:00+09:00,87219,87229,87000,87035
2025-11-24T08:45:00+09:00,87038,87137,87000,87008
2025-11-24T09:00:00+09:00,87013,87013,86500,86520
2025-11-24T09:15:00+09:00,86520,86659,86150,86626
2025-11-24T09:30:00+09:00,86625,87169,86453,87069
2025-11-24T09:45:00+09:00,87059,87390,86871,86929
2025-11-24T10:00:00+09:00,86882,87159,86723,86951
2025-11-24T10:15:00+09:00,86952,87079,86800,87036
2025-11-24T10:30:00+09:00,87019,87019,86582,86689
2025-11-24T10:45:00+09:00,86690,87258,86629,87243
2025-11-24T11:00:00+09:00,87252,88118,87202,88038
2025-11-24T11:15:00+09:00,88090,88210,87881,87902
2025-11-24T11:30:00+09:00,87906,87939,87463,87589
2025-11-24T11:45:00+09:00,87569,87665,87440,87665
2025-11-24T12:00:00+09:00,87674,87739,87391,87490
2025-11-24T12:15:00+09:00,87482,87939,87418,87790
2025-11-24T12:30:00+09:00,87776,87840,87561,87590
2025-11-24T12:45:00+09:00,87615,87700,87476,87679
2025-11-24T13:00:00+09:00,87626,87770,87550,87550
2025-11-24T13:15:00+09:00,87540,87540,86631,86786
2025-11-24T13:30:00+09:00,86784,87013,86780,86895
2025-11-24T13:45:00+09:00,86894,87013,86800,86942
2025-11-24T14:00:00+09:00,86915,87869,86870,87761
2025-11-24T14:15:00+09:00,87764,87969,87724,87820
2025-11-24T14:30:00+09:00,87813,87813,87621,87714
2025-11-24T14:45:00+09:00,87733,87733,87450,87645
2025-11-24T15:00:00+09:00,87637,87658,87119,87140
2025-11-24T15:15:00+09:00,87111,87350,87111,87320
2025-11-24T15:30:00+09:00,87295,87314,87087,87215
2025-11-24T15:45:00+09:00,87213,87249,87000,87085
2025-11-24T16:00:00+09:00,87084,87119,86901,87033
2025-11-24T16:15:00+09:00,87045,87199,86961,87069
2025-11-24T16:30:00+09:00,87048,87500,87010,87499
2025-11-24T16:45:00+09:00,87499,87500,87181,87233
2025-11-24T17:00:00+09:00,87222,87225,86941,87111
2025-11-24T17:15:00+09:00,87120,87199,87001,87014
2025-11-24T17:30:00+09:00,87007,87094,86933,87010
2025-11-24T17:45:00+09:00,87001,87186,86925,87121
2025-11-24T18:00:00+09:00,87125,87126,86716,86806
2025-11-24T18:15:00+09:00,86805,86805,86070,86110
2025-11-24T18:30:00+09:00,86124,86365,86021,86168
2025-11-24T18:45:00+09:00,86165,86264,86114,86135
2025-11-24T19:00:00+09:00,86134,86320,86071,86088
2025-11-24T19:15:00+09:00,86081,86190,86000,86001
2025-11-24T19:30:00+09:00,86001,86374,85864,86110
2025-11-24T19:45:00+09:00,86085,86303,86085,86240
2025-11-24T20:00:00+09:00,86247,86365,86013,86257
2025-11-24T20:15:00+09:00,86260,86350,86156,86234
2025-11-24T20:30:00+09:00,86267,86500,86267,86500
2025-11-24T20:45:00+09:00,86500,86581,86444,86444
2025-11-24T21:00:00+09:00,86444,86444,86132,86142
2025-11-24T21:15:00+09:00,86170,86359,86129,86329
2025-11-24T21:30:00+09:00,86350,86440,86068,86129
2025-11-24T21:45:00+09:00,86119,86276,86070,86192
2025-11-24T22:00:00+09:00,86180,86635,86156,86516
2025-11-24T22:15:00+09:00,86522,86696,86360,86689
2025-11-24T22:30:00+09:00,86667,86710,86555,86699
2025-11-24T22:45:00+09:00,86689,86689,86248,86309
2025-11-24T23:00:00+09:00,86310,86310,86077,86229
2025-11-24T23:15:00+09:00,86226,86241,86100,86116
2025-11-24T23:30:00+09:00,86091,86802,85590,85806
2025-11-24T23:45:00+09:00,85740,86280,85500,86280
2025-11-25T00:00:00+09:00,86320,86879,86271,86690
2025-11-25T00:15:00+09:00,86690,86716,86133,86273
2025-11-25T00:30:00+09:00,86272,86790,86180,86704
2025-11-25T00:45:00+09:00,86733,86893,86553,86779
2025-11-25T01:00:00+09:00,86780,87351,86780,87049
2025-11-25T01:15:00+09:00,87061,87470,87058,87350
2025-11-25T01:30:00+09:00,87402,87688,87215,87658
2025-11-25T01:45:00+09:00,87642,87837,87341,87341
2025-11-25T02:00:00+09:00,87387,87450,87132,87160
2025-11-25T02:15:00+09:00,87130,87903,87130,87870
2025-11-25T02:30:00+09:00,87879,88137,87759,88059
2025-11-25T02:45:00+09:00,88064,88600,88028,88489
2025-11-25T03:00:00+09:00,88519,88697,88328,88638
2025-11-25T03:15:00+09:00,88590,88640,88371,88510
2025-11-25T03:30:00+09:00,88491,88590,88356,88530
2025-11-25T03:45:00+09:00,88534,88858,88534,88853
2025-11-25T04:00:00+09:00,88853,88965,88730,88825
2025-11-25T04:15:00+09:00,88817,88910,88671,88735
2025-11-25T04:30:00+09:00,88770,88987,88523,88577
2025-11-25T04:45:00+09:00,88591,88611,88272,88479
2025-11-25T05:00:00+09:00,88485,88930,88485,88840
2025-11-25T05:15:00+09:00,88807,89000,88781,89000
2025-11-25T05:30:00+09:00,89000,89080,88911,89035
2025-11-25T05:45:00+09:00,89048,89349,89048,89318
2025-11-25T06:00:00+09:00,89241,89271,89060,89213
2025-11-25T06:15:00+09:00,89206,89206,89020,89074
2025-11-25T06:30:00+09:00,89061,89200,88950,88950
2025-11-25T06:45:00+09:00,88912,89000,88880,88944
2025-11-25T07:00:00+09:00,88945,89245,88945,89183
2025-11-25T07:15:00+09:00,89182,89188,88900,88963
2025-11-25T07:30:00+09:00,88963,89086,88961,89001
2025-11-25T07:45:00+09:00,88990,88992,88774,88810
2025-11-25T08:00:00+09:00,88800,88847,88682,88690
2025-11-25T08:15:00+09:00,88685,88788,88670,88781
2025-11-25T08:30:00+09:00,88760,88760,88501,88583
2025-11-25T08:45:00+09:00,88576,88576,88441,88471
2025-11-25T09:00:00+09:00,88467,88467,88170,88170
2025-11-25T09:15:00+09:00,88178,88234,88038,88060
2025-11-25T09:30:00+09:00,88073,88432,88060,88354
2025-11-25T09:45:00+09:00,88351,88371,88160,88237
2025-11-25T10:00:00+09:00,88248,88369,88081,88301
2025-11-25T10:15:00+09:00,88303,88349,88126,88211
2025-11-25T10:30:00+09:00,88210,88238,88110,88141
2025-11-25T10:45:00+09:00,88122,88123,87881,87881
2025-11-25T11:00:00+09:00,87890,88070,87800,87962
2025-11-25T11:15:00+09:00,87957,88029,87791,87796
2025-11-25T11:30:00+09:00,87800,87868,87641,87868
2025-11-25T11:45:00+09:00,87816,88050,87816,88049
2025-11-25T12:00:00+09:00,88054,88181,87954,87973
2025-11-25T12:15:00+09:00,87973,88113,87940,88095
2025-11-25T12:30:00+09:00,88091,88091,87769,87812
2025-11-25T12:45:00+09:00,87813,87979,87731,87969
2025-11-25T13:00:00+09:00,87952,88285,87946,88285
2025-11-25T13:15:00+09:00,88271,88271,88131,88198
2025-11-25T13:30:00+09:00,88197,88476,88186,88321
2025-11-25T13:45:00+09:00,88321,88628,88321,88514
2025-11-25T14:00:00+09:00,88510,88510,88326,88326
2025-11-25T14:15:00+09:00,88351,88352,88117,88176
2025-11-25T14:30:00+09:00,88166,88350,88166,88350
2025-11-25T14:45:00+09:00,88358,88379,88246,88266
2025-11-25T15:00:00+09:00,88257,88273,88197,88221
2025-11-25T15:15:00+09:00,88220,88259,88091,88091
2025-11-25T15:30:00+09:00,88091,88123,88001,88043
2025-11-25T15:45:00+09:00,88030,88180,87991,88152
2025-11-25T16:00:00+09:00,88151,88183,88020,88182
2025-11-25T16:15:00+09:00,88148,88148,87851,87851
2025-11-25T16:30:00+09:00,87871,87899,87771,87829
2025-11-25T16:45:00+09:00,87838,87853,87500,87511
2025-11-25T17:00:00+09:00,87519,87573,87495,87525
2025-11-25T17:15:00+09:00,87543,87706,87543,87637
2025-11-25T17:30:00+09:00,87654,87654,87483,87496
2025-11-25T17:45:00+09:00,87523,87523,87142,87142
2025-11-25T18:00:00+09:00,87135,87148,86961,86961
2025-11-25T18:15:00+09:00,86966,87029,86817,86818
2025-11-25T18:30:00+09:00,86818,87200,86818,87200
2025-11-25T18:45:00+09:00,87154,87347,87012,87338
2025-11-25T19:00:00+09:00,87338,87338,87157,87174
2025-11-25T19:15:00+09:00,87163,87327,87086,87327
2025-11-25T19:30:00+09:00,87288,87410,87253,87364
2025-11-25T19:45:00+09:00,87339,87500,87281,87500
2025-11-25T20:00:00+09:00,87500,87557,87425,87556
2025-11-25T20:15:00+09:00,87552,87609,87424,87539
2025-11-25T20:30:00+09:00,87538,87634,87470,87576
2025-11-25T20:45:00+09:00,87553,87618,87470,87502
2025-11-25T21:00:00+09:00,87490,87827,87478,87824
2025-11-25T21:15:00+09:00,87825,87835,87640,87761
2025-11-25T21:30:00+09:00,87760,87884,87541,87784
2025-11-25T21:45:00+09:00,87761,87775,87607,87624
2025-11-25T22:00:00+09:00,87624,87751,87471,87714
2025-11-25T22:15:00+09:00,87714,87821,87650,87745
2025-11-25T22:30:00+09:00,87764,87832,87190,87190
2025-11-25T22:45:00+09:00,87196,87263,87001,87186
2025-11-25T23:00:00+09:00,87186,87404,87000,87115
2025-11-25T23:15:00+09:00,87064,87334,87023,87312
2025-11-25T23:30:00+09:00,87240,87334,86718,86740
2025-11-25T23:45:00+09:00,86740,86886,86243,86870
2025-11-26T00:00:00+09:00,86869,86959,86341,86681
2025-11-26T00:15:00+09:00,86679,86840,86490,86840
2025-11-26T00:30:00+09:00,86840,87261,86840,87260
2025-11-26T00:45:00+09:00,87261,87390,87020,87071
2025-11-26T01:00:00+09:00,87087,87220,86867,86988
2025-11-26T01:15:00+09:00,86987,87398,86950,87340
2025-11-26T01:30:00+09:00,87350,87412,87171,87235
2025-11-26T01:45:00+09:00,87235,87281,87103,87273
2025-11-26T02:00:00+09:00,87253,87592,87163,87591
2025-11-26T02:15:00+09:00,87586,87758,87371,87643
2025-11-26T02:30:00+09:00,87643,88236,87631,88070
2025-11-26T02:45:00+09:00,88089,88089,87738,87742
2025-11-26T03:00:00+09:00,87753,87880,87668,87751
2025-11-26T03:15:00+09:00,87818,87919,87710,87718
2025-11-26T03:30:00+09:00,87753,87809,87564,87625
2025-11-26T03:45:00+09:00,87659,87720,87391,87391
2025-11-26T04:00:00+09:00,87380,87426,86900,87060
2025-11-26T04:15:00+09:00,87070,87074,86363,86382
2025-11-26T04:30:00+09:00,86400,86738,86328,86731
2025-11-26T04:45:00+09:00,86723,87011,86700,86995
2025-11-26T05:00:00+09:00,86996,87236,86860,87236
2025-11-26T05:15:00+09:00,87233,87268,87028,87199
2025-11-26T05:30:00+09:00,87177,87414,87177,87286
2025-11-26T05:45:00+09:00,87304,87567,87300,87517
2025-11-26T06:00:00+09:00,87517,87539,87260,87285
2025-11-26T06:15:00+09:00,87300,87489,87300,87446
2025-11-26T06:30:00+09:00,87446,87465,87199,87304
2025-11-26T06:45:00+09:00,87309,87360,87102,87138
2025-11-26T07:00:00+09:00,87152,87152,86706,86758
2025-11-26T07:15:00+09:00,86802,87270,86802,87226
2025-11-26T07:30:00+09:00,87246,87715,87209,87476
2025-11-26T07:45:00+09:00,87543,87830,87361,87770
2025-11-26T08:00:00+09:00,87753,87994,87547,87970
2025-11-26T08:15:00+09:00,87969,87969,87650,87664
2025-11-26T08:30:00+09:00,87662,87759,87576,87587
2025-11-26T08:45:00+09:00,87572,87622,87491,87514
2025-11-26T09:00:00+09:00,87518,87749,87515,87642
2025-11-26T09:15:00+09:00,87613,87880,87530,87692
2025-11-26T09:30:00+09:00,87750,87869,87570,87660
2025-11-26T09:45:00+09:00,87670,87840,87660,87687
2025-11-26T10:00:00+09:00,87664,87670,87481,87656
2025-11-26T10:15:00+09:00,87614,87780,87582,87730
2025-11-26T10:30:00+09:00,87725,88300,87714,88200
2025-11-26T10:45:00+09:00,88202,88202,87991,88039
2025-11-26T11:00:00+09:00,88043,88133,87982,88093
2025-11-26T11:15:00+09:00,88093,88160,87889,87919
2025-11-26T11:30:00+09:00,87917,88062,87782,88015
2025-11-26T11:45:00+09:00,88000,88000,87821,87822
2025-11-26T12:00:00+09:00,87831,87879,87796,87824
2025-11-26T12:15:00+09:00,87823,88010,87822,87951
2025-11-26T12:30:00+09:00,87950,87950,87438,87509
2025-11-26T12:45:00+09:00,87505,87513,87219,87258
2025-11-26T13:00:00+09:00,87256,87423,87061,87062
2025-11-26T13:15:00+09:00,87100,87400,87098,87380
2025-11-26T13:30:00+09:00,87373,87512,87369,87417
2025-11-26T13:45:00+09:00,87431,87473,87351,87401
2025-11-26T14:00:00+09:00,87402,87600,87402,87567
2025-11-26T14:15:00+09:00,87584,87840,87584,87689
2025-11-26T14:30:00+09:00,87693,87879,87693,87812
2025-11-26T14:45:00+09:00,87798,87798,87642,87661
2025-11-26T15:00:00+09:00,87660,87821,87604,87786
2025-11-26T15:15:00+09:00,87789,87789,87641,87719
2025-11-26T15:30:00+09:00,87730,87809,87621,87798
2025-11-26T15:45:00+09:00,87800,88000,87747,87954
2025-11-26T16:00:00+09:00,87947,87992,87841,87942
2025-11-26T16:15:00+09:00,87939,88000,87856,87935
2025-11-26T16:30:00+09:00,87926,87929,87859,87914
2025-11-26T16:45:00+09:00,87918,88081,87883,88074
2025-11-26T17:00:00+09:00,88048,88048,87760,87760
2025-11-26T17:15:00+09:00,87746,87782,87667,87694
2025-11-26T17:30:00+09:00,87718,87738,87603,87681
2025-11-26T17:45:00+09:00,87680,87699,87550,87553
2025-11-26T18:00:00+09:00,87552,87575,87439,87519
2025-11-26T18:15:00+09:00,87518,87518,87270,87270
2025-11-26T18:30:00+09:00,87260,87261,87081,87114
2025-11-26T18:45:00+09:00,87096,87096,86925,86991
2025-11-26T19:00:00+09:00,86992,87189,86992,87093
2025-11-26T19:15:00+09:00,87076,87076,86961,87016
2025-11-26T19:30:00+09:00,86996,87084,86821,87031
2025-11-26T19:45:00+09:00,87032,87127,86970,87095
2025-11-26T20:00:00+09:00,87094,87139,87011,87130
2025-11-26T20:15:00+09:00,87140,87152,87041,87041
2025-11-26T20:30:00+09:00,87041,87206,87041,87206
2025-11-26T20:45:00+09:00,87210,87248,87121,87248
2025-11-26T21:00:00+09:00,87232,87293,86695,86728
2025-11-26T21:15:00+09:00,86728,86750,86500,86593
2025-11-26T21:30:00+09:00,86593,86810,86588,86775
2025-11-26T21:45:00+09:00,86804,86849,86750,86808
2025-11-26T22:00:00+09:00,86807,86839,86730,86772
2025-11-26T22:15:00+09:00,86751,86954,86751,86915
2025-11-26T22:30:00+09:00,86903,87279,86741,87166
2025-11-26T22:45:00+09:00,87150,87280,87100,87275
2025-11-26T23:00:00+09:00,87247,87482,87111,87448
2025-11-26T23:15:00+09:00,87444,87461,87361,87456
2025-11-26T23:30:00+09:00,87446,87696,87260,87404
2025-11-26T23:45:00+09:00,87476,87778,87000,87025
2025-11-27T00:00:00+09:00,87007,87339,87007,87152
2025-11-27T00:15:00+09:00,87185,87445,87019,87427
2025-11-27T00:30:00+09:00,87422,87490,87060,87060
2025-11-27T00:45:00+09:00,87050,87135,86854,87120
2025-11-27T01:00:00+09:00,87137,87680,87137,87680
2025-11-27T01:15:00+09:00,87680,87920,87680,87741
2025-11-27T01:30:00+09:00,87760,88000,87730,87753
2025-11-27T01:45:00+09:00,87742,87941,87510,87936
2025-11-27T02:00:00+09:00,87941,88059,87877,87998
2025-11-27T02:15:00+09:00,87971,88900,87831,88750
2025-11-27T02:30:00+09:00,88757,89570,88655,89570
2025-11-27T02:45:00+09:00,89589,90000,89584,89912
2025-11-27T03:00:00+09:00,89967,90169,89780,90100
2025-11-27T03:15:00+09:00,90100,90412,90100,90346
2025-11-27T03:30:00+09:00,90382,90383,89770,89770
2025-11-27T03:45:00+09:00,89769,90167,89769,90151
2025-11-27T04:00:00+09:00,90142,90199,89789,89848
2025-11-27T04:15:00+09:00,89848,90016,89788,89875
2025-11-27T04:30:00+09:00,89825,90059,89786,89913
2025-11-27T04:45:00+09:00,89913,90060,89843,90017
2025-11-27T05:00:00+09:00,89972,90030,89568,90030
2025-11-27T05:15:00+09:00,90032,90141,89877,90064
2025-11-27T05:30:00+09:00,90059,90106,89760,89760
2025-11-27T05:45:00+09:00,89776,89989,89749,89952
2025-11-27T06:00:00+09:00,89941,90059,89933,89960
2025-11-27T06:15:00+09:00,89933,90339,89901,90331
2025-11-27T06:30:00+09:00,90345,90500,90231,90298
2025-11-27T06:45:00+09:00,90323,90440,90251,90255
2025-11-27T07:00:00+09:00,90252,90684,90208,90414
2025-11-27T07:15:00+09:00,90413,90579,90302,90412
2025-11-27T07:30:00+09:00,90398,90399,90300,90343
2025-11-27T07:45:00+09:00,90324,90500,90324,90487
2025-11-27T08:00:00+09:00,90488,90651,90417,90581
2025-11-27T08:15:00+09:00,90567,90567,90438,90438
2025-11-27T08:30:00+09:00,90431,90481,90415,90468
2025-11-27T08:45:00+09:00,90469,90629,90469,90585
2025-11-27T09:00:00+09:00,90584,90627,90199,90294
2025-11-27T09:15:00+09:00,90269,90315,90188,90291
2025-11-27T09:30:00+09:00,90307,90439,90307,90419
2025-11-27T09:45:00+09:00,90438,90630,90435,90571
2025-11-27T10:00:00+09:00,90527,90979,90463,90759
2025-11-27T10:15:00+09:00,90728,90850,90710,90798
2025-11-27T10:30:00+09:00,90791,90791,90706,90779
2025-11-27T10:45:00+09:00,90767,91289,90757,91248
2025-11-27T11:00:00+09:00,91231,91265,90981,91077
2025-11-27T11:15:00+09:00,91110,91500,91096,91500
2025-11-27T11:30:00+09:00,91500,91870,91441,91870
2025-11-27T11:45:00+09:00,91879,91930,91444,91462
2025-11-27T12:00:00+09:00,91437,91640,91383,91454
2025-11-27T12:15:00+09:00,91448,91631,91400,91400
2025-11-27T12:30:00+09:00,91408,91408,91184,91184
2025-11-27T12:45:00+09:00,91237,91255,91139,91183
2025-11-27T13:00:00+09:00,91166,91396,91150,91347
2025-11-27T13:15:00+09:00,91360,91389,91230,91230
2025-11-27T13:30:00+09:00,91210,91349,91181,91259
2025-11-27T13:45:00+09:00,91261,91354,91259,91354
2025-11-27T14:00:00+09:00,91341,91380,91251,91367
2025-11-27T14:15:00+09:00,91369,91585,91303,91584
2025-11-27T14:30:00+09:00,91552,91552,91000,91047
2025-11-27T14:45:00+09:00,91030,91137,91030,91058
2025-11-27T15:00:00+09:00,91080,91326,91061,91325
2025-11-27T15:15:00+09:00,91330,91464,91316,91452
2025-11-27T15:30:00+09:00,91445,91488,91380,91420
2025-11-27T15:45:00+09:00,91410,91427,91290,91309
2025-11-27T16:00:00+09:00,91311,91356,91246,91354
2025-11-27T16:15:00+09:00,91342,91527,91342,91515
2025-11-27T16:30:00+09:00,91506,91509,91458,91458
2025-11-27T16:45:00+09:00,91459,91553,91458,91496
2025-11-27T17:00:00+09:00,91500,91568,91321,91321
2025-11-27T17:15:00+09:00,91323,91460,91323,91426
2025-11-27T17:30:00+09:00,91431,91519,91385,91479
2025-11-27T17:45:00+09:00,91468,91600,91457,91579
2025-11-27T18:00:00+09:00,91580,91580,91579,91580
2025-11-27T18:15:00+09:00,91579,91821,91579,91679
2025-11-27T18:30:00+09:00,91675,91990,91675,91873
2025-11-27T18:45:00+09:00,91873,91873,91610,91649
2025-11-27T19:00:00+09:00,91637,91749,91637,91691
2025-11-27T19:15:00+09:00,91682,91789,91682,91777
2025-11-27T19:30:00+09:00,91710,91710,91421,91659
2025-11-27T19:45:00+09:00,91641,91720,91586,91685
2025-11-27T20:00:00+09:00,91712,91712,91581,91597
2025-11-27T20:15:00+09:00,91602,91610,91451,91453
2025-11-27T20:30:00+09:00,91464,91520,91350,91504
2025-11-27T20:45:00+09:00,91496,91525,91448,91448
2025-11-27T21:00:00+09:00,91443,91517,91401,91487
2025-11-27T21:15:00+09:00,91486,91486,91284,91343
2025-11-27T21:30:00+09:00,91327,91378,91178,91178
2025-11-27T21:45:00+09:00,91178,91250,91032,91043
2025-11-27T22:00:00+09:00,91027,91094,90804,90853
2025-11-27T22:15:00+09:00,90860,90920,90514,90800
2025-11-27T22:30:00+09:00,90772,90925,90571,90892
2025-11-27T22:45:00+09:00,90890,91100,90812,90970
2025-11-27T23:00:00+09:00,90979,90979,90871,90908
2025-11-27T23:15:00+09:00,90920,91050,90751,91049
2025-11-27T23:30:00+09:00,91035,91035,90700,90805
2025-11-27T23:45:00+09:00,90820,90900,90756,90896
2025-11-28T00:00:00+09:00,90872,91010,90770,90789
2025-11-28T00:15:00+09:00,90789,91020,90789,91020
2025-11-28T00:30:00+09:00,91018,91030,90887,90945
2025-11-28T00:45:00+09:00,90980,91048,90967,91008
2025-11-28T01:00:00+09:00,91027,91355,90958,91323
2025-11-28T01:15:00+09:00,91362,91450,91221,91286
2025-11-28T01:30:00+09:00,91323,91666,91323,91430
2025-11-28T01:45:00+09:00,91420,91549,91370,91533
2025-11-28T02:00:00+09:00,91532,91590,91454,91555
2025-11-28T02:15:00+09:00,91570,91684,91480,91480
2025-11-28T02:30:00+09:00,91470,91610,91431,91500
2025-11-28T02:45:00+09:00,91535,91573,91473,91542
2025-11-28T03:00:00+09:00,91542,91572,91496,91518
2025-11-28T03:15:00+09:00,91507,91567,91442,91498
2025-11-28T03:30:00+09:00,91506,91918,91487,91886
2025-11-28T03:45:00+09:00,91871,91930,91818,91899
2025-11-28T04:00:00+09:00,91888,91888,91690,91738
2025-11-28T04:15:00+09:00,91722,91772,91677,91704
2025-11-28T04:30:00+09:00,91707,91800,91640,91800
2025-11-28T04:45:00+09:00,91797,91797,91627,91628
2025-11-28T05:00:00+09:00,91624,91638,91580,91638
2025-11-28T05:15:00+09:00,91589,91589,91501,91519
2025-11-28T05:30:00+09:00,91542,91661,91506,91554
2025-11-28T05:45:00+09:00,91553,91570,91501,91540
2025-11-28T06:00:00+09:00,91513,91513,91350,91460
2025-11-28T06:15:00+09:00,91490,91610,91490,91608
2025-11-28T06:30:00+09:00,91609,91659,91609,91628
2025-11-28T06:45:00+09:00,91624,91642,91501,91501
2025-11-28T07:00:00+09:00,91500,91537,91451,91537
2025-11-28T07:15:00+09:00,91537,91660,91537,91648
2025-11-28T07:30:00+09:00,91616,91616,91332,91332
2025-11-28T07:45:00+09:00,91324,91458,91231,91420
2025-11-28T08:00:00+09:00,91411,91550,91411,91547
2025-11-28T08:15:00+09:00,91580,91610,91500,91500
2025-11-28T08:30:00+09:00,91492,91492,91331,91468
2025-11-28T08:45:00+09:00,91460,91460,91356,91385
2025-11-28T09:00:00+09:00,91446,91446,91246,91263
2025-11-28T09:15:00+09:00,91255,91355,91190,91296
2025-11-28T09:30:00+09:00,91333,91489,91324,91324
2025-11-28T09:45:00+09:00,91323,91363,91266,91295
2025-11-28T10:00:00+09:00,91267,91271,91000,91000
2025-11-28T10:15:00+09:00,91000,91086,90912,91045
2025-11-28T10:30:00+09:00,91074,91134,90950,91134
2025-11-28T10:45:00+09:00,91133,91140,90940,90940
2025-11-28T11:00:00+09:00,90927,90981,90851,90980
2025-11-28T11:15:00+09:00,90970,91083,90810,90810
2025-11-28T11:30:00+09:00,90800,90919,90782,90910
2025-11-28T11:45:00+09:00,90913,91205,90913,91155
2025-11-28T12:00:00+09:00,91173,91217,91098,91217
2025-11-28T12:15:00+09:00,91196,91300,91140,91298
2025-11-28T12:30:00+09:00,91298,91360,91260,91260
2025-11-28T12:45:00+09:00,91248,91309,91248,91309
2025-11-28T13:00:00+09:00,91305,91448,91241,91448
2025-11-28T13:15:00+09:00,91440,91498,91439,91498
2025-11-28T13:30:00+09:00,91497,91539,91488,91537
2025-11-28T13:45:00+09:00,91537,91549,91533,91544
2025-11-28T14:00:00+09:00,91525,91624,91420,91623
2025-11-28T14:15:00+09:00,91597,91630,91546,91591
2025-11-28T14:30:00+09:00,91599,91669,91561,91641
2025-11-28T14:45:00+09:00,91656,91775,91656,91728
2025-11-28T15:00:00+09:00,91728,91728,91500,91500
2025-11-28T15:15:00+09:00,91527,91527,91450,91450
2025-11-28T15:30:00+09:00,91430,91510,91261,91510
2025-11-28T15:45:00+09:00,91479,91479,91411,91411
2025-11-28T16:00:00+09:00,91411,91513,91411,91511
2025-11-28T16:15:00+09:00,91489,91601,91460,91579
2025-11-28T16:30:00+09:00,91554,91554,91173,91173
2025-11-28T16:45:00+09:00,91174,91174,90990,91024
2025-11-28T17:00:00+09:00,91031,91299,91030,91229
2025-11-28T17:15:00+09:00,91201,91299,91200,91244
2025-11-28T17:30:00+09:00,91243,91331,91140,91231
2025-11-28T17:45:00+09:00,91230,91769,91226,91720
2025-11-28T18:00:00+09:00,91760,91920,91629,91732
2025-11-28T18:15:00+09:00,91715,91751,91640,91689
2025-11-28T18:30:00+09:00,91700,91728,91529,91558
2025-11-28T18:45:00+09:00,91560,91660,91560,91660
2025-11-28T19:00:00+09:00,91660,91661,91606,91641
2025-11-28T19:15:00+09:00,91640,91709,91600,91671
2025-11-28T19:30:00+09:00,91669,91739,91625,91739
2025-11-28T19:45:00+09:00,91704,91945,91704,91911
2025-11-28T20:00:00+09:00,91902,92000,91500,91500
2025-11-28T20:15:00+09:00,91500,91500,91161,91400
2025-11-28T20:30:00+09:00,91364,91419,91311,91395
2025-11-28T20:45:00+09:00,91414,91539,91414,91539
2025-11-28T21:00:00+09:00,91506,91681,91506,91629
2025-11-28T21:15:00+09:00,91621,91669,91530,91649
2025-11-28T21:30:00+09:00,91649,91749,91611,91611
2025-11-28T21:45:00+09:00,91580,91609,91521,91584
2025-11-28T22:00:00+09:00,91584,91687,91500,91551
2025-11-28T22:15:00+09:00,91551,91650,91551,91647
2025-11-28T22:30:00+09:00,91656,91999,91610,91937
2025-11-28T22:45:00+09:00,91947,92680,91947,92423
2025-11-28T23:00:00+09:00,92430,92580,92291,92395
2025-11-28T23:15:00+09:00,92414,93000,92400,93000
2025-11-28T23:30:00+09:00,93000,93116,92111,92140
2025-11-28T23:45:00+09:00,92110,92389,92000,92313
2025-11-29T00:00:00+09:00,92335,92480,92098,92354
2025-11-29T00:15:00+09:00,92362,92814,92362,92751
2025-11-29T00:30:00+09:00,92741,92850,92640,92640
2025-11-29T00:45:00+09:00,92632,92632,92378,92416
2025-11-29T01:00:00+09:00,92451,92451,92000,92002
2025-11-29T01:15:00+09:00,92007,92104,91177,91332
2025-11-29T01:30:00+09:00,91305,91644,91095,91643
2025-11-29T01:45:00+09:00,91644,91699,91029,91041
2025-11-29T02:00:00+09:00,91051,91274,91000,91041
2025-11-29T02:15:00+09:00,91049,91049,90601,90608
2025-11-29T02:30:00+09:00,90612,90708,90255,90365
2025-11-29T02:45:00+09:00,90367,90922,90345,90750
2025-11-29T03:00:00+09:00,90761,91000,90591,91000
2025-11-29T03:15:00+09:00,91000,91000,90760,90943
2025-11-29T03:30:00+09:00,90917,91000,90834,90981
2025-11-29T03:45:00+09:00,90943,91080,90850,90947
2025-11-29T04:00:00+09:00,90949,91078,90949,91078
2025-11-29T04:15:00+09:00,91055,91274,91020,91209
2025-11-29T04:30:00+09:00,91226,91280,91139,91259
2025-11-29T04:45:00+09:00,91250,91289,91196,91261
2025-11-29T05:00:00+09:00,91261,91261,91024,91140
2025-11-29T05:15:00+09:00,91140,91270,91059,91244
2025-11-29T05:30:00+09:00,91264,91358,91200,91219
2025-11-29T05:45:00+09:00,91239,91290,91190,91290
2025-11-29T06:00:00+09:00,91308,91340,91245,91271
2025-11-29T06:15:00+09:00,91262,91262,91160,91212
2025-11-29T06:30:00+09:00,91220,91319,91220,91319
2025-11-29T06:45:00+09:00,91320,91327,90987,90987
2025-11-29T07:00:00+09:00,91007,91100,90888,90943
2025-11-29T07:15:00+09:00,90940,91020,90805,90990
2025-11-29T07:30:00+09:00,91019,91110,91012,91071
2025-11-29T07:45:00+09:00,91072,91230,91072,91118
2025-11-29T08:00:00+09:00,91199,91299,91131,91211
2025-11-29T08:15:00+09:00,91229,91229,91110,91110
2025-11-29T08:30:00+09:00,91100,91101,91059,91077
2025-11-29T08:45:00+09:00,91060,91078,91022,91022
2025-11-29T09:00:00+09:00,91023,91074,91010,91010
2025-11-29T09:15:00+09:00,91006,91068,90916,90973
2025-11-29T09:30:00+09:00,91004,91050,90951,91050
2025-11-29T09:45:00+09:00,91057,91057,90977,90995
2025-11-29T10:00:00+09:00,90987,91120,90987,91120
2025-11-29T10:15:00+09:00,91128,91190,91080,91089
2025-11-29T10:30:00+09:00,91072,91072,90921,90947
2025-11-29T10:45:00+09:00,90974,91000,90944,90965
2025-11-29T11:00:00+09:00,90983,90983,90935,90935
2025-11-29T11:15:00+09:00,90959,91015,90959,91013
2025-11-29T11:30:00+09:00,90974,90974,90682,90694
2025-11-29T11:45:00+09:00,90756,90880,90720,90879
2025-11-29T12:00:00+09:00,90879,90963,90879,90941
2025-11-29T12:15:00+09:00,90941,90941,90860,90860
2025-11-29T12:30:00+09:00,90860,90860,90801,90850
2025-11-29T12:45:00+09:00,90806,90807,90788,90807
2025-11-29T13:00:00+09:00,90807,90808,90761,90761
2025-11-29T13:15:00+09:00,90760,90793,90696,90793
2025-11-29T13:30:00+09:00,90796,90880,90796,90880
2025-11-29T13:45:00+09:00,90887,91000,90887,91000
2025-11-29T14:00:00+09:00,91003,91003,90939,90939
2025-11-29T14:15:00+09:00,90911,91033,90911,91033
2025-11-29T14:30:00+09:00,91000,91009,90957,90957
2025-11-29T14:45:00+09:00,90981,90981,90870,90889
2025-11-29T15:00:00+09:00,90888,90920,90863,90920
2025-11-29T15:15:00+09:00,90896,90896,90502,90662
2025-11-29T15:30:00+09:00,90680,90680,90500,90634
2025-11-29T15:45:00+09:00,90642,90690,90606,90690
2025-11-29T16:00:00+09:00,90667,90750,90630,90667
2025-11-29T16:15:00+09:00,90660,90684,90585,90585
2025-11-29T16:30:00+09:00,90586,90586,90501,90531
2025-11-29T16:45:00+09:00,90554,90650,90525,90650
2025-11-29T17:00:00+09:00,90660,90740,90600,90740
2025-11-29T17:15:00+09:00,90748,90823,90748,90761
2025-11-29T17:30:00+09:00,90753,90806,90720,90768
2025-11-29T17:45:00+09:00,90739,90739,90678,90711
2025-11-29T18:00:00+09:00,90718,90756,90651,90651
2025-11-29T18:15:00+09:00,90690,90724,90653,90674
2025-11-29T18:30:00+09:00,90674,90686,90646,90684
2025-11-29T18:45:00+09:00,90671,90737,90671,90715
2025-11-29T19:00:00+09:00,90675,90724,90650,90694
2025-11-29T19:15:00+09:00,90683,90713,90500,90699
2025-11-29T19:30:00+09:00,90699,90728,90697,90728
2025-11-29T19:45:00+09:00,90735,90740,90688,90698
2025-11-29T20:00:00+09:00,90698,90723,90620,90716
2025-11-29T20:15:00+09:00,90710,90710,90669,90678
2025-11-29T20:30:00+09:00,90659,90731,90650,90731
2025-11-29T20:45:00+09:00,90727,90797,90727,90776
2025-11-29T21:00:00+09:00,90779,90899,90759,90808
2025-11-29T21:15:00+09:00,90800,90800,90706,90706
2025-11-29T21:30:00+09:00,90706,90720,90670,90720
2025-11-29T21:45:00+09:00,90733,90800,90733,90753
2025-11-29T22:00:00+09:00,90753,90774,90718,90767
2025-11-29T22:15:00+09:00,90767,90880,90714,90880
2025-11-29T22:30:00+09:00,90882,90900,90827,90864
2025-11-29T22:45:00+09:00,90865,90909,90865,90903
2025-11-29T23:00:00+09:00,90902,90902,90829,90830
2025-11-29T23:15:00+09:00,90833,90850,90810,90810
2025-11-29T23:30:00+09:00,90810,90811,90777,90787
2025-11-29T23:45:00+09:00,90787,90807,90770,90770
2025-11-30T00:00:00+09:00,90769,90839,90769,90837
2025-11-30T00:15:00+09:00,90860,91200,90860,91000
2025-11-30T00:30:00+09:00,91047,91066,91001,91007
2025-11-30T00:45:00+09:00,91007,91217,91007,91180
2025-11-30T01:00:00+09:00,91146,91192,91119,91184
2025-11-30T01:15:00+09:00,91133,91250,91030,91030
2025-11-30T01:30:00+09:00,91021,91042,91021,91042
2025-11-30T01:45:00+09:00,91032,91081,91011,91081
2025-11-30T02:00:00+09:00,91106,91110,90872,90872
2025-11-30T02:15:00+09:00,90870,90870,90728,90839
2025-11-30T02:30:00+09:00,90776,90776,90588,90720
2025-11-30T02:45:00+09:00,90729,90729,90570,90570
2025-11-30T03:00:00+09:00,90569,90650,90317,90484
2025-11-30T03:15:00+09:00,90510,90609,90366,90390
2025-11-30T03:30:00+09:00,90382,90710,90358,90693
2025-11-30T03:45:00+09:00,90717,90817,90712,90816
2025-11-30T04:00:00+09:00,90817,90906,90753,90906
2025-11-30T04:15:00+09:00,90842,90940,90842,90940
2025-11-30T04:30:00+09:00,90859,90859,90770,90770
2025-11-30T04:45:00+09:00,90761,90795,90752,90773
2025-11-30T05:00:00+09:00,90762,90762,90576,90592
2025-11-30T05:15:00+09:00,90585,90780,90585,90772
2025-11-30T05:30:00+09:00,90759,90910,90759,90910
2025-11-30T05:45:00+09:00,90892,91132,90892,91110
2025-11-30T06:00:00+09:00,91120,91120,90942,90956
2025-11-30T06:15:00+09:00,90961,91057,90960,91057
2025-11-30T06:30:00+09:00,91058,91130,91058,91130
2025-11-30T06:45:00+09:00,91149,91150,91051,91117
2025-11-30T07:00:00+09:00,91116,91116,90879,90879
2025-11-30T07:15:00+09:00,90882,90917,90821,90861
2025-11-30T07:30:00+09:00,90861,90980,90844,90980
2025-11-30T07:45:00+09:00,90989,91000,90870,90870
2025-11-30T08:00:00+09:00,90864,90890,90822,90830
2025-11-30T08:15:00+09:00,90861,90969,90861,90948
2025-11-30T08:30:00+09:00,90922,90970,90922,90956
2025-11-30T08:45:00+09:00,90948,90954,90890,90934
2025-11-30T09:00:00+09:00,90899,90996,90899,90996
2025-11-30T09:15:00+09:00,90997,91016,90958,91007
2025-11-30T09:30:00+09:00,90974,90974,90956,90969
2025-11-30T09:45:00+09:00,90951,90959,90951,90959
2025-11-30T10:00:00+09:00,90965,91127,90965,91118
2025-11-30T10:15:00+09:00,91111,91112,91075,91075
2025-11-30T10:30:00+09:00,91062,91130,91060,91108
2025-11-30T10:45:00+09:00,91057,91057,91021,91021
2025-11-30T11:00:00+09:00,91021,91130,91021,91061
2025-11-30T11:15:00+09:00,91056,91105,91022,91035
2025-11-30T11:30:00+09:00,91072,91096,90971,90971
2025-11-30T11:45:00+09:00,90973,90977,90910,90911
2025-11-30T12:00:00+09:00,90911,90928,90756,90757
2025-11-30T12:15:00+09:00,90756,90820,90584,90820
2025-11-30T12:30:00+09:00,90812,90990,90812,90990
2025-11-30T12:45:00+09:00,90998,91005,90983,90984
2025-11-30T13:00:00+09:00,91000,91055,90995,91055
2025-11-30T13:15:00+09:00,90979,91030,90979,90996
2025-11-30T13:30:00+09:00,90994,91002,90969,91001
2025-11-30T13:45:00+09:00,90972,90972,90950,90960
2025-11-30T14:00:00+09:00,90948,90948,90883,90893
2025-11-30T14:15:00+09:00,90901,90906,90820,90840
2025-11-30T14:30:00+09:00,90829,90868,90829,90868
2025-11-30T14:45:00+09:00,90869,90920,90847,90903
2025-11-30T15:00:00+09:00,90904,90971,90838,90851
2025-11-30T15:15:00+09:00,90887,90987,90842,90987
2025-11-30T15:30:00+09:00,90988,91036,90988,91036
2025-11-30T15:45:00+09:00,91013,91015,90999,91015
2025-11-30T16:00:00+09:00,91007,91040,90995,91040
2025-11-30T16:15:00+09:00,91050,91060,91031,91059
2025-11-30T16:30:00+09:00,91058,91061,91046,91046
2025-11-30T16:45:00+09:00,91030,91124,91030,91078
2025-11-30T17:00:00+09:00,91079,91129,91056,91129
2025-11-30T17:15:00+09:00,91104,91500,91096,91239
2025-11-30T17:30:00+09:00,91251,91301,91071,91301
2025-11-30T17:45:00+09:00,91300,91390,91231,91317
2025-11-30T18:00:00+09:00,91296,91645,91270,91598
2025-11-30T18:15:00+09:00,91588,91775,91441,91532
2025-11-30T18:30:00+09:00,91522,91522,91429,91472
2025-11-30T18:45:00+09:00,91510,91510,91426,91505
2025-11-30T19:00:00+09:00,91505,91530,91380,91381
2025-11-30T19:15:00+09:00,91379,91483,91358,91483
2025-11-30T19:30:00+09:00,91422,91422,91331,91343
2025-11-30T19:45:00+09:00,91331,91393,91320,91354
2025-11-30T20:00:00+09:00,91342,91470,91319,91449
2025-11-30T20:15:00+09:00,91419,91419,91348,91348
2025-11-30T20:30:00+09:00,91340,91340,91251,91296
2025-11-30T20:45:00+09:00,91288,91292,91129,91186
2025-11-30T21:00:00+09:00,91185,91358,91149,91358
2025-11-30T21:15:00+09:00,91349,91450,91349,91382
2025-11-30T21:30:00+09:00,91383,91550,91331,91550
2025-11-30T21:45:00+09:00,91553,91582,91520,91557
2025-11-30T22:00:00+09:00,91534,91599,91516,91565
2025-11-30T22:15:00+09:00,91584,92000,91584,91909
2025-11-30T22:30:00+09:00,91950,91964,91801,91801
2025-11-30T22:45:00+09:00,91801,91879,91708,91837
2025-11-30T23:00:00+09:00,91837,91880,91780,91780
2025-11-30T23:15:00+09:00,91775,91775,91601,91627
2025-11-30T23:30:00+09:00,91666,91666,91400,91447
2025-11-30T23:45:00+09:00,91470,91560,91439,91560
