time,open,high,low,close
2025-09-03T01:00:00+09:00,0.33625,0.33711,0.33613,0.33691
2025-09-03T01:15:00+09:00,0.33693,0.33712,0.33617,0.33635
2025-09-03T01:30:00+09:00,0.33629,0.33708,0.33626,0.33692
2025-09-03T01:45:00+09:00,0.33691,0.33742,0.33684,0.33735
2025-09-03T02:00:00+09:00,0.33736,0.33779,0.33687,0.33695
2025-09-03T02:15:00+09:00,0.33696,0.33755,0.33696,0.33749
2025-09-03T02:30:00+09:00,0.33753,0.33774,0.33722,0.33738
2025-09-03T02:45:00+09:00,0.33739,0.33796,0.33725,0.33795
2025-09-03T03:00:00+09:00,0.33795,0.33803,0.3371,0.3373
2025-09-03T03:15:00+09:00,0.3373,0.33738,0.33691,0.33719
2025-09-03T03:30:00+09:00,0.33719,0.33722,0.33629,0.3366
2025-09-03T03:45:00+09:00,0.3366,0.33755,0.3362,0.33692
2025-09-03T04:00:00+09:00,0.33704,0.33755,0.33663,0.33663
2025-09-03T04:15:00+09:00,0.33661,0.33705,0.3363,0.33633
2025-09-03T04:30:00+09:00,0.33632,0.33669,0.33606,0.33666
2025-09-03T04:45:00+09:00,0.33665,0.3369,0.33644,0.33672
2025-09-03T05:00:00+09:00,0.3367,0.33733,0.3365,0.33732
2025-09-03T05:15:00+09:00,0.33734,0.33808,0.33734,0.33756
2025-09-03T05:30:00+09:00,0.33758,0.33851,0.33724,0.33815
2025-09-03T05:45:00+09:00,0.33805,0.33811,0.33764,0.3381
2025-09-03T06:00:00+09:00,0.33814,0.33865,0.33802,0.33852
2025-09-03T06:15:00+09:00,0.33853,0.33853,0.33793,0.3381
2025-09-03T06:30:00+09:00,0.33812,0.33846,0.33808,0.33827
2025-09-03T06:45:00+09:00,0.33829,0.33838,0.33789,0.33835
2025-09-03T07:00:00+09:00,0.33831,0.33831,0.33784,0.33808
2025-09-03T07:15:00+09:00,0.33808,0.33818,0.33772,0.33772
2025-09-03T07:30:00+09:00,0.33769,0.33811,0.33758,0.3381
2025-09-03T07:45:00+09:00,0.33808,0.33816,0.33786,0.33805
2025-09-03T08:00:00+09:00,0.33806,0.33826,0.33779,0.33826
2025-09-03T08:15:00+09:00,0.33826,0.33837,0.3377,0.33781
2025-09-03T08:30:00+09:00,0.33782,0.33791,0.33769,0.33773
2025-09-03T08:45:00+09:00,0.33775,0.33811,0.33775,0.3381
2025-09-03T09:00:00+09:00,0.33808,0.3381,0.33763,0.33796
2025-09-03T09:15:00+09:00,0.33793,0.3384,0.33778,0.33835
2025-09-03T09:30:00+09:00,0.33828,0.33836,0.33794,0.33806
2025-09-03T09:45:00+09:00,0.33804,0.33804,0.33769,0.33795
2025-09-03T10:00:00+09:00,0.33796,0.33799,0.33722,0.33722
2025-09-03T10:15:00+09:00,0.33722,0.33722,0.33676,0.33684
2025-09-03T10:30:00+09:00,0.33684,0.33717,0.33681,0.33696
2025-09-03T10:45:00+09:00,0.33696,0.33804,0.33673,0.33804
2025-09-03T11:00:00+09:00,0.33806,0.33842,0.33737,0.33773
2025-09-03T11:15:00+09:00,0.33772,0.33899,0.3376,0.33873
2025-09-03T11:30:00+09:00,0.33884,0.33908,0.33852,0.3387
2025-09-03T11:45:00+09:00,0.33868,0.33888,0.33857,0.33877
2025-09-03T12:00:00+09:00,0.33878,0.33887,0.33821,0.33831
2025-09-03T12:15:00+09:00,0.33831,0.33867,0.33825,0.33835
2025-09-03T12:30:00+09:00,0.3384,0.33842,0.33796,0.33825
2025-09-03T12:45:00+09:00,0.33825,0.33856,0.33818,0.33848
2025-09-03T13:00:00+09:00,0.33848,0.33874,0.33809,0.33809
2025-09-03T13:15:00+09:00,0.33811,0.33826,0.33786,0.33809
2025-09-03T13:30:00+09:00,0.33808,0.33836,0.33807,0.33819
2025-09-03T13:45:00+09:00,0.33819,0.3384,0.33815,0.33835
2025-09-03T14:00:00+09:00,0.33835,0.33851,0.3379,0.33803
2025-09-03T14:15:00+09:00,0.33803,0.33811,0.33776,0.33798
2025-09-03T14:30:00+09:00,0.33795,0.33803,0.33776,0.33778
2025-09-03T14:45:00+09:00,0.3378,0.33785,0.33745,0.33755
2025-09-03T15:00:00+09:00,0.33757,0.33758,0.33699,0.33736
2025-09-03T15:15:00+09:00,0.33733,0.33752,0.33725,0.33744
2025-09-03T15:30:00+09:00,0.33743,0.33763,0.33736,0.33743
2025-09-03T15:45:00+09:00,0.33738,0.3375,0.33705,0.33713
2025-09-03T16:00:00+09:00,0.33711,0.33724,0.33675,0.33691
2025-09-03T16:15:00+09:00,0.3369,0.33694,0.3366,0.33684
2025-09-03T16:30:00+09:00,0.33685,0.33689,0.3365,0.33673
2025-09-03T16:45:00+09:00,0.33675,0.33723,0.33663,0.33718
2025-09-03T17:00:00+09:00,0.33718,0.33787,0.33706,0.33783
2025-09-03T17:15:00+09:00,0.33782,0.33812,0.33755,0.33766
2025-09-03T17:30:00+09:00,0.33767,0.33781,0.33736,0.33768
2025-09-03T17:45:00+09:00,0.33769,0.33774,0.33739,0.33768
2025-09-03T18:00:00+09:00,0.33771,0.33791,0.33706,0.33709
2025-09-03T18:15:00+09:00,0.33709,0.33774,0.33709,0.33772
2025-09-03T18:30:00+09:00,0.33771,0.33824,0.33754,0.33821
2025-09-03T18:45:00+09:00,0.33822,0.3388,0.33818,0.33866
2025-09-03T19:00:00+09:00,0.33866,0.33907,0.33866,0.33907
2025-09-03T19:15:00+09:00,0.33909,0.33979,0.33909,0.3396
2025-09-03T19:30:00+09:00,0.3396,0.33969,0.33921,0.3394
2025-09-03T19:45:00+09:00,0.33939,0.33969,0.33927,0.33969
2025-09-03T20:00:00+09:00,0.33969,0.33999,0.3395,0.33991
2025-09-03T20:15:00+09:00,0.33991,0.33991,0.3397,0.33986
2025-09-03T20:30:00+09:00,0.33987,0.34014,0.3397,0.33989
2025-09-03T20:45:00+09:00,0.3399,0.34001,0.33954,0.33997
2025-09-03T21:00:00+09:00,0.33998,0.34008,0.33928,0.33928
2025-09-03T21:15:00+09:00,0.33929,0.33947,0.339,0.33911
2025-09-03T21:30:00+09:00,0.33912,0.33943,0.33866,0.33872
2025-09-03T21:45:00+09:00,0.33871,0.3389,0.3383,0.33875
2025-09-03T22:00:00+09:00,0.33876,0.3393,0.33856,0.33927
2025-09-03T22:15:00+09:00,0.33927,0.33983,0.3392,0.33959
2025-09-03T22:30:00+09:00,0.33963,0.34065,0.33923,0.34049
2025-09-03T22:45:00+09:00,0.34042,0.34066,0.3398,0.33997
2025-09-03T23:00:00+09:00,0.34006,0.34096,0.33995,0.33995
2025-09-03T23:15:00+09:00,0.33996,0.34048,0.33987,0.34026
2025-09-03T23:30:00+09:00,0.34027,0.34152,0.34027,0.34139
2025-09-03T23:45:00+09:00,0.34138,0.34144,0.34078,0.34101
2025-09-04T00:00:00+09:00,0.34101,0.34126,0.34078,0.34078
2025-09-04T00:15:00+09:00,0.34078,0.34096,0.34058,0.34075
2025-09-04T00:30:00+09:00,0.34075,0.34105,0.34019,0.34076
2025-09-04T00:45:00+09:00,0.34076,0.34109,0.34042,0.34095
2025-09-04T01:00:00+09:00,0.34094,0.34121,0.34081,0.34114
2025-09-04T01:15:00+09:00,0.34114,0.3412,0.34073,0.34092
2025-09-04T01:30:00+09:00,0.34092,0.34134,0.34092,0.34113
2025-09-04T01:45:00+09:00,0.34111,0.34156,0.34105,0.34136
2025-09-04T02:00:00+09:00,0.34136,0.34175,0.3413,0.34173
2025-09-04T02:15:00+09:00,0.34168,0.34195,0.34112,0.34142
2025-09-04T02:30:00+09:00,0.34142,0.34169,0.34127,0.34141
2025-09-04T02:45:00+09:00,0.3414,0.34152,0.34098,0.34112
2025-09-04T03:00:00+09:00,0.34112,0.34118,0.34088,0.34088
2025-09-04T03:15:00+09:00,0.34089,0.34101,0.34072,0.34101
2025-09-04T03:30:00+09:00,0.341,0.34106,0.34065,0.34086
2025-09-04T03:45:00+09:00,0.34085,0.34137,0.34079,0.34137
2025-09-04T04:00:00+09:00,0.34137,0.3417,0.34111,0.34163
2025-09-04T04:15:00+09:00,0.34162,0.34166,0.34133,0.34137
2025-09-04T04:30:00+09:00,0.34136,0.34156,0.34122,0.34139
2025-09-04T04:45:00+09:00,0.34138,0.34164,0.34132,0.34164
2025-09-04T05:00:00+09:00,0.34164,0.34169,0.34139,0.34145
2025-09-04T05:15:00+09:00,0.34146,0.34146,0.3411,0.34127
2025-09-04T05:30:00+09:00,0.34127,0.34182,0.34127,0.3417
2025-09-04T05:45:00+09:00,0.34169,0.34184,0.34167,0.34184
2025-09-04T06:00:00+09:00,0.34185,0.34198,0.34181,0.34198
2025-09-04T06:15:00+09:00,0.34199,0.34202,0.34187,0.34199
2025-09-04T06:30:00+09:00,0.34198,0.34198,0.34155,0.34158
2025-09-04T06:45:00+09:00,0.34157,0.34157,0.34121,0.34149
2025-09-04T07:00:00+09:00,0.3415,0.34196,0.34139,0.34161
2025-09-04T07:15:00+09:00,0.34159,0.34159,0.34117,0.3412
2025-09-04T07:30:00+09:00,0.34118,0.34126,0.34109,0.34126
2025-09-04T07:45:00+09:00,0.34126,0.34133,0.34102,0.34108
2025-09-04T08:00:00+09:00,0.34109,0.34111,0.34072,0.34073
2025-09-04T08:15:00+09:00,0.34073,0.34099,0.34063,0.34082
2025-09-04T08:30:00+09:00,0.34085,0.34088,0.34059,0.34061
2025-09-04T08:45:00+09:00,0.3406,0.34068,0.34046,0.34057
2025-09-04T09:00:00+09:00,0.34056,0.34073,0.34036,0.3406
2025-09-04T09:15:00+09:00,0.34061,0.34141,0.34053,0.34118
2025-09-04T09:30:00+09:00,0.34116,0.34134,0.34103,0.34104
2025-09-04T09:45:00+09:00,0.34101,0.34121,0.34096,0.34108
2025-09-04T10:00:00+09:00,0.34107,0.34113,0.34068,0.34084
2025-09-04T10:15:00+09:00,0.34085,0.34097,0.34067,0.34097
2025-09-04T10:30:00+09:00,0.34095,0.34163,0.34087,0.34145
2025-09-04T10:45:00+09:00,0.34146,0.34167,0.34146,0.34159
2025-09-04T11:00:00+09:00,0.3416,0.3416,0.34134,0.34153
2025-09-04T11:15:00+09:00,0.34154,0.34167,0.34081,0.34092
2025-09-04T11:30:00+09:00,0.34088,0.34108,0.34042,0.34076
2025-09-04T11:45:00+09:00,0.34071,0.34099,0.34066,0.34073
2025-09-04T12:00:00+09:00,0.34074,0.34074,0.34003,0.34027
2025-09-04T12:15:00+09:00,0.3402,0.34051,0.33999,0.34
2025-09-04T12:30:00+09:00,0.34006,0.34006,0.33928,0.33954
2025-09-04T12:45:00+09:00,0.33951,0.33968,0.33936,0.33953
2025-09-04T13:00:00+09:00,0.33956,0.33977,0.33914,0.33962
2025-09-04T13:15:00+09:00,0.33962,0.33973,0.33912,0.33916
2025-09-04T13:30:00+09:00,0.33914,0.33942,0.33897,0.33915
2025-09-04T13:45:00+09:00,0.33915,0.33928,0.3388,0.33881
2025-09-04T14:00:00+09:00,0.3388,0.3388,0.33805,0.33814
2025-09-04T14:15:00+09:00,0.33814,0.33827,0.33742,0.33777
2025-09-04T14:30:00+09:00,0.33777,0.3381,0.33762,0.33788
2025-09-04T14:45:00+09:00,0.33788,0.33817,0.33781,0.33815
2025-09-04T15:00:00+09:00,0.33812,0.33837,0.33793,0.33793
2025-09-04T15:15:00+09:00,0.33792,0.33793,0.33739,0.33761
2025-09-04T15:30:00+09:00,0.33754,0.33779,0.33737,0.33754
2025-09-04T15:45:00+09:00,0.33755,0.33809,0.33739,0.33786
2025-09-04T16:00:00+09:00,0.33787,0.33842,0.33781,0.3383
2025-09-04T16:15:00+09:00,0.33831,0.33831,0.33798,0.33805
2025-09-04T16:30:00+09:00,0.33804,0.3382,0.3379,0.3379
2025-09-04T16:45:00+09:00,0.33791,0.33806,0.33773,0.33791
2025-09-04T17:00:00+09:00,0.33791,0.33853,0.33773,0.33829
2025-09-04T17:15:00+09:00,0.3383,0.33849,0.33812,0.33846
2025-09-04T17:30:00+09:00,0.33846,0.33851,0.33809,0.33818
2025-09-04T17:45:00+09:00,0.33818,0.33818,0.33782,0.33788
2025-09-04T18:00:00+09:00,0.33788,0.33822,0.33788,0.33804
2025-09-04T18:15:00+09:00,0.33806,0.33822,0.338,0.33814
2025-09-04T18:30:00+09:00,0.33811,0.33845,0.33802,0.33833
2025-09-04T18:45:00+09:00,0.33835,0.33854,0.33831,0.33852
2025-09-04T19:00:00+09:00,0.33853,0.33887,0.33834,0.33884
2025-09-04T19:15:00+09:00,0.33887,0.33905,0.33871,0.33877
2025-09-04T19:30:00+09:00,0.33877,0.33918,0.33856,0.33891
2025-09-04T19:45:00+09:00,0.3389,0.33972,0.33888,0.33927
2025-09-04T20:00:00+09:00,0.33928,0.3395,0.3388,0.33939
2025-09-04T20:15:00+09:00,0.33939,0.33958,0.33884,0.33885
2025-09-04T20:30:00+09:00,0.33885,0.33894,0.3387,0.33891
2025-09-04T20:45:00+09:00,0.33891,0.33898,0.33867,0.33874
2025-09-04T21:00:00+09:00,0.33875,0.33904,0.33859,0.33904
2025-09-04T21:15:00+09:00,0.33905,0.33936,0.33848,0.33885
2025-09-04T21:30:00+09:00,0.33885,0.33905,0.33794,0.33811
2025-09-04T21:45:00+09:00,0.33808,0.33885,0.33808,0.33885
2025-09-04T22:00:00+09:00,0.33885,0.33896,0.33841,0.33842
2025-09-04T22:15:00+09:00,0.33843,0.33872,0.33835,0.33864
2025-09-04T22:30:00+09:00,0.33858,0.33875,0.33801,0.33831
2025-09-04T22:45:00+09:00,0.3383,0.3384,0.33782,0.33815
2025-09-04T23:00:00+09:00,0.33813,0.33818,0.33715,0.33735
2025-09-04T23:15:00+09:00,0.33735,0.33791,0.33709,0.33762
2025-09-04T23:30:00+09:00,0.33763,0.33803,0.33758,0.33775
2025-09-04T23:45:00+09:00,0.33777,0.33784,0.33726,0.33733
2025-09-05T00:00:00+09:00,0.33733,0.33746,0.33623,0.33636
2025-09-05T00:15:00+09:00,0.33645,0.33658,0.33588,0.33601
2025-09-05T00:30:00+09:00,0.336,0.336,0.33485,0.33545
2025-09-05T00:45:00+09:00,0.33546,0.33558,0.33492,0.33495
2025-09-05T01:00:00+09:00,0.33495,0.33554,0.33472,0.33535
2025-09-05T01:15:00+09:00,0.33534,0.33544,0.33502,0.33508
2025-09-05T01:30:00+09:00,0.33508,0.33549,0.33501,0.33549
2025-09-05T01:45:00+09:00,0.33549,0.33581,0.33544,0.33556
2025-09-05T02:00:00+09:00,0.33557,0.33618,0.33557,0.33589
2025-09-05T02:15:00+09:00,0.3359,0.33658,0.33579,0.33623
2025-09-05T02:30:00+09:00,0.33627,0.33642,0.33451,0.33454
2025-09-05T02:45:00+09:00,0.33455,0.3349,0.33413,0.33479
2025-09-05T03:00:00+09:00,0.33477,0.33523,0.33462,0.3349
2025-09-05T03:15:00+09:00,0.33491,0.33521,0.33439,0.33439
2025-09-05T03:30:00+09:00,0.33436,0.33498,0.33427,0.33482
2025-09-05T03:45:00+09:00,0.33481,0.33499,0.33442,0.33442
2025-09-05T04:00:00+09:00,0.33442,0.33479,0.33425,0.33474
2025-09-05T04:15:00+09:00,0.33474,0.33481,0.33443,0.33458
2025-09-05T04:30:00+09:00,0.33458,0.3346,0.33411,0.33418
2025-09-05T04:45:00+09:00,0.33417,0.33417,0.33348,0.33393
2025-09-05T05:00:00+09:00,0.33394,0.3344,0.33388,0.33416
2025-09-05T05:15:00+09:00,0.33415,0.33473,0.33398,0.33464
2025-09-05T05:30:00+09:00,0.33464,0.33482,0.33457,0.33459
2025-09-05T05:45:00+09:00,0.33458,0.33514,0.33454,0.33481
2025-09-05T06:00:00+09:00,0.33481,0.33501,0.33445,0.33472
2025-09-05T06:15:00+09:00,0.33467,0.33502,0.33463,0.33491
2025-09-05T06:30:00+09:00,0.3349,0.33513,0.33479,0.33499
2025-09-05T06:45:00+09:00,0.33499,0.33535,0.33499,0.33519
2025-09-05T07:00:00+09:00,0.33519,0.33591,0.33519,0.3354
2025-09-05T07:15:00+09:00,0.33539,0.33565,0.3353,0.33565
2025-09-05T07:30:00+09:00,0.33564,0.3357,0.33529,0.33537
2025-09-05T07:45:00+09:00,0.33537,0.33628,0.33529,0.33585
2025-09-05T08:00:00+09:00,0.33587,0.33598,0.33532,0.33532
2025-09-05T08:15:00+09:00,0.33533,0.33564,0.33518,0.33544
2025-09-05T08:30:00+09:00,0.33543,0.33544,0.33486,0.33487
2025-09-05T08:45:00+09:00,0.33487,0.33487,0.33448,0.33448
2025-09-05T09:00:00+09:00,0.33449,0.33483,0.33449,0.33473
2025-09-05T09:15:00+09:00,0.33476,0.33494,0.3346,0.33482
2025-09-05T09:30:00+09:00,0.33481,0.3349,0.33455,0.33466
2025-09-05T09:45:00+09:00,0.3346,0.33461,0.33375,0.33403
2025-09-05T10:00:00+09:00,0.33399,0.33433,0.33387,0.3341
2025-09-05T10:15:00+09:00,0.33417,0.33504,0.33404,0.33493
2025-09-05T10:30:00+09:00,0.33497,0.33579,0.33481,0.33572
2025-09-05T10:45:00+09:00,0.33572,0.33574,0.33522,0.33528
2025-09-05T11:00:00+09:00,0.33528,0.3355,0.33479,0.33508
2025-09-05T11:15:00+09:00,0.33505,0.33554,0.33428,0.33537
2025-09-05T11:30:00+09:00,0.33539,0.33608,0.33534,0.33577
2025-09-05T11:45:00+09:00,0.33573,0.33604,0.33538,0.33587
2025-09-05T12:00:00+09:00,0.3359,0.33606,0.33531,0.33533
2025-09-05T12:15:00+09:00,0.33537,0.33543,0.3349,0.33504
2025-09-05T12:30:00+09:00,0.33503,0.33539,0.33495,0.33506
2025-09-05T12:45:00+09:00,0.33507,0.33596,0.33507,0.3358
2025-09-05T13:00:00+09:00,0.33579,0.33583,0.33525,0.3353
2025-09-05T13:15:00+09:00,0.3353,0.33543,0.33509,0.33526
2025-09-05T13:30:00+09:00,0.33528,0.33551,0.3352,0.33543
2025-09-05T13:45:00+09:00,0.33543,0.3358,0.33536,0.33562
2025-09-05T14:00:00+09:00,0.33561,0.33571,0.33544,0.33552
2025-09-05T14:15:00+09:00,0.33549,0.33576,0.33532,0.33551
2025-09-05T14:30:00+09:00,0.33551,0.33565,0.33546,0.33563
2025-09-05T14:45:00+09:00,0.33563,0.33564,0.3353,0.33556
2025-09-05T15:00:00+09:00,0.33556,0.33556,0.33524,0.33542
2025-09-05T15:15:00+09:00,0.33545,0.33551,0.33496,0.33499
2025-09-05T15:30:00+09:00,0.33499,0.33522,0.33492,0.33514
2025-09-05T15:45:00+09:00,0.33516,0.33529,0.33502,0.33516
2025-09-05T16:00:00+09:00,0.33516,0.33669,0.33511,0.33618
2025-09-05T16:15:00+09:00,0.33618,0.3369,0.33599,0.33679
2025-09-05T16:30:00+09:00,0.33679,0.33746,0.33676,0.33722
2025-09-05T16:45:00+09:00,0.33725,0.33819,0.33714,0.33779
2025-09-05T17:00:00+09:00,0.33784,0.33791,0.33708,0.33721
2025-09-05T17:15:00+09:00,0.33719,0.33726,0.33668,0.33703
2025-09-05T17:30:00+09:00,0.33703,0.33719,0.33678,0.33704
2025-09-05T17:45:00+09:00,0.33705,0.33749,0.33696,0.33701
2025-09-05T18:00:00+09:00,0.33698,0.33729,0.33674,0.33674
2025-09-05T18:15:00+09:00,0.33673,0.33674,0.33627,0.3366
2025-09-05T18:30:00+09:00,0.33658,0.33706,0.33646,0.33692
2025-09-05T18:45:00+09:00,0.33692,0.33723,0.33682,0.33715
2025-09-05T19:00:00+09:00,0.33716,0.33753,0.33706,0.33711
2025-09-05T19:15:00+09:00,0.33708,0.33739,0.33695,0.33723
2025-09-05T19:30:00+09:00,0.33722,0.33767,0.33658,0.33678
2025-09-05T19:45:00+09:00,0.33677,0.33731,0.33669,0.3369
2025-09-05T20:00:00+09:00,0.3369,0.33715,0.33661,0.33689
2025-09-05T20:15:00+09:00,0.33689,0.33718,0.33685,0.33717
2025-09-05T20:30:00+09:00,0.33718,0.33752,0.33718,0.33741
2025-09-05T20:45:00+09:00,0.33741,0.33748,0.3373,0.33744
2025-09-05T21:00:00+09:00,0.33744,0.33745,0.33693,0.33719
2025-09-05T21:15:00+09:00,0.33718,0.33795,0.33718,0.33795
2025-09-05T21:30:00+09:00,0.33795,0.3387,0.3373,0.33782
2025-09-05T21:45:00+09:00,0.33778,0.339,0.33759,0.33893
2025-09-05T22:00:00+09:00,0.33898,0.33926,0.33827,0.33832
2025-09-05T22:15:00+09:00,0.33831,0.33886,0.33807,0.33866
2025-09-05T22:30:00+09:00,0.33861,0.33885,0.33811,0.33853
2025-09-05T22:45:00+09:00,0.3384,0.3386,0.33796,0.33805
2025-09-05T23:00:00+09:00,0.33804,0.33804,0.33726,0.33732
2025-09-05T23:15:00+09:00,0.33731,0.33733,0.33503,0.33526
2025-09-05T23:30:00+09:00,0.33522,0.33535,0.33396,0.33433
2025-09-05T23:45:00+09:00,0.33428,0.33428,0.33293,0.33319
2025-09-06T00:00:00+09:00,0.33313,0.33335,0.33061,0.3323
2025-09-06T00:15:00+09:00,0.3323,0.33304,0.33212,0.333
2025-09-06T00:30:00+09:00,0.333,0.333,0.33198,0.33295
2025-09-06T00:45:00+09:00,0.33293,0.33299,0.33232,0.3326
2025-09-06T01:00:00+09:00,0.33258,0.33265,0.33179,0.33261
2025-09-06T01:15:00+09:00,0.33257,0.33257,0.33151,0.33174
2025-09-06T01:30:00+09:00,0.33173,0.33194,0.33127,0.33159
2025-09-06T01:45:00+09:00,0.33158,0.33177,0.33131,0.33169
2025-09-06T02:00:00+09:00,0.33168,0.33168,0.33124,0.33129
2025-09-06T02:15:00+09:00,0.33128,0.33154,0.33093,0.33113
2025-09-06T02:30:00+09:00,0.3311,0.33122,0.33084,0.33095
2025-09-06T02:45:00+09:00,0.33093,0.33116,0.33028,0.33075
2025-09-06T03:00:00+09:00,0.33071,0.331,0.33053,0.33058
2025-09-06T03:15:00+09:00,0.33058,0.33161,0.33058,0.33157
2025-09-06T03:30:00+09:00,0.33157,0.33192,0.33148,0.33189
2025-09-06T03:45:00+09:00,0.33192,0.33214,0.33174,0.33191
2025-09-06T04:00:00+09:00,0.33191,0.33221,0.33179,0.33214
2025-09-06T04:15:00+09:00,0.33215,0.3325,0.33209,0.33246
2025-09-06T04:30:00+09:00,0.33245,0.33261,0.33213,0.33234
2025-09-06T04:45:00+09:00,0.33234,0.33282,0.33232,0.33278
2025-09-06T05:00:00+09:00,0.33275,0.33297,0.3327,0.33291
2025-09-06T05:15:00+09:00,0.33289,0.33293,0.33268,0.33269
2025-09-06T05:30:00+09:00,0.33269,0.33316,0.33239,0.33288
2025-09-06T05:45:00+09:00,0.33292,0.33303,0.33258,0.33258
2025-09-06T06:00:00+09:00,0.33259,0.33265,0.33212,0.33214
2025-09-06T06:15:00+09:00,0.33213,0.33257,0.33133,0.33155
2025-09-06T06:30:00+09:00,0.33155,0.33194,0.33137,0.33165
2025-09-06T06:45:00+09:00,0.33166,0.33166,0.3312,0.33126
2025-09-06T07:00:00+09:00,0.33123,0.3316,0.33123,0.33124
2025-09-06T07:15:00+09:00,0.33123,0.33138,0.33058,0.33071
2025-09-06T07:30:00+09:00,0.33072,0.3313,0.33072,0.33122
2025-09-06T07:45:00+09:00,0.33123,0.33142,0.331,0.331
2025-09-06T08:00:00+09:00,0.33101,0.33118,0.33097,0.33115
2025-09-06T08:15:00+09:00,0.33112,0.33125,0.33107,0.33122
2025-09-06T08:30:00+09:00,0.33121,0.3314,0.33121,0.33121
2025-09-06T08:45:00+09:00,0.33121,0.3313,0.33115,0.33129
2025-09-06T09:00:00+09:00,0.33125,0.33138,0.3307,0.33087
2025-09-06T09:15:00+09:00,0.33085,0.33111,0.33072,0.33109
2025-09-06T09:30:00+09:00,0.33109,0.33172,0.33101,0.33167
2025-09-06T09:45:00+09:00,0.33167,0.33171,0.33126,0.33147
2025-09-06T10:00:00+09:00,0.33147,0.33169,0.33118,0.33169
2025-09-06T10:15:00+09:00,0.33164,0.33171,0.33124,0.33134
2025-09-06T10:30:00+09:00,0.33133,0.33171,0.33128,0.3317
2025-09-06T10:45:00+09:00,0.3317,0.33173,0.3312,0.33127
2025-09-06T11:00:00+09:00,0.33127,0.33129,0.33092,0.33095
2025-09-06T11:15:00+09:00,0.33095,0.33104,0.33071,0.33076
2025-09-06T11:30:00+09:00,0.33075,0.33087,0.3307,0.3308
2025-09-06T11:45:00+09:00,0.33077,0.33138,0.33076,0.33136
2025-09-06T12:00:00+09:00,0.33136,0.33152,0.33124,0.3315
2025-09-06T12:15:00+09:00,0.33151,0.33177,0.33151,0.33165
2025-09-06T12:30:00+09:00,0.33164,0.33222,0.33149,0.33207
2025-09-06T12:45:00+09:00,0.33207,0.33225,0.33185,0.33198
2025-09-06T13:00:00+09:00,0.33198,0.33219,0.33131,0.33151
2025-09-06T13:15:00+09:00,0.33145,0.33146,0.33124,0.33144
2025-09-06T13:30:00+09:00,0.33142,0.3317,0.33128,0.33166
2025-09-06T13:45:00+09:00,0.33166,0.33171,0.3315,0.33152
2025-09-06T14:00:00+09:00,0.33147,0.33156,0.33127,0.33136
2025-09-06T14:15:00+09:00,0.33137,0.33139,0.33103,0.33104
2025-09-06T14:30:00+09:00,0.33103,0.33113,0.33083,0.33088
2025-09-06T14:45:00+09:00,0.33087,0.33102,0.33076,0.33102
2025-09-06T15:00:00+09:00,0.33102,0.33108,0.33088,0.33093
2025-09-06T15:15:00+09:00,0.33092,0.33094,0.33034,0.33086
2025-09-06T15:30:00+09:00,0.33086,0.33113,0.33086,0.33101
2025-09-06T15:45:00+09:00,0.33098,0.33102,0.33091,0.33093
2025-09-06T16:00:00+09:00,0.33094,0.33094,0.33065,0.33086
2025-09-06T16:15:00+09:00,0.33085,0.33098,0.33079,0.33098
2025-09-06T16:30:00+09:00,0.33099,0.33164,0.33099,0.33163
2025-09-06T16:45:00+09:00,0.33161,0.33185,0.33148,0.33179
2025-09-06T17:00:00+09:00,0.3318,0.33233,0.3318,0.33226
2025-09-06T17:15:00+09:00,0.33227,0.33235,0.33145,0.3316
2025-09-06T17:30:00+09:00,0.33159,0.33177,0.33142,0.3315
2025-09-06T17:45:00+09:00,0.33146,0.33146,0.3313,0.33134
2025-09-06T18:00:00+09:00,0.33133,0.33148,0.33113,0.33136
2025-09-06T18:15:00+09:00,0.33136,0.3314,0.33116,0.33116
2025-09-06T18:30:00+09:00,0.33117,0.3314,0.33098,0.3314
2025-09-06T18:45:00+09:00,0.33139,0.33172,0.33126,0.33132
2025-09-06T19:00:00+09:00,0.33132,0.33151,0.33118,0.33135
2025-09-06T19:15:00+09:00,0.33135,0.33157,0.33127,0.3314
2025-09-06T19:30:00+09:00,0.33145,0.33166,0.3312,0.33164
2025-09-06T19:45:00+09:00,0.33166,0.33166,0.3313,0.33136
2025-09-06T20:00:00+09:00,0.33136,0.33138,0.33092,0.33115
2025-09-06T20:15:00+09:00,0.33115,0.3314,0.33093,0.33138
2025-09-06T20:30:00+09:00,0.33139,0.33159,0.3313,0.33144
2025-09-06T20:45:00+09:00,0.33145,0.33161,0.33134,0.33146
2025-09-06T21:00:00+09:00,0.33147,0.33174,0.33099,0.33103
2025-09-06T21:15:00+09:00,0.33103,0.33126,0.3308,0.33099
2025-09-06T21:30:00+09:00,0.33099,0.3311,0.33059,0.33099
2025-09-06T21:45:00+09:00,0.33099,0.331,0.33071,0.33073
2025-09-06T22:00:00+09:00,0.33074,0.331,0.3306,0.33083
2025-09-06T22:15:00+09:00,0.33081,0.3311,0.33073,0.331
2025-09-06T22:30:00+09:00,0.33097,0.33097,0.33032,0.33044
2025-09-06T22:45:00+09:00,0.33043,0.33064,0.33029,0.33064
2025-09-06T23:00:00+09:00,0.33067,0.33067,0.3296,0.32971
2025-09-06T23:15:00+09:00,0.32971,0.33071,0.32965,0.33021
2025-09-06T23:30:00+09:00,0.33021,0.33023,0.32962,0.32974
2025-09-06T23:45:00+09:00,0.32975,0.32975,0.32848,0.32868
2025-09-07T00:00:00+09:00,0.32867,0.32888,0.328,0.32807
2025-09-07T00:15:00+09:00,0.32806,0.32818,0.32775,0.32779
2025-09-07T00:30:00+09:00,0.32779,0.32816,0.32751,0.32786
2025-09-07T00:45:00+09:00,0.32786,0.32805,0.32759,0.32771
2025-09-07T01:00:00+09:00,0.32771,0.32834,0.32727,0.32746
2025-09-07T01:15:00+09:00,0.32745,0.32756,0.32633,0.32656
2025-09-07T01:30:00+09:00,0.3265,0.32695,0.32642,0.32686
2025-09-07T01:45:00+09:00,0.32686,0.32732,0.32635,0.32707
2025-09-07T02:00:00+09:00,0.32708,0.32714,0.32685,0.32697
2025-09-07T02:15:00+09:00,0.32699,0.32709,0.32664,0.32695
2025-09-07T02:30:00+09:00,0.32692,0.32722,0.32622,0.32645
2025-09-07T02:45:00+09:00,0.32644,0.32666,0.32629,0.32638
2025-09-07T03:00:00+09:00,0.32634,0.32663,0.32627,0.32641
2025-09-07T03:15:00+09:00,0.32639,0.32657,0.32624,0.32655
2025-09-07T03:30:00+09:00,0.32657,0.32657,0.32626,0.32627
2025-09-07T03:45:00+09:00,0.32626,0.32648,0.32614,0.32643
2025-09-07T04:00:00+09:00,0.32644,0.32656,0.32639,0.32649
2025-09-07T04:15:00+09:00,0.32649,0.3268,0.32611,0.32636
2025-09-07T04:30:00+09:00,0.32637,0.32682,0.3262,0.32636
2025-09-07T04:45:00+09:00,0.32636,0.32659,0.32614,0.32634
2025-09-07T05:00:00+09:00,0.32635,0.32635,0.32587,0.32597
2025-09-07T05:15:00+09:00,0.32598,0.32599,0.32579,0.3259
2025-09-07T05:30:00+09:00,0.32592,0.32641,0.32591,0.3264
2025-09-07T05:45:00+09:00,0.32641,0.32655,0.31987,0.32196
2025-09-07T06:00:00+09:00,0.32194,0.32276,0.31873,0.32092
2025-09-07T06:15:00+09:00,0.32089,0.32117,0.32002,0.32009
2025-09-07T06:30:00+09:00,0.32009,0.32067,0.31899,0.31927
2025-09-07T06:45:00+09:00,0.31926,0.31933,0.30415,0.30487
2025-09-07T07:00:00+09:00,0.30486,0.3076,0.29773,0.30572
2025-09-07T07:15:00+09:00,0.30575,0.31196,0.30513,0.31127
2025-09-07T07:30:00+09:00,0.31128,0.31289,0.30793,0.30909
2025-09-07T07:45:00+09:00,0.30912,0.3126,0.30877,0.31017
2025-09-07T08:00:00+09:00,0.31015,0.31114,0.308,0.3096
2025-09-07T08:15:00+09:00,0.3096,0.31592,0.30949,0.31501
2025-09-07T08:30:00+09:00,0.31503,0.31591,0.31376,0.31465
2025-09-07T08:45:00+09:00,0.31465,0.31486,0.31318,0.31416
2025-09-07T09:00:00+09:00,0.31424,0.31492,0.31279,0.31356
2025-09-07T09:15:00+09:00,0.31355,0.31468,0.31272,0.31281
2025-09-07T09:30:00+09:00,0.31281,0.31694,0.31072,0.31682
2025-09-07T09:45:00+09:00,0.31688,0.32027,0.31618,0.31926
2025-09-07T10:00:00+09:00,0.31921,0.32103,0.31882,0.32059
2025-09-07T10:15:00+09:00,0.32053,0.32145,0.32019,0.32109
2025-09-07T10:30:00+09:00,0.32103,0.32193,0.32071,0.32146
2025-09-07T10:45:00+09:00,0.32135,0.32142,0.32056,0.32076
2025-09-07T11:00:00+09:00,0.32076,0.32426,0.32016,0.32297
2025-09-07T11:15:00+09:00,0.32285,0.3237,0.32254,0.32343
2025-09-07T11:30:00+09:00,0.32349,0.32601,0.32255,0.32538
2025-09-07T11:45:00+09:00,0.32529,0.32549,0.3246,0.32514
2025-09-07T12:00:00+09:00,0.32516,0.32652,0.32477,0.32652
2025-09-07T12:15:00+09:00,0.32648,0.32708,0.32614,0.32656
2025-09-07T12:30:00+09:00,0.32652,0.32714,0.32616,0.32665
2025-09-07T12:45:00+09:00,0.32664,0.32668,0.32605,0.32616
2025-09-07T13:00:00+09:00,0.32625,0.32674,0.32584,0.3267
2025-09-07T13:15:00+09:00,0.32674,0.32938,0.32674,0.32867
2025-09-07T13:30:00+09:00,0.32857,0.3289,0.32812,0.32876
2025-09-07T13:45:00+09:00,0.32885,0.3292,0.32808,0.32835
2025-09-07T14:00:00+09:00,0.32834,0.32862,0.32827,0.32853
2025-09-07T14:15:00+09:00,0.32853,0.32925,0.32853,0.3288
2025-09-07T14:30:00+09:00,0.32882,0.32894,0.32802,0.32844
2025-09-07T14:45:00+09:00,0.32837,0.32856,0.32812,0.32815
2025-09-07T15:00:00+09:00,0.32816,0.32852,0.32774,0.32796
2025-09-07T15:15:00+09:00,0.32796,0.32843,0.327,0.32824
2025-09-07T15:30:00+09:00,0.32824,0.32837,0.32771,0.32804
2025-09-07T15:45:00+09:00,0.32807,0.32845,0.328,0.32816
2025-09-07T16:00:00+09:00,0.32822,0.32842,0.32792,0.32805
2025-09-07T16:15:00+09:00,0.32808,0.32874,0.32803,0.32859
2025-09-07T16:30:00+09:00,0.32859,0.329,0.32816,0.32829
2025-09-07T16:45:00+09:00,0.32827,0.3283,0.32767,0.32825
2025-09-07T17:00:00+09:00,0.32812,0.32822,0.327,0.32776
2025-09-07T17:15:00+09:00,0.32775,0.3278,0.32711,0.32718
2025-09-07T17:30:00+09:00,0.32718,0.32773,0.32644,0.32656
2025-09-07T17:45:00+09:00,0.32651,0.32705,0.32638,0.32683
2025-09-07T18:00:00+09:00,0.32683,0.32841,0.3268,0.32833
2025-09-07T18:15:00+09:00,0.32832,0.32849,0.32803,0.32816
2025-09-07T18:30:00+09:00,0.32823,0.3283,0.32747,0.32748
2025-09-07T18:45:00+09:00,0.32747,0.32789,0.32724,0.32756
2025-09-07T19:00:00+09:00,0.32755,0.32774,0.32734,0.32748
2025-09-07T19:15:00+09:00,0.32747,0.32753,0.3272,0.32733
2025-09-07T19:30:00+09:00,0.32733,0.32789,0.32732,0.32765
2025-09-07T19:45:00+09:00,0.32766,0.32791,0.32736,0.32755
2025-09-07T20:00:00+09:00,0.32754,0.32825,0.3274,0.32802
2025-09-07T20:15:00+09:00,0.32804,0.32817,0.32779,0.32796
2025-09-07T20:30:00+09:00,0.32799,0.328,0.32703,0.32769
2025-09-07T20:45:00+09:00,0.32769,0.32786,0.32727,0.32739
2025-09-07T21:00:00+09:00,0.3274,0.3276,0.32718,0.32744
2025-09-07T21:15:00+09:00,0.32744,0.32744,0.32701,0.32723
2025-09-07T21:30:00+09:00,0.32719,0.32762,0.32673,0.3269
2025-09-07T21:45:00+09:00,0.32694,0.32709,0.32664,0.32699
2025-09-07T22:00:00+09:00,0.32699,0.32709,0.32644,0.32668
2025-09-07T22:15:00+09:00,0.32669,0.32715,0.32655,0.32703
2025-09-07T22:30:00+09:00,0.32703,0.32745,0.327,0.3274
2025-09-07T22:45:00+09:00,0.32741,0.33048,0.32741,0.33027
2025-09-07T23:00:00+09:00,0.33026,0.33128,0.32985,0.33029
2025-09-07T23:15:00+09:00,0.33028,0.33051,0.32975,0.33037
2025-09-07T23:30:00+09:00,0.33037,0.33087,0.33022,0.33052
2025-09-07T23:45:00+09:00,0.3305,0.3305,0.32945,0.3295
2025-09-08T00:00:00+09:00,0.3295,0.3295,0.32725,0.32759
2025-09-08T00:15:00+09:00,0.3276,0.32878,0.3276,0.32867
2025-09-08T00:30:00+09:00,0.32866,0.33039,0.32865,0.32981
2025-09-08T00:45:00+09:00,0.32978,0.3301,0.32931,0.32994
2025-09-08T01:00:00+09:00,0.32994,0.33023,0.3292,0.32935
2025-09-08T01:15:00+09:00,0.32929,0.32952,0.32911,0.32933
2025-09-08T01:30:00+09:00,0.32933,0.32939,0.32913,0.32924
2025-09-08T01:45:00+09:00,0.32924,0.32926,0.32877,0.32904
2025-09-08T02:00:00+09:00,0.32909,0.32932,0.32867,0.32867
2025-09-08T02:15:00+09:00,0.32867,0.32898,0.32848,0.32883
2025-09-08T02:30:00+09:00,0.32882,0.32919,0.32872,0.32908
2025-09-08T02:45:00+09:00,0.32908,0.3296,0.32893,0.32953
2025-09-08T03:00:00+09:00,0.32954,0.33022,0.32953,0.33006
2025-09-08T03:15:00+09:00,0.33006,0.33019,0.32954,0.32978
2025-09-08T03:30:00+09:00,0.32978,0.32991,0.32957,0.32991
2025-09-08T03:45:00+09:00,0.32991,0.33,0.32952,0.32955
2025-09-08T04:00:00+09:00,0.32956,0.32962,0.32909,0.3292
2025-09-08T04:15:00+09:00,0.32918,0.3293,0.32899,0.32909
2025-09-08T04:30:00+09:00,0.32908,0.32918,0.32786,0.32833
2025-09-08T04:45:00+09:00,0.32836,0.32847,0.32817,0.32828
2025-09-08T05:00:00+09:00,0.32828,0.32871,0.32826,0.32843
2025-09-08T05:15:00+09:00,0.32843,0.32859,0.32835,0.32857
2025-09-08T05:30:00+09:00,0.32859,0.32886,0.3283,0.32854
2025-09-08T05:45:00+09:00,0.32853,0.3289,0.32852,0.32876
2025-09-08T06:00:00+09:00,0.32874,0.32984,0.32874,0.32971
2025-09-08T06:15:00+09:00,0.32977,0.32979,0.3295,0.3296
2025-09-08T06:30:00+09:00,0.3296,0.32961,0.32943,0.3295
2025-09-08T06:45:00+09:00,0.32951,0.32963,0.32937,0.32949
2025-09-08T07:00:00+09:00,0.3295,0.33047,0.32947,0.33026
2025-09-08T07:15:00+09:00,0.33026,0.3304,0.32997,0.33012
2025-09-08T07:30:00+09:00,0.33012,0.3307,0.33012,0.33037
2025-09-08T07:45:00+09:00,0.33038,0.33041,0.33015,0.33039
2025-09-08T08:00:00+09:00,0.3304,0.33095,0.33034,0.33077
2025-09-08T08:15:00+09:00,0.33076,0.33162,0.33031,0.33105
2025-09-08T08:30:00+09:00,0.33104,0.33164,0.33104,0.33128
2025-09-08T08:45:00+09:00,0.33125,0.33138,0.33062,0.33128
2025-09-08T09:00:00+09:00,0.33131,0.33145,0.33034,0.33059
2025-09-08T09:15:00+09:00,0.33059,0.33117,0.33028,0.33117
2025-09-08T09:30:00+09:00,0.33118,0.33147,0.33065,0.3307
2025-09-08T09:45:00+09:00,0.3308,0.33094,0.33003,0.33015
2025-09-08T10:00:00+09:00,0.33015,0.33077,0.33015,0.33041
2025-09-08T10:15:00+09:00,0.3304,0.33048,0.32951,0.32987
2025-09-08T10:30:00+09:00,0.32988,0.33005,0.32974,0.32975
2025-09-08T10:45:00+09:00,0.32972,0.32977,0.32945,0.3297
2025-09-08T11:00:00+09:00,0.32971,0.32983,0.32955,0.32964
2025-09-08T11:15:00+09:00,0.32966,0.33043,0.32928,0.32945
2025-09-08T11:30:00+09:00,0.32945,0.33021,0.32945,0.33003
2025-09-08T11:45:00+09:00,0.33002,0.3302,0.32997,0.33015
2025-09-08T12:00:00+09:00,0.33018,0.33036,0.33003,0.33032
2025-09-08T12:15:00+09:00,0.33032,0.33126,0.33023,0.33124
2025-09-08T12:30:00+09:00,0.33124,0.33242,0.3306,0.33079
2025-09-08T12:45:00+09:00,0.33068,0.33103,0.33034,0.33056
2025-09-08T13:00:00+09:00,0.33056,0.33084,0.33018,0.33074
2025-09-08T13:15:00+09:00,0.33073,0.33082,0.33041,0.33066
2025-09-08T13:30:00+09:00,0.33066,0.33199,0.3306,0.33183
2025-09-08T13:45:00+09:00,0.3318,0.33187,0.33133,0.33173
2025-09-08T14:00:00+09:00,0.33174,0.33222,0.3316,0.33166
2025-09-08T14:15:00+09:00,0.33167,0.33204,0.33162,0.33179
2025-09-08T14:30:00+09:00,0.33177,0.3318,0.33148,0.33154
2025-09-08T14:45:00+09:00,0.3316,0.3318,0.33152,0.33159
2025-09-08T15:00:00+09:00,0.3316,0.33171,0.3314,0.33162
2025-09-08T15:15:00+09:00,0.33161,0.33197,0.33161,0.33174
2025-09-08T15:30:00+09:00,0.33174,0.33197,0.33168,0.33169
2025-09-08T15:45:00+09:00,0.33168,0.33195,0.3316,0.33194
2025-09-08T16:00:00+09:00,0.33195,0.33195,0.3316,0.33176
2025-09-08T16:15:00+09:00,0.33173,0.33193,0.33164,0.33171
2025-09-08T16:30:00+09:00,0.33171,0.33183,0.33071,0.33081
2025-09-08T16:45:00+09:00,0.33082,0.33095,0.33052,0.33095
2025-09-08T17:00:00+09:00,0.33094,0.33133,0.33068,0.33108
2025-09-08T17:15:00+09:00,0.33109,0.33168,0.33107,0.33162
2025-09-08T17:30:00+09:00,0.33165,0.3319,0.33135,0.33156
2025-09-08T17:45:00+09:00,0.33155,0.33184,0.33145,0.33159
2025-09-08T18:00:00+09:00,0.33159,0.33196,0.33143,0.33196
2025-09-08T18:15:00+09:00,0.33194,0.33303,0.33194,0.33237
2025-09-08T18:30:00+09:00,0.33238,0.33264,0.33223,0.33256
2025-09-08T18:45:00+09:00,0.33258,0.3328,0.33235,0.33247
2025-09-08T19:00:00+09:00,0.33247,0.33374,0.33229,0.33332
2025-09-08T19:15:00+09:00,0.33332,0.33332,0.33227,0.33285
2025-09-08T19:30:00+09:00,0.33291,0.33306,0.33269,0.33291
2025-09-08T19:45:00+09:00,0.33292,0.335,0.33272,0.33309
2025-09-08T20:00:00+09:00,0.33312,0.33336,0.33282,0.33319
2025-09-08T20:15:00+09:00,0.33318,0.33371,0.33266,0.33281
2025-09-08T20:30:00+09:00,0.33279,0.33305,0.33264,0.333
2025-09-08T20:45:00+09:00,0.33301,0.33356,0.33301,0.33348
2025-09-08T21:00:00+09:00,0.33351,0.33387,0.33292,0.33297
2025-09-08T21:15:00+09:00,0.33297,0.33316,0.33288,0.33303
2025-09-08T21:30:00+09:00,0.33302,0.33315,0.33265,0.33268
2025-09-08T21:45:00+09:00,0.33267,0.33267,0.33221,0.33228
2025-09-08T22:00:00+09:00,0.3323,0.33377,0.33208,0.33342
2025-09-08T22:15:00+09:00,0.33345,0.33367,0.33304,0.33316
2025-09-08T22:30:00+09:00,0.33319,0.33358,0.3327,0.33302
2025-09-08T22:45:00+09:00,0.33305,0.3333,0.3327,0.33279
2025-09-08T23:00:00+09:00,0.33275,0.33352,0.33271,0.33345
2025-09-08T23:15:00+09:00,0.33346,0.3335,0.33303,0.33341
2025-09-08T23:30:00+09:00,0.33344,0.33414,0.33341,0.33375
2025-09-08T23:45:00+09:00,0.33374,0.33416,0.33359,0.33393
2025-09-09T00:00:00+09:00,0.33394,0.33483,0.33381,0.33479
2025-09-09T00:15:00+09:00,0.33479,0.33598,0.33472,0.33558
2025-09-09T00:30:00+09:00,0.33558,0.33567,0.33443,0.33487
2025-09-09T00:45:00+09:00,0.33484,0.33503,0.3342,0.3343
2025-09-09T01:00:00+09:00,0.33426,0.33467,0.33414,0.33451
2025-09-09T01:15:00+09:00,0.33451,0.3347,0.33422,0.33453
2025-09-09T01:30:00+09:00,0.33453,0.33454,0.33407,0.33414
2025-09-09T01:45:00+09:00,0.33414,0.33414,0.3335,0.33375
2025-09-09T02:00:00+09:00,0.33373,0.33373,0.33336,0.33339
2025-09-09T02:15:00+09:00,0.33338,0.33404,0.33326,0.33396
2025-09-09T02:30:00+09:00,0.33395,0.33401,0.33337,0.33342
2025-09-09T02:45:00+09:00,0.33342,0.33345,0.3311,0.33221
2025-09-09T03:00:00+09:00,0.33222,0.33237,0.33166,0.33205
2025-09-09T03:15:00+09:00,0.33207,0.33226,0.3319,0.3322
2025-09-09T03:30:00+09:00,0.33219,0.33219,0.33187,0.33208
2025-09-09T03:45:00+09:00,0.33206,0.33209,0.3316,0.33181
2025-09-09T04:00:00+09:00,0.33181,0.3321,0.33138,0.33164
2025-09-09T04:15:00+09:00,0.33163,0.33163,0.33137,0.3316
2025-09-09T04:30:00+09:00,0.33162,0.3317,0.33085,0.33098
2025-09-09T04:45:00+09:00,0.33087,0.3311,0.33069,0.33084
2025-09-09T05:00:00+09:00,0.33088,0.33121,0.33075,0.33117
2025-09-09T05:15:00+09:00,0.33113,0.33131,0.33079,0.3311
2025-09-09T05:30:00+09:00,0.33107,0.33123,0.33085,0.33086
2025-09-09T05:45:00+09:00,0.33086,0.33122,0.33077,0.33108
2025-09-09T06:00:00+09:00,0.33106,0.33151,0.3309,0.33124
2025-09-09T06:15:00+09:00,0.33123,0.33173,0.33112,0.33134
2025-09-09T06:30:00+09:00,0.33135,0.33153,0.33114,0.33138
2025-09-09T06:45:00+09:00,0.3314,0.33174,0.33138,0.33169
2025-09-09T07:00:00+09:00,0.33169,0.33255,0.33169,0.33239
2025-09-09T07:15:00+09:00,0.33238,0.33243,0.33176,0.33192
2025-09-09T07:30:00+09:00,0.33188,0.3321,0.33115,0.33115
2025-09-09T07:45:00+09:00,0.33116,0.33126,0.33107,0.33118
2025-09-09T08:00:00+09:00,0.33116,0.33122,0.33103,0.33115
2025-09-09T08:15:00+09:00,0.33112,0.33114,0.33083,0.33092
2025-09-09T08:30:00+09:00,0.33092,0.33131,0.3308,0.33123
2025-09-09T08:45:00+09:00,0.33125,0.33158,0.33115,0.33126
2025-09-09T09:00:00+09:00,0.33125,0.3314,0.33095,0.33126
2025-09-09T09:15:00+09:00,0.33128,0.33156,0.33049,0.33062
2025-09-09T09:30:00+09:00,0.3306,0.3306,0.33013,0.33039
2025-09-09T09:45:00+09:00,0.33039,0.33071,0.33039,0.33061
2025-09-09T10:00:00+09:00,0.33061,0.3312,0.33061,0.33106
2025-09-09T10:15:00+09:00,0.33108,0.33108,0.33013,0.33026
2025-09-09T10:30:00+09:00,0.33027,0.33069,0.32989,0.33039
2025-09-09T10:45:00+09:00,0.33026,0.33056,0.33005,0.3304
2025-09-09T11:00:00+09:00,0.33036,0.33054,0.33002,0.33019
2025-09-09T11:15:00+09:00,0.33019,0.3304,0.33004,0.3301
2025-09-09T11:30:00+09:00,0.33007,0.3304,0.33004,0.3301
2025-09-09T11:45:00+09:00,0.3301,0.33013,0.32977,0.32996
2025-09-09T12:00:00+09:00,0.32996,0.33021,0.32989,0.33019
2025-09-09T12:15:00+09:00,0.33026,0.33056,0.33015,0.33054
2025-09-09T12:30:00+09:00,0.33054,0.33068,0.33042,0.33062
2025-09-09T12:45:00+09:00,0.33062,0.33099,0.33055,0.33089
2025-09-09T13:00:00+09:00,0.33089,0.33106,0.33048,0.33049
2025-09-09T13:15:00+09:00,0.33048,0.33127,0.33048,0.33105
2025-09-09T13:30:00+09:00,0.3311,0.33123,0.33102,0.33114
2025-09-09T13:45:00+09:00,0.33115,0.33152,0.33104,0.3315
2025-09-09T14:00:00+09:00,0.3315,0.33161,0.33092,0.33096
2025-09-09T14:15:00+09:00,0.33096,0.33123,0.3308,0.3311
2025-09-09T14:30:00+09:00,0.33114,0.33133,0.33114,0.33131
2025-09-09T14:45:00+09:00,0.33132,0.33192,0.33128,0.33191
2025-09-09T15:00:00+09:00,0.33191,0.33301,0.33185,0.33296
2025-09-09T15:15:00+09:00,0.33297,0.33452,0.33296,0.33452
2025-09-09T15:30:00+09:00,0.33453,0.33522,0.3339,0.33473
2025-09-09T15:45:00+09:00,0.33472,0.33732,0.33468,0.33491
2025-09-09T16:00:00+09:00,0.33497,0.33522,0.33445,0.33458
2025-09-09T16:15:00+09:00,0.33458,0.33513,0.33427,0.33512
2025-09-09T16:30:00+09:00,0.33515,0.33537,0.33448,0.33497
2025-09-09T16:45:00+09:00,0.33491,0.33504,0.3345,0.33492
2025-09-09T17:00:00+09:00,0.33495,0.33516,0.3348,0.335
2025-09-09T17:15:00+09:00,0.33503,0.33858,0.33494,0.338
2025-09-09T17:30:00+09:00,0.338,0.33815,0.3373,0.33762
2025-09-09T17:45:00+09:00,0.33759,0.33798,0.33685,0.33697
2025-09-09T18:00:00+09:00,0.33697,0.33803,0.33676,0.33803
2025-09-09T18:15:00+09:00,0.338,0.33816,0.33718,0.33745
2025-09-09T18:30:00+09:00,0.33744,0.33747,0.33681,0.33699
2025-09-09T18:45:00+09:00,0.33699,0.33878,0.33692,0.33762
2025-09-09T19:00:00+09:00,0.33763,0.33787,0.3374,0.33757
2025-09-09T19:15:00+09:00,0.33756,0.33756,0.33711,0.33718
2025-09-09T19:30:00+09:00,0.33715,0.33716,0.33683,0.33707
2025-09-09T19:45:00+09:00,0.33705,0.33724,0.33679,0.33721
2025-09-09T20:00:00+09:00,0.33722,0.33755,0.33688,0.33732
2025-09-09T20:15:00+09:00,0.33734,0.33767,0.33708,0.33759
2025-09-09T20:30:00+09:00,0.3376,0.33795,0.33721,0.33767
2025-09-09T20:45:00+09:00,0.33769,0.33791,0.33703,0.33704
2025-09-09T21:00:00+09:00,0.33704,0.33735,0.33689,0.33733
2025-09-09T21:15:00+09:00,0.33733,0.33788,0.33733,0.33762
2025-09-09T21:30:00+09:00,0.33762,0.33784,0.3374,0.33746
2025-09-09T21:45:00+09:00,0.33742,0.33784,0.33742,0.33747
2025-09-09T22:00:00+09:00,0.3375,0.33758,0.33712,0.33756
2025-09-09T22:15:00+09:00,0.33756,0.33762,0.33708,0.33748
2025-09-09T22:30:00+09:00,0.33747,0.33826,0.33747,0.33811
2025-09-09T22:45:00+09:00,0.3381,0.33857,0.33784,0.33817
2025-09-09T23:00:00+09:00,0.33822,0.33854,0.33679,0.33764
2025-09-09T23:15:00+09:00,0.33765,0.33765,0.33701,0.33729
2025-09-09T23:30:00+09:00,0.33725,0.33725,0.33607,0.33621
2025-09-09T23:45:00+09:00,0.33626,0.33688,0.33489,0.33667
2025-09-10T00:00:00+09:00,0.33664,0.33686,0.33544,0.33568
2025-09-10T00:15:00+09:00,0.33565,0.33606,0.33507,0.33527
2025-09-10T00:30:00+09:00,0.33526,0.33557,0.33464,0.33471
2025-09-10T00:45:00+09:00,0.33471,0.33481,0.333,0.3343
2025-09-10T01:00:00+09:00,0.3343,0.33437,0.33425,0.33437
2025-09-10T01:15:00+09:00,0.33437,0.33437,0.33416,0.33434
2025-09-10T01:30:00+09:00,0.33436,0.33437,0.3342,0.33435
2025-09-10T01:45:00+09:00,0.33436,0.33437,0.33429,0.33437
2025-09-10T02:00:00+09:00,0.33437,0.33437,0.33436,0.33437
2025-09-10T02:15:00+09:00,0.33437,0.33437,0.33409,0.33417
2025-09-10T02:30:00+09:00,0.33418,0.33437,0.33396,0.33437
2025-09-10T02:45:00+09:00,0.33437,0.33437,0.3341,0.33423
2025-09-10T03:00:00+09:00,0.33425,0.33436,0.33399,0.33412
2025-09-10T03:15:00+09:00,0.33412,0.33437,0.33412,0.33437
2025-09-10T03:30:00+09:00,0.33437,0.33437,0.33416,0.33436
2025-09-10T03:45:00+09:00,0.33437,0.33437,0.33393,0.33395
2025-09-10T04:00:00+09:00,0.33394,0.33434,0.33381,0.3343
2025-09-10T04:15:00+09:00,0.33428,0.33437,0.33411,0.33437
2025-09-10T04:30:00+09:00,0.33437,0.33437,0.33421,0.33437
2025-09-10T04:45:00+09:00,0.33437,0.33437,0.33432,0.33436
2025-09-10T05:00:00+09:00,0.33436,0.33437,0.33415,0.33437
2025-09-10T05:15:00+09:00,0.33437,0.33437,0.33425,0.33431
2025-09-10T05:30:00+09:00,0.3343,0.33436,0.334,0.33411
2025-09-10T05:45:00+09:00,0.33411,0.33437,0.33393,0.33436
2025-09-10T06:00:00+09:00,0.33436,0.33437,0.33424,0.33437
2025-09-10T06:15:00+09:00,0.33437,0.33437,0.33413,0.33431
2025-09-10T06:30:00+09:00,0.33432,0.33437,0.33424,0.33437
2025-09-10T06:45:00+09:00,0.33437,0.33437,0.33418,0.33423
2025-09-10T07:00:00+09:00,0.33425,0.33437,0.33417,0.33437
2025-09-10T07:15:00+09:00,0.33437,0.33437,0.33428,0.33437
2025-09-10T07:30:00+09:00,0.33437,0.3356,0.33422,0.3356
2025-09-10T07:45:00+09:00,0.33561,0.33573,0.33553,0.33572
2025-09-10T08:00:00+09:00,0.33571,0.33604,0.33565,0.33569
2025-09-10T08:15:00+09:00,0.33563,0.33563,0.33486,0.33495
2025-09-10T08:30:00+09:00,0.33495,0.33505,0.33448,0.33505
2025-09-10T08:45:00+09:00,0.33508,0.33514,0.33483,0.335
2025-09-10T09:00:00+09:00,0.33505,0.33526,0.33496,0.3352
2025-09-10T09:15:00+09:00,0.33519,0.33519,0.33442,0.33465
2025-09-10T09:30:00+09:00,0.33464,0.33526,0.33448,0.33524
2025-09-10T09:45:00+09:00,0.33524,0.33533,0.335,0.33523
2025-09-10T10:00:00+09:00,0.33523,0.33594,0.33519,0.33552
2025-09-10T10:15:00+09:00,0.33552,0.33564,0.33512,0.33518
2025-09-10T10:30:00+09:00,0.33518,0.33551,0.33498,0.33535
2025-09-10T10:45:00+09:00,0.33534,0.33559,0.33512,0.33544
2025-09-10T11:00:00+09:00,0.33542,0.33582,0.33542,0.33565
2025-09-10T11:15:00+09:00,0.33565,0.33617,0.33558,0.33558
2025-09-10T11:30:00+09:00,0.33566,0.33596,0.33552,0.33574
2025-09-10T11:45:00+09:00,0.33573,0.33577,0.33514,0.33529
2025-09-10T12:00:00+09:00,0.33529,0.3354,0.33469,0.33538
2025-09-10T12:15:00+09:00,0.33538,0.33565,0.33529,0.3353
2025-09-10T12:30:00+09:00,0.33528,0.33557,0.33522,0.3354
2025-09-10T12:45:00+09:00,0.33541,0.33565,0.3352,0.3352
2025-09-10T13:00:00+09:00,0.3352,0.3352,0.33454,0.33478
2025-09-10T13:15:00+09:00,0.33478,0.33503,0.3346,0.33495
2025-09-10T13:30:00+09:00,0.33494,0.33532,0.3349,0.33511
2025-09-10T13:45:00+09:00,0.33511,0.33537,0.33497,0.33533
2025-09-10T14:00:00+09:00,0.33533,0.33559,0.33507,0.33547
2025-09-10T14:15:00+09:00,0.33548,0.33553,0.33517,0.33553
2025-09-10T14:30:00+09:00,0.33553,0.33577,0.33547,0.33577
2025-09-10T14:45:00+09:00,0.33576,0.33607,0.33527,0.33582
2025-09-10T15:00:00+09:00,0.33581,0.33617,0.3355,0.33617
2025-09-10T15:15:00+09:00,0.33617,0.33647,0.33595,0.33616
2025-09-10T15:30:00+09:00,0.33617,0.33645,0.33607,0.33638
2025-09-10T15:45:00+09:00,0.33638,0.3366,0.33637,0.33649
2025-09-10T16:00:00+09:00,0.33648,0.33657,0.33621,0.33637
2025-09-10T16:15:00+09:00,0.33636,0.33694,0.33626,0.33689
2025-09-10T16:30:00+09:00,0.33688,0.33688,0.33638,0.33652
2025-09-10T16:45:00+09:00,0.33656,0.33677,0.33638,0.33677
2025-09-10T17:00:00+09:00,0.33677,0.33725,0.33672,0.33714
2025-09-10T17:15:00+09:00,0.33715,0.3374,0.33672,0.33684
2025-09-10T17:30:00+09:00,0.33683,0.33689,0.33655,0.33674
2025-09-10T17:45:00+09:00,0.3367,0.33688,0.33651,0.3367
2025-09-10T18:00:00+09:00,0.33672,0.33672,0.33627,0.33664
2025-09-10T18:15:00+09:00,0.33664,0.33702,0.33646,0.33683
2025-09-10T18:30:00+09:00,0.33683,0.33702,0.3367,0.33692
2025-09-10T18:45:00+09:00,0.33692,0.33764,0.33691,0.33746
2025-09-10T19:00:00+09:00,0.33746,0.3375,0.33688,0.33714
2025-09-10T19:15:00+09:00,0.33712,0.33714,0.33659,0.33696
2025-09-10T19:30:00+09:00,0.33696,0.33714,0.33677,0.33687
2025-09-10T19:45:00+09:00,0.33687,0.33718,0.33679,0.3371
2025-09-10T20:00:00+09:00,0.33709,0.33754,0.33693,0.33754
2025-09-10T20:15:00+09:00,0.33753,0.33753,0.33716,0.33718
2025-09-10T20:30:00+09:00,0.33715,0.33745,0.33674,0.3368
2025-09-10T20:45:00+09:00,0.33679,0.33702,0.33666,0.33674
2025-09-10T21:00:00+09:00,0.33674,0.33698,0.33653,0.33685
2025-09-10T21:15:00+09:00,0.33684,0.33725,0.33668,0.33716
2025-09-10T21:30:00+09:00,0.33716,0.33843,0.33716,0.33829
2025-09-10T21:45:00+09:00,0.3383,0.33847,0.33781,0.33815
2025-09-10T22:00:00+09:00,0.33822,0.33908,0.33806,0.33894
2025-09-10T22:15:00+09:00,0.33892,0.33925,0.33813,0.33844
2025-09-10T22:30:00+09:00,0.33841,0.33873,0.33793,0.33854
2025-09-10T22:45:00+09:00,0.33861,0.33969,0.33858,0.33919
2025-09-10T23:00:00+09:00,0.33915,0.34,0.33906,0.33949
2025-09-10T23:15:00+09:00,0.3395,0.3398,0.3393,0.33948
2025-09-10T23:30:00+09:00,0.33948,0.3397,0.33908,0.33944
2025-09-10T23:45:00+09:00,0.33944,0.33954,0.33902,0.33911
2025-09-11T00:00:00+09:00,0.33909,0.33919,0.3386,0.33892
2025-09-11T00:15:00+09:00,0.33895,0.339,0.33859,0.3386
2025-09-11T00:30:00+09:00,0.3386,0.33875,0.33838,0.33857
2025-09-11T00:45:00+09:00,0.33857,0.33875,0.33837,0.33873
2025-09-11T01:00:00+09:00,0.33873,0.33879,0.33828,0.33839
2025-09-11T01:15:00+09:00,0.3384,0.33866,0.33808,0.33842
2025-09-11T01:30:00+09:00,0.33844,0.33851,0.33796,0.33835
2025-09-11T01:45:00+09:00,0.33833,0.33925,0.33833,0.33923
2025-09-11T02:00:00+09:00,0.33925,0.33985,0.33896,0.33985
2025-09-11T02:15:00+09:00,0.33986,0.34025,0.33901,0.33922
2025-09-11T02:30:00+09:00,0.33916,0.33969,0.33893,0.33947
2025-09-11T02:45:00+09:00,0.33945,0.33989,0.33944,0.33972
2025-09-11T03:00:00+09:00,0.33972,0.33976,0.33936,0.33956
2025-09-11T03:15:00+09:00,0.33954,0.33982,0.33946,0.33967
2025-09-11T03:30:00+09:00,0.33966,0.33988,0.3395,0.33982
2025-09-11T03:45:00+09:00,0.33983,0.33987,0.33921,0.33949
2025-09-11T04:00:00+09:00,0.33949,0.3395,0.33879,0.33886
2025-09-11T04:15:00+09:00,0.33885,0.33899,0.33815,0.33836
2025-09-11T04:30:00+09:00,0.33832,0.33866,0.33791,0.33821
2025-09-11T04:45:00+09:00,0.33819,0.33861,0.33806,0.33833
2025-09-11T05:00:00+09:00,0.33831,0.33878,0.3383,0.33873
2025-09-11T05:15:00+09:00,0.33873,0.33874,0.33844,0.33852
2025-09-11T05:30:00+09:00,0.33851,0.33874,0.33827,0.33827
2025-09-11T05:45:00+09:00,0.33827,0.33833,0.33789,0.33808
2025-09-11T06:00:00+09:00,0.33808,0.3385,0.33788,0.33829
2025-09-11T06:15:00+09:00,0.33824,0.33847,0.3382,0.33835
2025-09-11T06:30:00+09:00,0.33834,0.33863,0.33822,0.33846
2025-09-11T06:45:00+09:00,0.33848,0.33874,0.33835,0.33868
2025-09-11T07:00:00+09:00,0.33866,0.33887,0.33849,0.33884
2025-09-11T07:15:00+09:00,0.33883,0.33915,0.33864,0.33907
2025-09-11T07:30:00+09:00,0.33907,0.33916,0.33846,0.33874
2025-09-11T07:45:00+09:00,0.33874,0.33895,0.33851,0.33861
2025-09-11T08:00:00+09:00,0.33861,0.33903,0.3386,0.3388
2025-09-11T08:15:00+09:00,0.3388,0.33881,0.33851,0.33854
2025-09-11T08:30:00+09:00,0.3385,0.33871,0.33832,0.33847
2025-09-11T08:45:00+09:00,0.33848,0.33894,0.33803,0.3383
2025-09-11T09:00:00+09:00,0.33831,0.33901,0.33797,0.33885
2025-09-11T09:15:00+09:00,0.33885,0.33995,0.33878,0.33985
2025-09-11T09:30:00+09:00,0.33988,0.34044,0.33953,0.34044
2025-09-11T09:45:00+09:00,0.34047,0.34061,0.33985,0.34013
2025-09-11T10:00:00+09:00,0.34014,0.34124,0.33994,0.34114
2025-09-11T10:15:00+09:00,0.34113,0.34148,0.341,0.34117
2025-09-11T10:30:00+09:00,0.34118,0.34165,0.34048,0.34078
2025-09-11T10:45:00+09:00,0.34085,0.34132,0.34078,0.34115
2025-09-11T11:00:00+09:00,0.34129,0.3413,0.34075,0.34127
2025-09-11T11:15:00+09:00,0.34127,0.34132,0.34088,0.34132
2025-09-11T11:30:00+09:00,0.34131,0.34154,0.34114,0.34146
2025-09-11T11:45:00+09:00,0.34147,0.34195,0.3414,0.3416
2025-09-11T12:00:00+09:00,0.34162,0.34191,0.34136,0.34191
2025-09-11T12:15:00+09:00,0.3419,0.34283,0.34189,0.34263
2025-09-11T12:30:00+09:00,0.34264,0.34272,0.34209,0.3422
2025-09-11T12:45:00+09:00,0.3422,0.34291,0.3422,0.3428
2025-09-11T13:00:00+09:00,0.34283,0.34319,0.34233,0.34251
2025-09-11T13:15:00+09:00,0.34252,0.34285,0.3423,0.34236
2025-09-11T13:30:00+09:00,0.34233,0.34291,0.34233,0.34257
2025-09-11T13:45:00+09:00,0.34257,0.34358,0.34249,0.34284
2025-09-11T14:00:00+09:00,0.34284,0.34303,0.34263,0.34272
2025-09-11T14:15:00+09:00,0.34272,0.34299,0.34266,0.34285
2025-09-11T14:30:00+09:00,0.34283,0.34359,0.34265,0.34334
2025-09-11T14:45:00+09:00,0.34334,0.34495,0.34333,0.34476
2025-09-11T15:00:00+09:00,0.34481,0.34489,0.34417,0.34459
2025-09-11T15:15:00+09:00,0.34459,0.34495,0.3443,0.34448
2025-09-11T15:30:00+09:00,0.34449,0.34526,0.34449,0.34521
2025-09-11T15:45:00+09:00,0.34525,0.34533,0.3445,0.34471
2025-09-11T16:00:00+09:00,0.34471,0.34479,0.34437,0.34462
2025-09-11T16:15:00+09:00,0.34462,0.345,0.34439,0.34486
2025-09-11T16:30:00+09:00,0.34485,0.34514,0.3447,0.345
2025-09-11T16:45:00+09:00,0.34496,0.34562,0.34491,0.34527
2025-09-11T17:00:00+09:00,0.3453,0.34579,0.3451,0.34516
2025-09-11T17:15:00+09:00,0.34516,0.34555,0.34511,0.34533
2025-09-11T17:30:00+09:00,0.34531,0.34593,0.34521,0.34561
2025-09-11T17:45:00+09:00,0.34561,0.34562,0.34517,0.34521
2025-09-11T18:00:00+09:00,0.34521,0.34548,0.34496,0.34503
2025-09-11T18:15:00+09:00,0.34502,0.34549,0.34487,0.34538
2025-09-11T18:30:00+09:00,0.34535,0.34535,0.34466,0.34469
2025-09-11T18:45:00+09:00,0.34469,0.34505,0.34459,0.34505
2025-09-11T19:00:00+09:00,0.34505,0.34552,0.34505,0.34541
2025-09-11T19:15:00+09:00,0.34541,0.34578,0.3454,0.34574
2025-09-11T19:30:00+09:00,0.34573,0.34573,0.3452,0.3452
2025-09-11T19:45:00+09:00,0.34528,0.34569,0.34527,0.34548
2025-09-11T20:00:00+09:00,0.34548,0.34745,0.34547,0.34735
2025-09-11T20:15:00+09:00,0.34746,0.3478,0.3466,0.34677
2025-09-11T20:30:00+09:00,0.34677,0.3471,0.34665,0.34678
2025-09-11T20:45:00+09:00,0.34679,0.34722,0.34678,0.34714
2025-09-11T21:00:00+09:00,0.34716,0.34779,0.34691,0.34775
2025-09-11T21:15:00+09:00,0.34776,0.34803,0.34713,0.34803
2025-09-11T21:30:00+09:00,0.34804,0.34809,0.3447,0.34575
2025-09-11T21:45:00+09:00,0.34582,0.34672,0.34572,0.34594
2025-09-11T22:00:00+09:00,0.34601,0.34608,0.34476,0.34504
2025-09-11T22:15:00+09:00,0.34505,0.34544,0.34473,0.34506
2025-09-11T22:30:00+09:00,0.34506,0.34536,0.34465,0.34468
2025-09-11T22:45:00+09:00,0.34465,0.34567,0.34445,0.34565
2025-09-11T23:00:00+09:00,0.34568,0.34575,0.34497,0.34514
2025-09-11T23:15:00+09:00,0.34519,0.34519,0.3441,0.34483
2025-09-11T23:30:00+09:00,0.34483,0.34565,0.3448,0.34545
2025-09-11T23:45:00+09:00,0.34543,0.34569,0.34514,0.34524
2025-09-12T00:00:00+09:00,0.34527,0.34609,0.3451,0.34609
2025-09-12T00:15:00+09:00,0.3461,0.34636,0.34521,0.34539
2025-09-12T00:30:00+09:00,0.34541,0.34567,0.34486,0.34507
2025-09-12T00:45:00+09:00,0.34507,0.34517,0.34477,0.34479
2025-09-12T01:00:00+09:00,0.34478,0.34592,0.34478,0.34556
2025-09-12T01:15:00+09:00,0.34556,0.34585,0.34502,0.34516
2025-09-12T01:30:00+09:00,0.34516,0.3456,0.34498,0.34557
2025-09-12T01:45:00+09:00,0.34557,0.34578,0.34515,0.34578
2025-09-12T02:00:00+09:00,0.34577,0.3463,0.34571,0.34625
2025-09-12T02:15:00+09:00,0.34625,0.34654,0.34582,0.34597
2025-09-12T02:30:00+09:00,0.34596,0.34596,0.34535,0.34543
2025-09-12T02:45:00+09:00,0.34542,0.34562,0.34499,0.34562
2025-09-12T03:00:00+09:00,0.34557,0.34564,0.34527,0.34531
2025-09-12T03:15:00+09:00,0.34526,0.34529,0.34505,0.34527
2025-09-12T03:30:00+09:00,0.34528,0.34571,0.34524,0.34562
2025-09-12T03:45:00+09:00,0.34559,0.3456,0.345,0.34501
2025-09-12T04:00:00+09:00,0.345,0.34522,0.34466,0.34467
2025-09-12T04:15:00+09:00,0.34468,0.34538,0.34464,0.34532
2025-09-12T04:30:00+09:00,0.34531,0.34577,0.34512,0.34538
2025-09-12T04:45:00+09:00,0.34532,0.34573,0.34532,0.34573
2025-09-12T05:00:00+09:00,0.34561,0.34595,0.34552,0.34576
2025-09-12T05:15:00+09:00,0.3458,0.34596,0.34566,0.34579
2025-09-12T05:30:00+09:00,0.34579,0.34585,0.34562,0.34571
2025-09-12T05:45:00+09:00,0.34571,0.34571,0.34538,0.34544
2025-09-12T06:00:00+09:00,0.3454,0.34544,0.34525,0.34529
2025-09-12T06:15:00+09:00,0.34527,0.34564,0.34522,0.34564
2025-09-12T06:30:00+09:00,0.34561,0.34564,0.34522,0.34529
2025-09-12T06:45:00+09:00,0.34529,0.34531,0.3452,0.34521
2025-09-12T07:00:00+09:00,0.34521,0.34564,0.34494,0.34561
2025-09-12T07:15:00+09:00,0.34567,0.34592,0.34561,0.34574
2025-09-12T07:30:00+09:00,0.34574,0.34608,0.34571,0.34597
2025-09-12T07:45:00+09:00,0.34596,0.34662,0.34594,0.34655
2025-09-12T08:00:00+09:00,0.34656,0.34684,0.34644,0.3467
2025-09-12T08:15:00+09:00,0.3467,0.34713,0.3466,0.34689
2025-09-12T08:30:00+09:00,0.34688,0.34688,0.34631,0.34662
2025-09-12T08:45:00+09:00,0.34661,0.34661,0.34619,0.34624
2025-09-12T09:00:00+09:00,0.34622,0.34672,0.34621,0.34632
2025-09-12T09:15:00+09:00,0.34632,0.34685,0.34613,0.34685
2025-09-12T09:30:00+09:00,0.34686,0.34784,0.34682,0.34779
2025-09-12T09:45:00+09:00,0.34779,0.34923,0.34779,0.34909
2025-09-12T10:00:00+09:00,0.3491,0.34975,0.34851,0.34911
2025-09-12T10:15:00+09:00,0.34899,0.34922,0.3488,0.34899
2025-09-12T10:30:00+09:00,0.34898,0.34898,0.34815,0.34836
2025-09-12T10:45:00+09:00,0.34846,0.34849,0.34796,0.34804
2025-09-12T11:00:00+09:00,0.34807,0.3488,0.34807,0.34844
2025-09-12T11:15:00+09:00,0.34844,0.34868,0.34824,0.34852
2025-09-12T11:30:00+09:00,0.34853,0.34864,0.34836,0.34841
2025-09-12T11:45:00+09:00,0.3484,0.34841,0.34774,0.34811
2025-09-12T12:00:00+09:00,0.34811,0.34835,0.34768,0.34806
2025-09-12T12:15:00+09:00,0.34807,0.34848,0.34807,0.34835
2025-09-12T12:30:00+09:00,0.34836,0.34868,0.34779,0.34847
2025-09-12T12:45:00+09:00,0.34847,0.34926,0.34847,0.34879
2025-09-12T13:00:00+09:00,0.34875,0.34879,0.34845,0.34863
2025-09-12T13:15:00+09:00,0.34862,0.3489,0.34835,0.34875
2025-09-12T13:30:00+09:00,0.34873,0.34892,0.34849,0.34886
2025-09-12T13:45:00+09:00,0.34885,0.34966,0.34881,0.34966
2025-09-12T14:00:00+09:00,0.34966,0.3499,0.34926,0.34956
2025-09-12T14:15:00+09:00,0.34955,0.34956,0.34882,0.34885
2025-09-12T14:30:00+09:00,0.34888,0.34906,0.34789,0.34854
2025-09-12T14:45:00+09:00,0.34854,0.3491,0.34842,0.3491
2025-09-12T15:00:00+09:00,0.34913,0.34943,0.34889,0.34927
2025-09-12T15:15:00+09:00,0.34927,0.34942,0.34888,0.34899
2025-09-12T15:30:00+09:00,0.34897,0.34926,0.3489,0.34923
2025-09-12T15:45:00+09:00,0.34929,0.34935,0.3487,0.34898
2025-09-12T16:00:00+09:00,0.34898,0.34936,0.34892,0.34918
2025-09-12T16:15:00+09:00,0.34918,0.34928,0.34858,0.34872
2025-09-12T16:30:00+09:00,0.34873,0.3488,0.34828,0.34852
2025-09-12T16:45:00+09:00,0.3485,0.34861,0.34829,0.34854
2025-09-12T17:00:00+09:00,0.34854,0.34862,0.34826,0.34829
2025-09-12T17:15:00+09:00,0.34829,0.34868,0.34803,0.34859
2025-09-12T17:30:00+09:00,0.34859,0.34886,0.34852,0.3488
2025-09-12T17:45:00+09:00,0.34879,0.34881,0.34827,0.34849
2025-09-12T18:00:00+09:00,0.34849,0.3486,0.34806,0.34843
2025-09-12T18:15:00+09:00,0.34845,0.34859,0.34836,0.34844
2025-09-12T18:30:00+09:00,0.34844,0.34863,0.34843,0.34862
2025-09-12T18:45:00+09:00,0.34862,0.34869,0.34815,0.3483
2025-09-12T19:00:00+09:00,0.3483,0.34838,0.34762,0.34811
2025-09-12T19:15:00+09:00,0.34804,0.34832,0.34793,0.34816
2025-09-12T19:30:00+09:00,0.34815,0.34844,0.34811,0.34835
2025-09-12T19:45:00+09:00,0.34835,0.34847,0.34825,0.34845
2025-09-12T20:00:00+09:00,0.34842,0.34887,0.34841,0.34882
2025-09-12T20:15:00+09:00,0.34883,0.34883,0.34851,0.34863
2025-09-12T20:30:00+09:00,0.34864,0.34871,0.34857,0.34863
2025-09-12T20:45:00+09:00,0.34864,0.34874,0.34803,0.34845
2025-09-12T21:00:00+09:00,0.34847,0.34851,0.34795,0.3484
2025-09-12T21:15:00+09:00,0.3484,0.34862,0.34814,0.34854
2025-09-12T21:30:00+09:00,0.34857,0.3488,0.34854,0.34876
2025-09-12T21:45:00+09:00,0.34876,0.34887,0.34864,0.34877
2025-09-12T22:00:00+09:00,0.34878,0.34883,0.3482,0.34825
2025-09-12T22:15:00+09:00,0.34825,0.34825,0.348,0.34807
2025-09-12T22:30:00+09:00,0.34805,0.34836,0.34741,0.34756
2025-09-12T22:45:00+09:00,0.34758,0.34823,0.3473,0.34809
2025-09-12T23:00:00+09:00,0.34808,0.34871,0.34782,0.34826
2025-09-12T23:15:00+09:00,0.34825,0.34926,0.34821,0.34909
2025-09-12T23:30:00+09:00,0.34915,0.34946,0.34807,0.34807
2025-09-12T23:45:00+09:00,0.34807,0.3489,0.34807,0.34863
2025-09-13T00:00:00+09:00,0.34862,0.34878,0.34815,0.34831
2025-09-13T00:15:00+09:00,0.34828,0.34845,0.34797,0.34816
2025-09-13T00:30:00+09:00,0.34816,0.34838,0.34804,0.34816
2025-09-13T00:45:00+09:00,0.34816,0.34862,0.34816,0.3486
2025-09-13T01:00:00+09:00,0.34859,0.34876,0.34793,0.34876
2025-09-13T01:15:00+09:00,0.34876,0.34939,0.3486,0.34926
2025-09-13T01:30:00+09:00,0.34921,0.34941,0.34903,0.34921
2025-09-13T01:45:00+09:00,0.34923,0.34976,0.3491,0.34976
2025-09-13T02:00:00+09:00,0.34978,0.35039,0.34967,0.34985
2025-09-13T02:15:00+09:00,0.34985,0.35004,0.34944,0.34956
2025-09-13T02:30:00+09:00,0.34952,0.34991,0.34929,0.34979
2025-09-13T02:45:00+09:00,0.3498,0.35033,0.34951,0.34982
2025-09-13T03:00:00+09:00,0.34979,0.34981,0.34946,0.34974
2025-09-13T03:15:00+09:00,0.34972,0.35008,0.34957,0.34997
2025-09-13T03:30:00+09:00,0.35008,0.35012,0.34966,0.34967
2025-09-13T03:45:00+09:00,0.34967,0.35013,0.34963,0.35013
2025-09-13T04:00:00+09:00,0.35011,0.35023,0.34972,0.3502
2025-09-13T04:15:00+09:00,0.3502,0.35034,0.34978,0.35033
2025-09-13T04:30:00+09:00,0.35033,0.35077,0.35021,0.35036
2025-09-13T04:45:00+09:00,0.35035,0.35099,0.35027,0.35099
2025-09-13T05:00:00+09:00,0.351,0.3522,0.35038,0.35064
2025-09-13T05:15:00+09:00,0.35065,0.35079,0.35019,0.35026
2025-09-13T05:30:00+09:00,0.35028,0.35079,0.35028,0.35069
2025-09-13T05:45:00+09:00,0.35073,0.35114,0.35058,0.35095
2025-09-13T06:00:00+09:00,0.35096,0.35111,0.3508,0.3511
2025-09-13T06:15:00+09:00,0.35111,0.35115,0.35086,0.35094
2025-09-13T06:30:00+09:00,0.35091,0.35092,0.35033,0.35054
2025-09-13T06:45:00+09:00,0.35053,0.35055,0.35033,0.35033
2025-09-13T07:00:00+09:00,0.3504,0.35131,0.3504,0.35129
2025-09-13T07:15:00+09:00,0.3513,0.35217,0.35125,0.35211
2025-09-13T07:30:00+09:00,0.35216,0.35275,0.35182,0.35186
2025-09-13T07:45:00+09:00,0.35189,0.35228,0.35174,0.35188
2025-09-13T08:00:00+09:00,0.35188,0.35196,0.3515,0.35151
2025-09-13T08:15:00+09:00,0.35152,0.35234,0.35152,0.35227
2025-09-13T08:30:00+09:00,0.35225,0.35244,0.35216,0.35237
2025-09-13T08:45:00+09:00,0.35235,0.35269,0.35206,0.35269
2025-09-13T09:00:00+09:00,0.35267,0.35267,0.35198,0.35227
2025-09-13T09:15:00+09:00,0.35226,0.35231,0.35165,0.35183
2025-09-13T09:30:00+09:00,0.35178,0.35236,0.35178,0.35233
2025-09-13T09:45:00+09:00,0.35231,0.35248,0.35219,0.3522
2025-09-13T10:00:00+09:00,0.35221,0.35254,0.35217,0.35222
2025-09-13T10:15:00+09:00,0.3522,0.35255,0.35187,0.35187
2025-09-13T10:30:00+09:00,0.35187,0.35216,0.35187,0.3521
2025-09-13T10:45:00+09:00,0.35208,0.35213,0.35174,0.35174
2025-09-13T11:00:00+09:00,0.35177,0.35222,0.35148,0.35216
2025-09-13T11:15:00+09:00,0.35215,0.35215,0.35188,0.35206
2025-09-13T11:30:00+09:00,0.35207,0.35216,0.35185,0.35209
2025-09-13T11:45:00+09:00,0.35209,0.35209,0.35142,0.3516
2025-09-13T12:00:00+09:00,0.3516,0.35213,0.35159,0.35199
2025-09-13T12:15:00+09:00,0.35202,0.35277,0.35199,0.35267
2025-09-13T12:30:00+09:00,0.35268,0.35309,0.35261,0.35309
2025-09-13T12:45:00+09:00,0.35302,0.35343,0.35288,0.35343
2025-09-13T13:00:00+09:00,0.35342,0.35345,0.35319,0.35332
2025-09-13T13:15:00+09:00,0.35329,0.35339,0.35314,0.35339
2025-09-13T13:30:00+09:00,0.35338,0.3535,0.35338,0.35346
2025-09-13T13:45:00+09:00,0.35345,0.35379,0.35343,0.35362
2025-09-13T14:00:00+09:00,0.35361,0.35425,0.35297,0.35359
2025-09-13T14:15:00+09:00,0.3536,0.35378,0.35339,0.35362
2025-09-13T14:30:00+09:00,0.35361,0.35471,0.35347,0.35455
2025-09-13T14:45:00+09:00,0.35466,0.35486,0.35428,0.3545
2025-09-13T15:00:00+09:00,0.35452,0.35482,0.35434,0.35447
2025-09-13T15:15:00+09:00,0.35449,0.35449,0.35368,0.35397
2025-09-13T15:30:00+09:00,0.35397,0.35397,0.35361,0.35376
2025-09-13T15:45:00+09:00,0.35374,0.35385,0.35332,0.3534
2025-09-13T16:00:00+09:00,0.35341,0.35343,0.35252,0.35276
2025-09-13T16:15:00+09:00,0.3528,0.35285,0.35258,0.35273
2025-09-13T16:30:00+09:00,0.35273,0.35279,0.35189,0.35199
2025-09-13T16:45:00+09:00,0.35195,0.35221,0.35171,0.35195
2025-09-13T17:00:00+09:00,0.35195,0.35253,0.35193,0.3524
2025-09-13T17:15:00+09:00,0.3524,0.35366,0.35236,0.35314
2025-09-13T17:30:00+09:00,0.35317,0.35323,0.35304,0.35322
2025-09-13T17:45:00+09:00,0.35322,0.35338,0.35275,0.35312
2025-09-13T18:00:00+09:00,0.35312,0.35384,0.35292,0.3538
2025-09-13T18:15:00+09:00,0.35382,0.35383,0.35293,0.35304
2025-09-13T18:30:00+09:00,0.35304,0.35315,0.35286,0.35309
2025-09-13T18:45:00+09:00,0.35308,0.35332,0.3529,0.35324
2025-09-13T19:00:00+09:00,0.35323,0.35348,0.35266,0.35344
2025-09-13T19:15:00+09:00,0.35341,0.35373,0.35339,0.35339
2025-09-13T19:30:00+09:00,0.35338,0.35338,0.35292,0.3533
2025-09-13T19:45:00+09:00,0.35329,0.35336,0.35287,0.35289
2025-09-13T20:00:00+09:00,0.35289,0.35289,0.35238,0.35239
2025-09-13T20:15:00+09:00,0.35239,0.35315,0.35232,0.35285
2025-09-13T20:30:00+09:00,0.35286,0.35295,0.35256,0.35287
2025-09-13T20:45:00+09:00,0.35286,0.35286,0.35264,0.35278
2025-09-13T21:00:00+09:00,0.35278,0.35286,0.35253,0.35273
2025-09-13T21:15:00+09:00,0.35273,0.35282,0.35265,0.35276
2025-09-13T21:30:00+09:00,0.35276,0.35304,0.35273,0.3529
2025-09-13T21:45:00+09:00,0.35292,0.35308,0.35279,0.35308
2025-09-13T22:00:00+09:00,0.35308,0.35326,0.3524,0.35274
2025-09-13T22:15:00+09:00,0.35285,0.35335,0.35267,0.35326
2025-09-13T22:30:00+09:00,0.35327,0.35327,0.35293,0.353
2025-09-13T22:45:00+09:00,0.353,0.353,0.35149,0.35181
2025-09-13T23:00:00+09:00,0.35183,0.35186,0.35071,0.35087
2025-09-13T23:15:00+09:00,0.35084,0.35184,0.35079,0.35162
2025-09-13T23:30:00+09:00,0.35159,0.35161,0.35051,0.3508
2025-09-13T23:45:00+09:00,0.35079,0.35108,0.35058,0.35086
2025-09-14T00:00:00+09:00,0.35088,0.35109,0.35067,0.35109
2025-09-14T00:15:00+09:00,0.35106,0.35125,0.35041,0.35056
2025-09-14T00:30:00+09:00,0.35049,0.35049,0.34965,0.34977
2025-09-14T00:45:00+09:00,0.34978,0.35007,0.34958,0.34997
2025-09-14T01:00:00+09:00,0.34996,0.35012,0.34908,0.3493
2025-09-14T01:15:00+09:00,0.3493,0.34945,0.34892,0.34905
2025-09-14T01:30:00+09:00,0.34908,0.34925,0.34843,0.34878
2025-09-14T01:45:00+09:00,0.34879,0.34882,0.34739,0.34842
2025-09-14T02:00:00+09:00,0.34842,0.34857,0.34771,0.34771
2025-09-14T02:15:00+09:00,0.34772,0.34871,0.34772,0.34868
2025-09-14T02:30:00+09:00,0.34866,0.34908,0.34866,0.34895
2025-09-14T02:45:00+09:00,0.34894,0.34942,0.34883,0.34914
2025-09-14T03:00:00+09:00,0.34921,0.34921,0.34852,0.34897
2025-09-14T03:15:00+09:00,0.34902,0.34928,0.34868,0.34919
2025-09-14T03:30:00+09:00,0.34918,0.34951,0.34887,0.34949
2025-09-14T03:45:00+09:00,0.3495,0.34979,0.34937,0.34966
2025-09-14T04:00:00+09:00,0.34968,0.35001,0.34952,0.34972
2025-09-14T04:15:00+09:00,0.34972,0.34974,0.34944,0.34974
2025-09-14T04:30:00+09:00,0.34974,0.34999,0.3497,0.34994
2025-09-14T04:45:00+09:00,0.34995,0.35012,0.34943,0.34951
2025-09-14T05:00:00+09:00,0.34954,0.35012,0.34939,0.34991
2025-09-14T05:15:00+09:00,0.34991,0.34994,0.34964,0.34977
2025-09-14T05:30:00+09:00,0.34978,0.34986,0.34958,0.34958
2025-09-14T05:45:00+09:00,0.34959,0.34984,0.34952,0.34952
2025-09-14T06:00:00+09:00,0.34947,0.34976,0.34945,0.34969
2025-09-14T06:15:00+09:00,0.34969,0.35,0.34964,0.34982
2025-09-14T06:30:00+09:00,0.3498,0.3498,0.34922,0.3493
2025-09-14T06:45:00+09:00,0.3493,0.34945,0.34924,0.34943
2025-09-14T07:00:00+09:00,0.34945,0.34985,0.34943,0.34977
2025-09-14T07:15:00+09:00,0.34977,0.34987,0.34949,0.34979
2025-09-14T07:30:00+09:00,0.34979,0.34979,0.34945,0.34959
2025-09-14T07:45:00+09:00,0.34958,0.34972,0.34951,0.34972
2025-09-14T08:00:00+09:00,0.34972,0.34977,0.3495,0.34951
2025-09-14T08:15:00+09:00,0.34952,0.34965,0.34937,0.34937
2025-09-14T08:30:00+09:00,0.34937,0.34978,0.34935,0.34964
2025-09-14T08:45:00+09:00,0.34966,0.34978,0.34964,0.34978
2025-09-14T09:00:00+09:00,0.34979,0.35011,0.34971,0.35011
2025-09-14T09:15:00+09:00,0.3501,0.35025,0.34983,0.35012
2025-09-14T09:30:00+09:00,0.35013,0.35026,0.35001,0.35008
2025-09-14T09:45:00+09:00,0.35009,0.35021,0.34946,0.34988
2025-09-14T10:00:00+09:00,0.34986,0.34988,0.34934,0.34938
2025-09-14T10:15:00+09:00,0.3495,0.34978,0.34941,0.34978
2025-09-14T10:30:00+09:00,0.34978,0.35025,0.34961,0.35023
2025-09-14T10:45:00+09:00,0.35024,0.3507,0.35015,0.35061
2025-09-14T11:00:00+09:00,0.35061,0.35124,0.3504,0.35115
2025-09-14T11:15:00+09:00,0.35119,0.3512,0.35092,0.35109
2025-09-14T11:30:00+09:00,0.35109,0.35126,0.35056,0.35081
2025-09-14T11:45:00+09:00,0.3508,0.35108,0.3507,0.35078
2025-09-14T12:00:00+09:00,0.35078,0.35107,0.35064,0.35096
2025-09-14T12:15:00+09:00,0.35098,0.35126,0.35076,0.35087
2025-09-14T12:30:00+09:00,0.35085,0.35127,0.35081,0.35092
2025-09-14T12:45:00+09:00,0.3509,0.35109,0.35029,0.35047
2025-09-14T13:00:00+09:00,0.35045,0.35063,0.35032,0.35036
2025-09-14T13:15:00+09:00,0.35035,0.3505,0.34949,0.35047
2025-09-14T13:30:00+09:00,0.35049,0.35103,0.35048,0.35098
2025-09-14T13:45:00+09:00,0.35097,0.351,0.35066,0.35083
2025-09-14T14:00:00+09:00,0.35083,0.35125,0.35082,0.35095
2025-09-14T14:15:00+09:00,0.35095,0.35131,0.35095,0.3512
2025-09-14T14:30:00+09:00,0.3512,0.35176,0.3512,0.35176
2025-09-14T14:45:00+09:00,0.35175,0.35193,0.35162,0.35188
2025-09-14T15:00:00+09:00,0.35189,0.35198,0.35129,0.35132
2025-09-14T15:15:00+09:00,0.35137,0.35158,0.35083,0.35111
2025-09-14T15:30:00+09:00,0.35107,0.35107,0.3506,0.35064
2025-09-14T15:45:00+09:00,0.35063,0.35076,0.35024,0.35076
2025-09-14T16:00:00+09:00,0.35076,0.35078,0.3503,0.35059
2025-09-14T16:15:00+09:00,0.35059,0.35066,0.35021,0.35056
2025-09-14T16:30:00+09:00,0.35056,0.35057,0.35032,0.35049
2025-09-14T16:45:00+09:00,0.35049,0.35049,0.34981,0.35006
2025-09-14T17:00:00+09:00,0.35007,0.35009,0.34952,0.34991
2025-09-14T17:15:00+09:00,0.34989,0.35026,0.34965,0.34998
2025-09-14T17:30:00+09:00,0.34995,0.35036,0.34995,0.35009
2025-09-14T17:45:00+09:00,0.35008,0.3502,0.34968,0.3497
2025-09-14T18:00:00+09:00,0.3497,0.34982,0.34937,0.34979
2025-09-14T18:15:00+09:00,0.3498,0.3502,0.34968,0.3501
2025-09-14T18:30:00+09:00,0.3501,0.35023,0.34987,0.35007
2025-09-14T18:45:00+09:00,0.35009,0.35025,0.35002,0.3502
2025-09-14T19:00:00+09:00,0.35019,0.3505,0.3501,0.3501
2025-09-14T19:15:00+09:00,0.3501,0.35033,0.35001,0.35001
2025-09-14T19:30:00+09:00,0.35006,0.35031,0.35003,0.35022
2025-09-14T19:45:00+09:00,0.35022,0.3507,0.35017,0.35053
2025-09-14T20:00:00+09:00,0.35055,0.35094,0.35033,0.35041
2025-09-14T20:15:00+09:00,0.35038,0.35041,0.34924,0.34925
2025-09-14T20:30:00+09:00,0.34927,0.34937,0.34867,0.3487
2025-09-14T20:45:00+09:00,0.34869,0.34902,0.34838,0.34862
2025-09-14T21:00:00+09:00,0.34866,0.34908,0.34853,0.34874
2025-09-14T21:15:00+09:00,0.34876,0.34927,0.34871,0.34926
2025-09-14T21:30:00+09:00,0.34926,0.34934,0.34846,0.34861
2025-09-14T21:45:00+09:00,0.34861,0.34898,0.34826,0.34882
2025-09-14T22:00:00+09:00,0.34881,0.34927,0.34852,0.34927
2025-09-14T22:15:00+09:00,0.34926,0.34927,0.34847,0.34861
2025-09-14T22:30:00+09:00,0.34864,0.3488,0.34841,0.34879
2025-09-14T22:45:00+09:00,0.34879,0.34885,0.34797,0.3482
2025-09-14T23:00:00+09:00,0.34822,0.34913,0.34814,0.34884
2025-09-14T23:15:00+09:00,0.34886,0.34888,0.34752,0.34817
2025-09-14T23:30:00+09:00,0.34816,0.34834,0.34692,0.34706
2025-09-14T23:45:00+09:00,0.3471,0.34765,0.34687,0.34757
2025-09-15T00:00:00+09:00,0.34752,0.34758,0.3464,0.34657
2025-09-15T00:15:00+09:00,0.34657,0.3476,0.34657,0.34718
2025-09-15T00:30:00+09:00,0.34717,0.34761,0.34692,0.3471
2025-09-15T00:45:00+09:00,0.34712,0.3473,0.347,0.3472
2025-09-15T01:00:00+09:00,0.34718,0.34801,0.34706,0.34756
2025-09-15T01:15:00+09:00,0.34756,0.34828,0.34718,0.34826
2025-09-15T01:30:00+09:00,0.34828,0.34833,0.34794,0.34794
2025-09-15T01:45:00+09:00,0.34799,0.34805,0.34769,0.34783
2025-09-15T02:00:00+09:00,0.34781,0.34804,0.34757,0.34803
2025-09-15T02:15:00+09:00,0.34806,0.34824,0.34802,0.34822
2025-09-15T02:30:00+09:00,0.34823,0.34839,0.34816,0.34835
2025-09-15T02:45:00+09:00,0.34838,0.34848,0.34817,0.34828
2025-09-15T03:00:00+09:00,0.34828,0.34828,0.34802,0.34815
2025-09-15T03:15:00+09:00,0.34813,0.34813,0.34765,0.34777
2025-09-15T03:30:00+09:00,0.34782,0.34805,0.34782,0.34805
2025-09-15T03:45:00+09:00,0.34806,0.34811,0.34768,0.34782
2025-09-15T04:00:00+09:00,0.34783,0.34807,0.34752,0.34794
2025-09-15T04:15:00+09:00,0.34795,0.34837,0.34792,0.34831
2025-09-15T04:30:00+09:00,0.34826,0.34836,0.34813,0.34822
2025-09-15T04:45:00+09:00,0.34822,0.34834,0.3478,0.34815
2025-09-15T05:00:00+09:00,0.34817,0.34836,0.34805,0.34832
2025-09-15T05:15:00+09:00,0.34831,0.34832,0.34794,0.34797
2025-09-15T05:30:00+09:00,0.34796,0.34844,0.34775,0.34844
2025-09-15T05:45:00+09:00,0.34841,0.34843,0.34805,0.34822
2025-09-15T06:00:00+09:00,0.34814,0.34825,0.34765,0.34811
2025-09-15T06:15:00+09:00,0.34813,0.34888,0.34813,0.34881
2025-09-15T06:30:00+09:00,0.34882,0.3492,0.34876,0.3492
2025-09-15T06:45:00+09:00,0.34922,0.34945,0.34904,0.34916
2025-09-15T07:00:00+09:00,0.34921,0.34927,0.34863,0.3488
2025-09-15T07:15:00+09:00,0.34877,0.34886,0.34855,0.34884
2025-09-15T07:30:00+09:00,0.34883,0.34933,0.34883,0.34923
2025-09-15T07:45:00+09:00,0.34923,0.34931,0.34903,0.34903
2025-09-15T08:00:00+09:00,0.34905,0.34918,0.34857,0.34857
2025-09-15T08:15:00+09:00,0.34857,0.34879,0.34842,0.34851
2025-09-15T08:30:00+09:00,0.34849,0.34849,0.34819,0.34828
2025-09-15T08:45:00+09:00,0.3483,0.34861,0.34813,0.34848
2025-09-15T09:00:00+09:00,0.34848,0.34909,0.34835,0.34887
2025-09-15T09:15:00+09:00,0.34882,0.34934,0.34839,0.34934
2025-09-15T09:30:00+09:00,0.34933,0.34937,0.34896,0.34896
2025-09-15T09:45:00+09:00,0.349,0.34912,0.34886,0.34895
2025-09-15T10:00:00+09:00,0.34895,0.34897,0.348,0.34804
2025-09-15T10:15:00+09:00,0.34801,0.34886,0.34778,0.34885
2025-09-15T10:30:00+09:00,0.34886,0.35017,0.34886,0.35014
2025-09-15T10:45:00+09:00,0.35018,0.35048,0.34913,0.34947
2025-09-15T11:00:00+09:00,0.34948,0.35013,0.34947,0.35001
2025-09-15T11:15:00+09:00,0.35003,0.35006,0.34959,0.34967
2025-09-15T11:30:00+09:00,0.34965,0.35018,0.34933,0.35005
2025-09-15T11:45:00+09:00,0.35004,0.35029,0.34993,0.35011
2025-09-15T12:00:00+09:00,0.35011,0.35072,0.35011,0.35072
2025-09-15T12:15:00+09:00,0.35072,0.35077,0.35044,0.35056
2025-09-15T12:30:00+09:00,0.35057,0.35065,0.35047,0.35053
2025-09-15T12:45:00+09:00,0.35056,0.35179,0.3505,0.35127
2025-09-15T13:00:00+09:00,0.35129,0.35153,0.35082,0.35095
2025-09-15T13:15:00+09:00,0.35095,0.35166,0.35094,0.35112
2025-09-15T13:30:00+09:00,0.35111,0.35111,0.35072,0.35092
2025-09-15T13:45:00+09:00,0.35094,0.35119,0.3508,0.3509
2025-09-15T14:00:00+09:00,0.35091,0.35121,0.35091,0.35119
2025-09-15T14:15:00+09:00,0.35114,0.3513,0.35098,0.35121
2025-09-15T14:30:00+09:00,0.35118,0.35139,0.35107,0.35112
2025-09-15T14:45:00+09:00,0.3511,0.35131,0.35102,0.35128
2025-09-15T15:00:00+09:00,0.3513,0.35146,0.35107,0.35129
2025-09-15T15:15:00+09:00,0.35128,0.35142,0.3508,0.35084
2025-09-15T15:30:00+09:00,0.35083,0.35099,0.35001,0.35036
2025-09-15T15:45:00+09:00,0.35039,0.35039,0.3496,0.35021
2025-09-15T16:00:00+09:00,0.3502,0.35068,0.35013,0.35067
2025-09-15T16:15:00+09:00,0.35068,0.35088,0.35012,0.35014
2025-09-15T16:30:00+09:00,0.35014,0.35014,0.34839,0.34876
2025-09-15T16:45:00+09:00,0.34876,0.34909,0.34852,0.34881
2025-09-15T17:00:00+09:00,0.34881,0.34953,0.34759,0.34845
2025-09-15T17:15:00+09:00,0.34842,0.34868,0.34787,0.34812
2025-09-15T17:30:00+09:00,0.34813,0.34828,0.34731,0.34754
2025-09-15T17:45:00+09:00,0.34752,0.34766,0.34569,0.34574
2025-09-15T18:00:00+09:00,0.34574,0.34681,0.34537,0.34606
2025-09-15T18:15:00+09:00,0.34605,0.34699,0.34588,0.3469
2025-09-15T18:30:00+09:00,0.34689,0.34708,0.34653,0.34668
2025-09-15T18:45:00+09:00,0.34667,0.34674,0.34624,0.34658
2025-09-15T19:00:00+09:00,0.34653,0.34653,0.34545,0.34557
2025-09-15T19:15:00+09:00,0.34552,0.3458,0.34527,0.34536
2025-09-15T19:30:00+09:00,0.34538,0.34547,0.34515,0.34543
2025-09-15T19:45:00+09:00,0.34544,0.34574,0.34522,0.34534
2025-09-15T20:00:00+09:00,0.34534,0.34565,0.34506,0.34558
2025-09-15T20:15:00+09:00,0.3456,0.3456,0.34514,0.34548
2025-09-15T20:30:00+09:00,0.34549,0.34593,0.34542,0.34573
2025-09-15T20:45:00+09:00,0.34568,0.34577,0.34528,0.34557
2025-09-15T21:00:00+09:00,0.34552,0.3457,0.34514,0.34565
2025-09-15T21:15:00+09:00,0.34566,0.34621,0.345,0.345
2025-09-15T21:30:00+09:00,0.345,0.3453,0.34476,0.34522
2025-09-15T21:45:00+09:00,0.34522,0.34523,0.34451,0.34462
2025-09-15T22:00:00+09:00,0.34461,0.34509,0.34412,0.34497
2025-09-15T22:15:00+09:00,0.34497,0.34504,0.34454,0.34479
2025-09-15T22:30:00+09:00,0.3448,0.34503,0.34308,0.34322
2025-09-15T22:45:00+09:00,0.34329,0.34433,0.3432,0.34388
2025-09-15T23:00:00+09:00,0.34388,0.34395,0.34322,0.34374
2025-09-15T23:15:00+09:00,0.34372,0.34423,0.34334,0.34421
2025-09-15T23:30:00+09:00,0.3442,0.34422,0.34358,0.34422
2025-09-15T23:45:00+09:00,0.34419,0.34444,0.34374,0.34381
2025-09-16T00:00:00+09:00,0.34381,0.34431,0.3438,0.34397
2025-09-16T00:15:00+09:00,0.34397,0.34404,0.34335,0.34383
2025-09-16T00:30:00+09:00,0.34384,0.34387,0.3431,0.34327
2025-09-16T00:45:00+09:00,0.34326,0.34414,0.3429,0.34356
2025-09-16T01:00:00+09:00,0.34351,0.34351,0.34206,0.3429
2025-09-16T01:15:00+09:00,0.3429,0.343,0.34216,0.3424
2025-09-16T01:30:00+09:00,0.34239,0.3431,0.3422,0.3431
2025-09-16T01:45:00+09:00,0.3431,0.34326,0.34244,0.34273
2025-09-16T02:00:00+09:00,0.3427,0.34311,0.34264,0.34271
2025-09-16T02:15:00+09:00,0.34272,0.34293,0.34219,0.34238
2025-09-16T02:30:00+09:00,0.34239,0.34313,0.34232,0.34306
2025-09-16T02:45:00+09:00,0.34301,0.34359,0.34284,0.34355
2025-09-16T03:00:00+09:00,0.34355,0.3437,0.34312,0.34317
2025-09-16T03:15:00+09:00,0.34317,0.34327,0.34287,0.34302
2025-09-16T03:30:00+09:00,0.34301,0.34333,0.34297,0.34297
2025-09-16T03:45:00+09:00,0.34296,0.34369,0.34296,0.34354
2025-09-16T04:00:00+09:00,0.34353,0.34404,0.34334,0.34334
2025-09-16T04:15:00+09:00,0.34337,0.34359,0.34313,0.34328
2025-09-16T04:30:00+09:00,0.34328,0.34375,0.34302,0.34344
2025-09-16T04:45:00+09:00,0.34344,0.34374,0.3433,0.34355
2025-09-16T05:00:00+09:00,0.34357,0.34402,0.34355,0.34402
2025-09-16T05:15:00+09:00,0.34399,0.34416,0.34382,0.34399
2025-09-16T05:30:00+09:00,0.34399,0.3445,0.34399,0.34449
2025-09-16T05:45:00+09:00,0.34449,0.34492,0.34441,0.34476
2025-09-16T06:00:00+09:00,0.34476,0.34488,0.34404,0.34428
2025-09-16T06:15:00+09:00,0.3443,0.34468,0.34424,0.34463
2025-09-16T06:30:00+09:00,0.34463,0.34499,0.34444,0.34482
2025-09-16T06:45:00+09:00,0.34482,0.34512,0.34481,0.34496
2025-09-16T07:00:00+09:00,0.34495,0.34539,0.34434,0.34493
2025-09-16T07:15:00+09:00,0.34493,0.34557,0.34481,0.345
2025-09-16T07:30:00+09:00,0.34503,0.34505,0.3444,0.34464
2025-09-16T07:45:00+09:00,0.34455,0.34455,0.34427,0.34431
2025-09-16T08:00:00+09:00,0.34432,0.34457,0.344,0.34452
2025-09-16T08:15:00+09:00,0.34451,0.34507,0.34447,0.34464
2025-09-16T08:30:00+09:00,0.34481,0.34483,0.34454,0.34461
2025-09-16T08:45:00+09:00,0.34461,0.34486,0.34446,0.34482
2025-09-16T09:00:00+09:00,0.34483,0.34483,0.34449,0.34461
2025-09-16T09:15:00+09:00,0.34459,0.3447,0.34438,0.34442
2025-09-16T09:30:00+09:00,0.34444,0.34464,0.34438,0.34462
2025-09-16T09:45:00+09:00,0.34462,0.34472,0.34433,0.34472
2025-09-16T10:00:00+09:00,0.34472,0.34569,0.34472,0.34569
2025-09-16T10:15:00+09:00,0.34568,0.34586,0.3455,0.34565
2025-09-16T10:30:00+09:00,0.34562,0.34568,0.34503,0.34513
2025-09-16T10:45:00+09:00,0.34513,0.34532,0.34483,0.34487
2025-09-16T11:00:00+09:00,0.34487,0.34561,0.34481,0.34528
2025-09-16T11:15:00+09:00,0.3453,0.34534,0.34483,0.34487
2025-09-16T11:30:00+09:00,0.34487,0.34516,0.34486,0.34506
2025-09-16T11:45:00+09:00,0.34503,0.34521,0.34488,0.34508
2025-09-16T12:00:00+09:00,0.34509,0.34512,0.34502,0.34505
2025-09-16T12:15:00+09:00,0.34505,0.3456,0.34502,0.3454
2025-09-16T12:30:00+09:00,0.34543,0.34599,0.34543,0.34567
2025-09-16T12:45:00+09:00,0.34569,0.346,0.34569,0.34589
2025-09-16T13:00:00+09:00,0.3459,0.34637,0.34542,0.34547
2025-09-16T13:15:00+09:00,0.3455,0.34606,0.34508,0.34598
2025-09-16T13:30:00+09:00,0.34599,0.34612,0.34542,0.34565
2025-09-16T13:45:00+09:00,0.34566,0.34635,0.34566,0.3463
2025-09-16T14:00:00+09:00,0.34636,0.34673,0.34612,0.34669
2025-09-16T14:15:00+09:00,0.34668,0.34698,0.34599,0.34664
2025-09-16T14:30:00+09:00,0.34658,0.34681,0.34658,0.34675
2025-09-16T14:45:00+09:00,0.34676,0.34724,0.34662,0.34675
2025-09-16T15:00:00+09:00,0.34679,0.34725,0.34642,0.34692
2025-09-16T15:15:00+09:00,0.34691,0.347,0.3461,0.34611
2025-09-16T15:30:00+09:00,0.34609,0.34609,0.34517,0.34547
2025-09-16T15:45:00+09:00,0.34545,0.34558,0.34516,0.34532
2025-09-16T16:00:00+09:00,0.34532,0.3456,0.34514,0.34535
2025-09-16T16:15:00+09:00,0.34533,0.34604,0.34533,0.34592
2025-09-16T16:30:00+09:00,0.34592,0.34613,0.3458,0.34601
2025-09-16T16:45:00+09:00,0.34601,0.3463,0.34559,0.34564
2025-09-16T17:00:00+09:00,0.34565,0.34617,0.34532,0.34607
2025-09-16T17:15:00+09:00,0.34607,0.34622,0.34558,0.34561
2025-09-16T17:30:00+09:00,0.34565,0.34567,0.34531,0.34544
2025-09-16T17:45:00+09:00,0.34543,0.34576,0.3454,0.34551
2025-09-16T18:00:00+09:00,0.34551,0.34584,0.34549,0.34564
2025-09-16T18:15:00+09:00,0.34564,0.34604,0.34564,0.3457
2025-09-16T18:30:00+09:00,0.3457,0.34579,0.34531,0.34551
2025-09-16T18:45:00+09:00,0.34552,0.3457,0.34529,0.34537
2025-09-16T19:00:00+09:00,0.34537,0.34556,0.34501,0.34554
2025-09-16T19:15:00+09:00,0.34554,0.34568,0.34536,0.34564
2025-09-16T19:30:00+09:00,0.34565,0.34602,0.3455,0.34576
2025-09-16T19:45:00+09:00,0.34576,0.34617,0.34551,0.34551
2025-09-16T20:00:00+09:00,0.34551,0.34575,0.34547,0.34553
2025-09-16T20:15:00+09:00,0.34552,0.34618,0.34548,0.34613
2025-09-16T20:30:00+09:00,0.34613,0.34626,0.34607,0.34615
2025-09-16T20:45:00+09:00,0.34616,0.34624,0.34602,0.3462
2025-09-16T21:00:00+09:00,0.34622,0.34641,0.34606,0.34626
2025-09-16T21:15:00+09:00,0.34625,0.34635,0.34605,0.34624
2025-09-16T21:30:00+09:00,0.34625,0.34641,0.34552,0.34564
2025-09-16T21:45:00+09:00,0.34566,0.34593,0.34548,0.34581
2025-09-16T22:00:00+09:00,0.34585,0.34632,0.34585,0.34605
2025-09-16T22:15:00+09:00,0.34605,0.34686,0.34587,0.34669
2025-09-16T22:30:00+09:00,0.34668,0.34674,0.34539,0.3454
2025-09-16T22:45:00+09:00,0.3454,0.34541,0.34421,0.34522
2025-09-16T23:00:00+09:00,0.34518,0.34522,0.34348,0.34369
2025-09-16T23:15:00+09:00,0.34371,0.344,0.34287,0.34363
2025-09-16T23:30:00+09:00,0.34363,0.34372,0.34324,0.34352
2025-09-16T23:45:00+09:00,0.34349,0.34404,0.34347,0.34349
2025-09-17T00:00:00+09:00,0.34347,0.34347,0.34251,0.34263
2025-09-17T00:15:00+09:00,0.34263,0.34307,0.34262,0.34266
2025-09-17T00:30:00+09:00,0.34267,0.34267,0.33965,0.34035
2025-09-17T00:45:00+09:00,0.34034,0.34102,0.34,0.34102
2025-09-17T01:00:00+09:00,0.341,0.34167,0.34038,0.34158
2025-09-17T01:15:00+09:00,0.3415,0.34173,0.34125,0.34172
2025-09-17T01:30:00+09:00,0.34171,0.3419,0.34115,0.34122
2025-09-17T01:45:00+09:00,0.3412,0.34134,0.34079,0.34128
2025-09-17T02:00:00+09:00,0.34124,0.34229,0.34124,0.34223
2025-09-17T02:15:00+09:00,0.34223,0.34295,0.34223,0.34285
2025-09-17T02:30:00+09:00,0.3429,0.34311,0.3424,0.34287
2025-09-17T02:45:00+09:00,0.34286,0.34297,0.34215,0.34215
2025-09-17T03:00:00+09:00,0.34209,0.34273,0.34207,0.3426
2025-09-17T03:15:00+09:00,0.34262,0.34285,0.34241,0.34257
2025-09-17T03:30:00+09:00,0.34258,0.3426,0.34188,0.34198
2025-09-17T03:45:00+09:00,0.34197,0.34223,0.34188,0.34211
2025-09-17T04:00:00+09:00,0.34211,0.34233,0.34193,0.34233
2025-09-17T04:15:00+09:00,0.34233,0.34264,0.3422,0.34221
2025-09-17T04:30:00+09:00,0.34222,0.34237,0.34187,0.34234
2025-09-17T04:45:00+09:00,0.34239,0.34274,0.34226,0.3423
2025-09-17T05:00:00+09:00,0.3423,0.3423,0.34153,0.34176
2025-09-17T05:15:00+09:00,0.34175,0.34202,0.34168,0.34198
2025-09-17T05:30:00+09:00,0.34198,0.34225,0.34191,0.34198
2025-09-17T05:45:00+09:00,0.34199,0.34228,0.34194,0.34223
2025-09-17T06:00:00+09:00,0.34221,0.34272,0.34221,0.34236
2025-09-17T06:15:00+09:00,0.34235,0.34272,0.34224,0.3427
2025-09-17T06:30:00+09:00,0.34268,0.3429,0.34268,0.34286
2025-09-17T06:45:00+09:00,0.34286,0.34286,0.34251,0.34272
2025-09-17T07:00:00+09:00,0.34272,0.34317,0.3425,0.34311
2025-09-17T07:15:00+09:00,0.34309,0.34317,0.34277,0.34284
2025-09-17T07:30:00+09:00,0.3428,0.34299,0.34233,0.34298
2025-09-17T07:45:00+09:00,0.34298,0.34317,0.34282,0.34283
2025-09-17T08:00:00+09:00,0.34283,0.34286,0.34249,0.34262
2025-09-17T08:15:00+09:00,0.34261,0.34265,0.34207,0.34215
2025-09-17T08:30:00+09:00,0.34212,0.34237,0.34186,0.34195
2025-09-17T08:45:00+09:00,0.34195,0.34253,0.34185,0.34241
2025-09-17T09:00:00+09:00,0.34241,0.34242,0.34177,0.34211
2025-09-17T09:15:00+09:00,0.34211,0.3423,0.34168,0.3421
2025-09-17T09:30:00+09:00,0.3421,0.34272,0.34209,0.34271
2025-09-17T09:45:00+09:00,0.34272,0.34295,0.34244,0.34279
2025-09-17T10:00:00+09:00,0.34275,0.343,0.34274,0.343
2025-09-17T10:15:00+09:00,0.34303,0.3431,0.34268,0.34301
2025-09-17T10:30:00+09:00,0.34304,0.34304,0.34219,0.34241
2025-09-17T10:45:00+09:00,0.34244,0.34247,0.34208,0.34226
2025-09-17T11:00:00+09:00,0.34226,0.34232,0.34202,0.34217
2025-09-17T11:15:00+09:00,0.3423,0.34243,0.34217,0.34236
2025-09-17T11:30:00+09:00,0.34236,0.34341,0.34218,0.3434
2025-09-17T11:45:00+09:00,0.3434,0.34376,0.34287,0.34287
2025-09-17T12:00:00+09:00,0.3429,0.34311,0.34277,0.34284
2025-09-17T12:15:00+09:00,0.34286,0.34294,0.34247,0.34251
2025-09-17T12:30:00+09:00,0.34253,0.34253,0.34145,0.34147
2025-09-17T12:45:00+09:00,0.34145,0.34145,0.34104,0.34127
2025-09-17T13:00:00+09:00,0.34128,0.34134,0.34095,0.341
2025-09-17T13:15:00+09:00,0.34099,0.34102,0.33986,0.34002
2025-09-17T13:30:00+09:00,0.33999,0.34019,0.33978,0.34007
2025-09-17T13:45:00+09:00,0.34009,0.34009,0.33934,0.33978
2025-09-17T14:00:00+09:00,0.33981,0.34022,0.33973,0.34007
2025-09-17T14:15:00+09:00,0.34009,0.34009,0.33943,0.33951
2025-09-17T14:30:00+09:00,0.33951,0.33988,0.33948,0.33984
2025-09-17T14:45:00+09:00,0.33984,0.34079,0.33936,0.34068
2025-09-17T15:00:00+09:00,0.34068,0.34074,0.3401,0.34056
2025-09-17T15:15:00+09:00,0.34055,0.34111,0.34052,0.34106
2025-09-17T15:30:00+09:00,0.34108,0.34156,0.34093,0.34151
2025-09-17T15:45:00+09:00,0.3416,0.342,0.34138,0.34198
2025-09-17T16:00:00+09:00,0.34193,0.34259,0.34165,0.34237
2025-09-17T16:15:00+09:00,0.34236,0.34277,0.34179,0.3419
2025-09-17T16:30:00+09:00,0.34199,0.34223,0.34198,0.34201
2025-09-17T16:45:00+09:00,0.34201,0.34234,0.342,0.34203
2025-09-17T17:00:00+09:00,0.34202,0.34212,0.34123,0.34126
2025-09-17T17:15:00+09:00,0.34124,0.34156,0.34118,0.34137
2025-09-17T17:30:00+09:00,0.34136,0.34158,0.34102,0.34116
2025-09-17T17:45:00+09:00,0.34114,0.34146,0.34114,0.34138
2025-09-17T18:00:00+09:00,0.34137,0.34163,0.34129,0.34161
2025-09-17T18:15:00+09:00,0.34161,0.34163,0.34119,0.34162
2025-09-17T18:30:00+09:00,0.3416,0.3426,0.34133,0.34175
2025-09-17T18:45:00+09:00,0.34174,0.34199,0.34137,0.34165
2025-09-17T19:00:00+09:00,0.34165,0.34181,0.34136,0.34136
2025-09-17T19:15:00+09:00,0.34135,0.34138,0.34103,0.34103
2025-09-17T19:30:00+09:00,0.34107,0.34119,0.34096,0.34114
2025-09-17T19:45:00+09:00,0.34112,0.34156,0.34106,0.3415
2025-09-17T20:00:00+09:00,0.34151,0.34163,0.34132,0.34149
2025-09-17T20:15:00+09:00,0.34149,0.34169,0.34133,0.34148
2025-09-17T20:30:00+09:00,0.34147,0.34148,0.34092,0.34098
2025-09-17T20:45:00+09:00,0.34099,0.34108,0.34078,0.34081
2025-09-17T21:00:00+09:00,0.34081,0.34108,0.34073,0.34102
2025-09-17T21:15:00+09:00,0.34102,0.3415,0.34083,0.3415
2025-09-17T21:30:00+09:00,0.3415,0.3415,0.34091,0.34127
2025-09-17T21:45:00+09:00,0.34126,0.34131,0.341,0.3412
2025-09-17T22:00:00+09:00,0.34118,0.34132,0.3411,0.34132
2025-09-17T22:15:00+09:00,0.3413,0.3415,0.34127,0.34136
2025-09-17T22:30:00+09:00,0.34136,0.34139,0.34041,0.34053
2025-09-17T22:45:00+09:00,0.34055,0.34094,0.34044,0.34044
2025-09-17T23:00:00+09:00,0.34045,0.34093,0.34038,0.34049
2025-09-17T23:15:00+09:00,0.3405,0.34054,0.33974,0.33998
2025-09-17T23:30:00+09:00,0.34005,0.34044,0.33988,0.34014
2025-09-17T23:45:00+09:00,0.34012,0.34017,0.3398,0.34001
2025-09-18T00:00:00+09:00,0.34002,0.34055,0.33985,0.34047
2025-09-18T00:15:00+09:00,0.34047,0.34073,0.34028,0.34042
2025-09-18T00:30:00+09:00,0.34041,0.34063,0.34029,0.34029
2025-09-18T00:45:00+09:00,0.34034,0.34036,0.34007,0.34008
2025-09-18T01:00:00+09:00,0.34008,0.34009,0.33973,0.33986
2025-09-18T01:15:00+09:00,0.33986,0.3402,0.3393,0.34019
2025-09-18T01:30:00+09:00,0.34019,0.34022,0.33982,0.34022
2025-09-18T01:45:00+09:00,0.3402,0.34044,0.34011,0.3402
2025-09-18T02:00:00+09:00,0.34019,0.34044,0.34019,0.34022
2025-09-18T02:15:00+09:00,0.34022,0.34036,0.34006,0.34028
2025-09-18T02:30:00+09:00,0.34023,0.34175,0.34021,0.34103
2025-09-18T02:45:00+09:00,0.34104,0.34186,0.34023,0.34023
2025-09-18T03:00:00+09:00,0.34021,0.34127,0.33956,0.33957
2025-09-18T03:15:00+09:00,0.33955,0.34038,0.33915,0.34038
2025-09-18T03:30:00+09:00,0.34039,0.34051,0.33894,0.33908
2025-09-18T03:45:00+09:00,0.33908,0.33952,0.33861,0.3389
2025-09-18T04:00:00+09:00,0.33892,0.34031,0.33887,0.33946
2025-09-18T04:15:00+09:00,0.3395,0.34057,0.3395,0.34018
2025-09-18T04:30:00+09:00,0.34022,0.34068,0.33999,0.34054
2025-09-18T04:45:00+09:00,0.34063,0.3412,0.34037,0.34084
2025-09-18T05:00:00+09:00,0.3409,0.34205,0.34089,0.34181
2025-09-18T05:15:00+09:00,0.34178,0.34178,0.34075,0.3408
2025-09-18T05:30:00+09:00,0.34079,0.34111,0.34034,0.34047
2025-09-18T05:45:00+09:00,0.34047,0.34092,0.34013,0.34027
2025-09-18T06:00:00+09:00,0.34026,0.34043,0.33958,0.3404
2025-09-18T06:15:00+09:00,0.34039,0.34104,0.34034,0.34097
2025-09-18T06:30:00+09:00,0.34098,0.34107,0.34061,0.34076
2025-09-18T06:45:00+09:00,0.34077,0.34137,0.34063,0.34115
2025-09-18T07:00:00+09:00,0.34115,0.342,0.34098,0.34186
2025-09-18T07:15:00+09:00,0.34181,0.34298,0.34159,0.34298
2025-09-18T07:30:00+09:00,0.34286,0.34324,0.34278,0.34319
2025-09-18T07:45:00+09:00,0.34318,0.34433,0.34283,0.34372
2025-09-18T08:00:00+09:00,0.34368,0.34487,0.34363,0.34382
2025-09-18T08:15:00+09:00,0.34383,0.34398,0.34354,0.3436
2025-09-18T08:30:00+09:00,0.34362,0.34414,0.34314,0.34315
2025-09-18T08:45:00+09:00,0.34319,0.34341,0.34305,0.34318
2025-09-18T09:00:00+09:00,0.34319,0.34366,0.34292,0.34346
2025-09-18T09:15:00+09:00,0.34347,0.34359,0.34311,0.34316
2025-09-18T09:30:00+09:00,0.34327,0.3436,0.343,0.3436
2025-09-18T09:45:00+09:00,0.3436,0.34369,0.34254,0.34299
2025-09-18T10:00:00+09:00,0.34298,0.34367,0.34265,0.34344
2025-09-18T10:15:00+09:00,0.34345,0.34403,0.34331,0.3436
2025-09-18T10:30:00+09:00,0.34355,0.34447,0.34355,0.34442
2025-09-18T10:45:00+09:00,0.34441,0.34441,0.34349,0.34353
2025-09-18T11:00:00+09:00,0.34353,0.34369,0.34339,0.34351
2025-09-18T11:15:00+09:00,0.34358,0.34359,0.34305,0.34337
2025-09-18T11:30:00+09:00,0.34336,0.34382,0.34336,0.34355
2025-09-18T11:45:00+09:00,0.34354,0.34425,0.34354,0.34422
2025-09-18T12:00:00+09:00,0.34425,0.34519,0.34415,0.34508
2025-09-18T12:15:00+09:00,0.34508,0.34515,0.34445,0.34459
2025-09-18T12:30:00+09:00,0.34459,0.34484,0.34443,0.34454
2025-09-18T12:45:00+09:00,0.34453,0.34463,0.34434,0.3444
2025-09-18T13:00:00+09:00,0.34441,0.34473,0.34436,0.34465
2025-09-18T13:15:00+09:00,0.34461,0.34474,0.34404,0.34413
2025-09-18T13:30:00+09:00,0.34411,0.34426,0.34382,0.34421
2025-09-18T13:45:00+09:00,0.34421,0.34431,0.34406,0.34426
2025-09-18T14:00:00+09:00,0.34426,0.34492,0.34412,0.34462
2025-09-18T14:15:00+09:00,0.34462,0.34484,0.34452,0.34457
2025-09-18T14:30:00+09:00,0.34459,0.3448,0.34437,0.34473
2025-09-18T14:45:00+09:00,0.34475,0.34491,0.34466,0.3449
2025-09-18T15:00:00+09:00,0.34488,0.34523,0.34437,0.34442
2025-09-18T15:15:00+09:00,0.34438,0.34511,0.344,0.34401
2025-09-18T15:30:00+09:00,0.344,0.34436,0.34368,0.34399
2025-09-18T15:45:00+09:00,0.344,0.34411,0.34343,0.34363
2025-09-18T16:00:00+09:00,0.34362,0.34379,0.34341,0.34353
2025-09-18T16:15:00+09:00,0.34353,0.3437,0.34332,0.34363
2025-09-18T16:30:00+09:00,0.34363,0.34413,0.34348,0.3441
2025-09-18T16:45:00+09:00,0.34409,0.34437,0.34401,0.34428
2025-09-18T17:00:00+09:00,0.34428,0.34459,0.34384,0.34432
2025-09-18T17:15:00+09:00,0.34432,0.34487,0.34415,0.34482
2025-09-18T17:30:00+09:00,0.34482,0.34564,0.34476,0.34514
2025-09-18T17:45:00+09:00,0.34511,0.34542,0.34499,0.34524
2025-09-18T18:00:00+09:00,0.34523,0.34526,0.34487,0.34499
2025-09-18T18:15:00+09:00,0.34499,0.34547,0.3448,0.3454
2025-09-18T18:30:00+09:00,0.34539,0.34551,0.34494,0.34513
2025-09-18T18:45:00+09:00,0.34514,0.34519,0.34497,0.34506
2025-09-18T19:00:00+09:00,0.34506,0.34513,0.34449,0.34477
2025-09-18T19:15:00+09:00,0.34489,0.34534,0.34473,0.34496
2025-09-18T19:30:00+09:00,0.34496,0.34643,0.34494,0.34631
2025-09-18T19:45:00+09:00,0.34636,0.34685,0.34601,0.34616
2025-09-18T20:00:00+09:00,0.34616,0.34686,0.34563,0.34639
2025-09-18T20:15:00+09:00,0.34643,0.34668,0.34621,0.34639
2025-09-18T20:30:00+09:00,0.34643,0.34653,0.34619,0.3464
2025-09-18T20:45:00+09:00,0.34639,0.34666,0.34629,0.34652
2025-09-18T21:00:00+09:00,0.34652,0.34677,0.34581,0.34606
2025-09-18T21:15:00+09:00,0.34608,0.34679,0.34588,0.34678
2025-09-18T21:30:00+09:00,0.34678,0.34678,0.34612,0.34651
2025-09-18T21:45:00+09:00,0.34652,0.34674,0.34633,0.34639
2025-09-18T22:00:00+09:00,0.34637,0.3465,0.34592,0.34638
2025-09-18T22:15:00+09:00,0.34638,0.34829,0.34612,0.3475
2025-09-18T22:30:00+09:00,0.34757,0.34811,0.34673,0.34684
2025-09-18T22:45:00+09:00,0.34678,0.34741,0.34639,0.34717
2025-09-18T23:00:00+09:00,0.34716,0.34864,0.34716,0.348
2025-09-18T23:15:00+09:00,0.34798,0.3486,0.34785,0.34809
2025-09-18T23:30:00+09:00,0.34809,0.34823,0.3475,0.34784
2025-09-18T23:45:00+09:00,0.34784,0.348,0.34754,0.34785
2025-09-19T00:00:00+09:00,0.34787,0.3482,0.34745,0.34753
2025-09-19T00:15:00+09:00,0.34751,0.34792,0.34736,0.34768
2025-09-19T00:30:00+09:00,0.34767,0.3479,0.34758,0.34778
2025-09-19T00:45:00+09:00,0.34783,0.34793,0.34734,0.34754
2025-09-19T01:00:00+09:00,0.34759,0.34798,0.34745,0.34771
2025-09-19T01:15:00+09:00,0.34771,0.34956,0.34762,0.34916
2025-09-19T01:30:00+09:00,0.34921,0.35036,0.34907,0.35004
2025-09-19T01:45:00+09:00,0.35005,0.35056,0.34986,0.35019
2025-09-19T02:00:00+09:00,0.35017,0.35139,0.34967,0.3506
2025-09-19T02:15:00+09:00,0.35065,0.35089,0.35028,0.35028
2025-09-19T02:30:00+09:00,0.35029,0.35045,0.35003,0.35019
2025-09-19T02:45:00+09:00,0.35019,0.35099,0.35014,0.35095
2025-09-19T03:00:00+09:00,0.35096,0.35144,0.35083,0.35139
2025-09-19T03:15:00+09:00,0.3514,0.35213,0.35126,0.35133
2025-09-19T03:30:00+09:00,0.35132,0.35138,0.35073,0.35075
2025-09-19T03:45:00+09:00,0.35073,0.35167,0.35073,0.35166
2025-09-19T04:00:00+09:00,0.35166,0.35233,0.35147,0.35169
2025-09-19T04:15:00+09:00,0.35167,0.35167,0.35082,0.35089
2025-09-19T04:30:00+09:00,0.35094,0.35107,0.35039,0.35049
2025-09-19T04:45:00+09:00,0.35044,0.35069,0.35019,0.3503
2025-09-19T05:00:00+09:00,0.35033,0.35149,0.35033,0.35126
2025-09-19T05:15:00+09:00,0.35126,0.35139,0.35093,0.35139
2025-09-19T05:30:00+09:00,0.35139,0.35139,0.35106,0.35133
2025-09-19T05:45:00+09:00,0.35133,0.35217,0.35133,0.35175
2025-09-19T06:00:00+09:00,0.35172,0.35188,0.35102,0.35106
2025-09-19T06:15:00+09:00,0.35107,0.35126,0.35098,0.3512
2025-09-19T06:30:00+09:00,0.3512,0.35124,0.3505,0.35056
2025-09-19T06:45:00+09:00,0.35057,0.35075,0.35048,0.35058
2025-09-19T07:00:00+09:00,0.35059,0.35061,0.35013,0.35023
2025-09-19T07:15:00+09:00,0.35022,0.35081,0.3502,0.35056
2025-09-19T07:30:00+09:00,0.35059,0.3514,0.35059,0.35106
2025-09-19T07:45:00+09:00,0.35106,0.3511,0.35068,0.35073
2025-09-19T08:00:00+09:00,0.35073,0.35073,0.34978,0.35035
2025-09-19T08:15:00+09:00,0.35029,0.35032,0.3495,0.34998
2025-09-19T08:30:00+09:00,0.34997,0.35037,0.34988,0.35025
2025-09-19T08:45:00+09:00,0.35025,0.35063,0.35025,0.35055
2025-09-19T09:00:00+09:00,0.35057,0.35125,0.35057,0.35109
2025-09-19T09:15:00+09:00,0.3511,0.35131,0.35071,0.35116
2025-09-19T09:30:00+09:00,0.35121,0.35177,0.35106,0.35143
2025-09-19T09:45:00+09:00,0.35144,0.35204,0.35082,0.35199
2025-09-19T10:00:00+09:00,0.352,0.35274,0.35161,0.35175
2025-09-19T10:15:00+09:00,0.35172,0.35218,0.35159,0.35175
2025-09-19T10:30:00+09:00,0.35175,0.35181,0.35143,0.35143
2025-09-19T10:45:00+09:00,0.35142,0.35185,0.3512,0.35183
2025-09-19T11:00:00+09:00,0.35181,0.35218,0.35142,0.35145
2025-09-19T11:15:00+09:00,0.35143,0.35156,0.35072,0.35075
2025-09-19T11:30:00+09:00,0.35076,0.35096,0.35028,0.35074
2025-09-19T11:45:00+09:00,0.35074,0.35103,0.35016,0.35018
2025-09-19T12:00:00+09:00,0.35018,0.35038,0.3498,0.34988
2025-09-19T12:15:00+09:00,0.34988,0.35012,0.349,0.34909
2025-09-19T12:30:00+09:00,0.34914,0.34922,0.34804,0.34813
2025-09-19T12:45:00+09:00,0.34804,0.34876,0.34773,0.34791
2025-09-19T13:00:00+09:00,0.3479,0.3479,0.34661,0.34674
2025-09-19T13:15:00+09:00,0.34671,0.34724,0.34663,0.34713
2025-09-19T13:30:00+09:00,0.34712,0.34733,0.34676,0.34717
2025-09-19T13:45:00+09:00,0.34718,0.34762,0.34718,0.34761
2025-09-19T14:00:00+09:00,0.34757,0.34757,0.34689,0.3475
2025-09-19T14:15:00+09:00,0.34748,0.34813,0.34718,0.34724
2025-09-19T14:30:00+09:00,0.34718,0.34754,0.34699,0.34748
2025-09-19T14:45:00+09:00,0.34745,0.34811,0.34744,0.34765
2025-09-19T15:00:00+09:00,0.34763,0.34765,0.34728,0.34737
2025-09-19T15:15:00+09:00,0.34735,0.34765,0.34703,0.3472
2025-09-19T15:30:00+09:00,0.34726,0.34741,0.34646,0.34709
2025-09-19T15:45:00+09:00,0.34701,0.34713,0.34604,0.34605
2025-09-19T16:00:00+09:00,0.34605,0.34644,0.34578,0.34628
2025-09-19T16:15:00+09:00,0.34628,0.34683,0.34628,0.34663
2025-09-19T16:30:00+09:00,0.34666,0.34697,0.34645,0.34693
2025-09-19T16:45:00+09:00,0.34691,0.34708,0.34666,0.34708
2025-09-19T17:00:00+09:00,0.34706,0.34722,0.34702,0.34713
2025-09-19T17:15:00+09:00,0.34713,0.3475,0.34708,0.34737
2025-09-19T17:30:00+09:00,0.34739,0.34739,0.34634,0.34665
2025-09-19T17:45:00+09:00,0.34669,0.34676,0.34647,0.34671
2025-09-19T18:00:00+09:00,0.34672,0.34744,0.34657,0.34741
2025-09-19T18:15:00+09:00,0.34742,0.34789,0.34716,0.34736
2025-09-19T18:30:00+09:00,0.34733,0.34743,0.34671,0.34677
2025-09-19T18:45:00+09:00,0.34676,0.3468,0.34626,0.34656
2025-09-19T19:00:00+09:00,0.34656,0.34701,0.34622,0.34701
2025-09-19T19:15:00+09:00,0.34702,0.34712,0.34648,0.34649
2025-09-19T19:30:00+09:00,0.34646,0.34824,0.34639,0.34727
2025-09-19T19:45:00+09:00,0.34729,0.34729,0.3465,0.34655
2025-09-19T20:00:00+09:00,0.34656,0.34662,0.34598,0.34617
2025-09-19T20:15:00+09:00,0.34622,0.34658,0.34578,0.34578
2025-09-19T20:30:00+09:00,0.34578,0.34606,0.34551,0.34551
2025-09-19T20:45:00+09:00,0.34554,0.34632,0.34552,0.34627
2025-09-19T21:00:00+09:00,0.34627,0.3469,0.3461,0.34645
2025-09-19T21:15:00+09:00,0.34644,0.34661,0.34606,0.34624
2025-09-19T21:30:00+09:00,0.34629,0.3467,0.34617,0.34669
2025-09-19T21:45:00+09:00,0.34665,0.34689,0.34658,0.34678
2025-09-19T22:00:00+09:00,0.34679,0.34826,0.34673,0.34798
2025-09-19T22:15:00+09:00,0.3479,0.34793,0.34703,0.34705
2025-09-19T22:30:00+09:00,0.34706,0.34789,0.34686,0.34757
2025-09-19T22:45:00+09:00,0.34761,0.34776,0.34678,0.34707
2025-09-19T23:00:00+09:00,0.34706,0.34757,0.34702,0.34737
2025-09-19T23:15:00+09:00,0.34737,0.34769,0.34703,0.34734
2025-09-19T23:30:00+09:00,0.34733,0.34847,0.34728,0.34772
2025-09-19T23:45:00+09:00,0.34776,0.348,0.34646,0.34676
2025-09-20T00:00:00+09:00,0.34672,0.34685,0.34466,0.34487
2025-09-20T00:15:00+09:00,0.3449,0.34521,0.34437,0.34521
2025-09-20T00:30:00+09:00,0.34521,0.34554,0.34485,0.34536
2025-09-20T00:45:00+09:00,0.34534,0.34554,0.34476,0.34491
2025-09-20T01:00:00+09:00,0.34493,0.34594,0.34458,0.34558
2025-09-20T01:15:00+09:00,0.34558,0.34566,0.345,0.34538
2025-09-20T01:30:00+09:00,0.34539,0.34572,0.34532,0.34562
2025-09-20T01:45:00+09:00,0.34562,0.34582,0.34534,0.34541
2025-09-20T02:00:00+09:00,0.34542,0.34551,0.345,0.34503
2025-09-20T02:15:00+09:00,0.34511,0.34537,0.34487,0.34519
2025-09-20T02:30:00+09:00,0.34517,0.34517,0.34457,0.34471
2025-09-20T02:45:00+09:00,0.34481,0.34487,0.34444,0.34447
2025-09-20T03:00:00+09:00,0.34455,0.34458,0.34407,0.34438
2025-09-20T03:15:00+09:00,0.34437,0.34458,0.34412,0.3444
2025-09-20T03:30:00+09:00,0.34441,0.34473,0.34424,0.3446
2025-09-20T03:45:00+09:00,0.34464,0.3447,0.34404,0.34429
2025-09-20T04:00:00+09:00,0.34429,0.34515,0.34429,0.34486
2025-09-20T04:15:00+09:00,0.34485,0.34501,0.34432,0.34482
2025-09-20T04:30:00+09:00,0.34482,0.34482,0.34423,0.34429
2025-09-20T04:45:00+09:00,0.34429,0.3445,0.34407,0.34408
2025-09-20T05:00:00+09:00,0.34408,0.34427,0.34403,0.34414
2025-09-20T05:15:00+09:00,0.34413,0.34484,0.34408,0.34483
2025-09-20T05:30:00+09:00,0.34482,0.34488,0.34462,0.34474
2025-09-20T05:45:00+09:00,0.34473,0.34474,0.34432,0.3445
2025-09-20T06:00:00+09:00,0.34451,0.34459,0.34383,0.34407
2025-09-20T06:15:00+09:00,0.34403,0.34444,0.34394,0.34433
2025-09-20T06:30:00+09:00,0.34428,0.34456,0.34425,0.34446
2025-09-20T06:45:00+09:00,0.34444,0.34458,0.34444,0.34453
2025-09-20T07:00:00+09:00,0.34453,0.34495,0.34453,0.34493
2025-09-20T07:15:00+09:00,0.34495,0.34505,0.3443,0.34442
2025-09-20T07:30:00+09:00,0.3444,0.3444,0.34406,0.3441
2025-09-20T07:45:00+09:00,0.34411,0.34461,0.34411,0.34431
2025-09-20T08:00:00+09:00,0.3443,0.3443,0.34365,0.34365
2025-09-20T08:15:00+09:00,0.34365,0.34376,0.34301,0.34308
2025-09-20T08:30:00+09:00,0.34303,0.34356,0.34301,0.34318
2025-09-20T08:45:00+09:00,0.34338,0.34385,0.34338,0.34374
2025-09-20T09:00:00+09:00,0.34376,0.34385,0.34362,0.3438
2025-09-20T09:15:00+09:00,0.34377,0.34394,0.34338,0.3435
2025-09-20T09:30:00+09:00,0.34344,0.3439,0.34339,0.34382
2025-09-20T09:45:00+09:00,0.34382,0.34397,0.34373,0.34392
2025-09-20T10:00:00+09:00,0.34394,0.34397,0.34366,0.34366
2025-09-20T10:15:00+09:00,0.34366,0.34425,0.34355,0.34401
2025-09-20T10:30:00+09:00,0.344,0.34403,0.34351,0.34386
2025-09-20T10:45:00+09:00,0.34386,0.34416,0.34385,0.34391
2025-09-20T11:00:00+09:00,0.34385,0.34386,0.34288,0.34295
2025-09-20T11:15:00+09:00,0.34295,0.34389,0.34277,0.34373
2025-09-20T11:30:00+09:00,0.34373,0.34398,0.34351,0.34397
2025-09-20T11:45:00+09:00,0.34399,0.34481,0.34387,0.34469
2025-09-20T12:00:00+09:00,0.34472,0.34477,0.34443,0.34471
2025-09-20T12:15:00+09:00,0.34472,0.34546,0.34472,0.34517
2025-09-20T12:30:00+09:00,0.34517,0.34521,0.34457,0.34483
2025-09-20T12:45:00+09:00,0.34482,0.34484,0.34454,0.34467
2025-09-20T13:00:00+09:00,0.34467,0.34504,0.34451,0.34504
2025-09-20T13:15:00+09:00,0.34502,0.34558,0.3449,0.34535
2025-09-20T13:30:00+09:00,0.34535,0.346,0.34535,0.34584
2025-09-20T13:45:00+09:00,0.34585,0.34641,0.34564,0.3464
2025-09-20T14:00:00+09:00,0.3464,0.34663,0.34587,0.34654
2025-09-20T14:15:00+09:00,0.34654,0.34705,0.34652,0.34655
2025-09-20T14:30:00+09:00,0.34655,0.34675,0.34615,0.34641
2025-09-20T14:45:00+09:00,0.34641,0.34687,0.34641,0.34685
2025-09-20T15:00:00+09:00,0.34685,0.3471,0.3466,0.34665
2025-09-20T15:15:00+09:00,0.34665,0.34705,0.34658,0.34705
2025-09-20T15:30:00+09:00,0.34705,0.34739,0.3468,0.3469
2025-09-20T15:45:00+09:00,0.34688,0.34732,0.34686,0.34731
2025-09-20T16:00:00+09:00,0.34732,0.3478,0.34702,0.34713
2025-09-20T16:15:00+09:00,0.34709,0.34741,0.34692,0.34726
2025-09-20T16:30:00+09:00,0.34726,0.34773,0.34716,0.34772
2025-09-20T16:45:00+09:00,0.34772,0.34772,0.34727,0.34756
2025-09-20T17:00:00+09:00,0.34758,0.34822,0.34758,0.34797
2025-09-20T17:15:00+09:00,0.34797,0.3481,0.34706,0.34709
2025-09-20T17:30:00+09:00,0.3471,0.34749,0.34707,0.34727
2025-09-20T17:45:00+09:00,0.34725,0.34741,0.34656,0.34689
2025-09-20T18:00:00+09:00,0.34689,0.34738,0.34644,0.3465
2025-09-20T18:15:00+09:00,0.34654,0.34661,0.34586,0.34606
2025-09-20T18:30:00+09:00,0.34602,0.34645,0.34568,0.34643
2025-09-20T18:45:00+09:00,0.34643,0.34692,0.34641,0.3468
2025-09-20T19:00:00+09:00,0.34681,0.34695,0.34637,0.34678
2025-09-20T19:15:00+09:00,0.34678,0.34746,0.34678,0.34735
2025-09-20T19:30:00+09:00,0.34724,0.34743,0.347,0.34723
2025-09-20T19:45:00+09:00,0.34719,0.34748,0.34707,0.34738
2025-09-20T20:00:00+09:00,0.34738,0.3478,0.34737,0.34761
2025-09-20T20:15:00+09:00,0.34757,0.34772,0.34708,0.34726
2025-09-20T20:30:00+09:00,0.34726,0.34726,0.34689,0.3472
2025-09-20T20:45:00+09:00,0.3472,0.34798,0.34714,0.34796
2025-09-20T21:00:00+09:00,0.34797,0.34807,0.34759,0.3477
2025-09-20T21:15:00+09:00,0.34775,0.34784,0.34741,0.34775
2025-09-20T21:30:00+09:00,0.34773,0.34788,0.34743,0.34745
2025-09-20T21:45:00+09:00,0.34743,0.34743,0.34709,0.3472
2025-09-20T22:00:00+09:00,0.34719,0.3473,0.34636,0.3464
2025-09-20T22:15:00+09:00,0.3464,0.34717,0.34637,0.34681
2025-09-20T22:30:00+09:00,0.34679,0.34704,0.34654,0.34686
2025-09-20T22:45:00+09:00,0.34686,0.34722,0.34672,0.3471
2025-09-20T23:00:00+09:00,0.34709,0.34709,0.3467,0.347
2025-09-20T23:15:00+09:00,0.34702,0.34702,0.34668,0.34675
2025-09-20T23:30:00+09:00,0.3467,0.34686,0.34665,0.34686
2025-09-20T23:45:00+09:00,0.34683,0.34762,0.34683,0.34753
2025-09-21T00:00:00+09:00,0.34755,0.34778,0.34717,0.34724
2025-09-21T00:15:00+09:00,0.3472,0.34809,0.34715,0.34796
2025-09-21T00:30:00+09:00,0.34796,0.34808,0.34723,0.3476
2025-09-21T00:45:00+09:00,0.34758,0.34765,0.34725,0.34764
2025-09-21T01:00:00+09:00,0.34764,0.34775,0.34746,0.34755
2025-09-21T01:15:00+09:00,0.34756,0.3476,0.34694,0.34726
2025-09-21T01:30:00+09:00,0.34725,0.34828,0.34705,0.348
2025-09-21T01:45:00+09:00,0.34801,0.34822,0.34778,0.34791
2025-09-21T02:00:00+09:00,0.34786,0.34799,0.34743,0.34743
2025-09-21T02:15:00+09:00,0.34745,0.34778,0.34707,0.34772
2025-09-21T02:30:00+09:00,0.34771,0.34775,0.34731,0.34734
2025-09-21T02:45:00+09:00,0.34734,0.34761,0.34726,0.34758
2025-09-21T03:00:00+09:00,0.34757,0.34763,0.347,0.34724
2025-09-21T03:15:00+09:00,0.34725,0.34782,0.34714,0.3478
2025-09-21T03:30:00+09:00,0.3478,0.34782,0.34712,0.3475
2025-09-21T03:45:00+09:00,0.3475,0.3475,0.34709,0.34722
2025-09-21T04:00:00+09:00,0.34723,0.34758,0.3471,0.34758
2025-09-21T04:15:00+09:00,0.34757,0.34777,0.34754,0.34762
2025-09-21T04:30:00+09:00,0.34763,0.34778,0.34714,0.34724
2025-09-21T04:45:00+09:00,0.34724,0.34735,0.34701,0.34723
2025-09-21T05:00:00+09:00,0.3472,0.34738,0.34708,0.34721
2025-09-21T05:15:00+09:00,0.34719,0.34738,0.347,0.34709
2025-09-21T05:30:00+09:00,0.3471,0.34723,0.34694,0.347
2025-09-21T05:45:00+09:00,0.34702,0.34712,0.34691,0.34702
2025-09-21T06:00:00+09:00,0.34701,0.34731,0.34698,0.34731
2025-09-21T06:15:00+09:00,0.34731,0.34732,0.34702,0.34724
2025-09-21T06:30:00+09:00,0.34725,0.34746,0.3471,0.34727
2025-09-21T06:45:00+09:00,0.34729,0.34733,0.3471,0.34733
2025-09-21T07:00:00+09:00,0.34732,0.34732,0.34691,0.34708
2025-09-21T07:15:00+09:00,0.34707,0.34709,0.34666,0.34672
2025-09-21T07:30:00+09:00,0.34672,0.34689,0.34652,0.34677
2025-09-21T07:45:00+09:00,0.34679,0.34712,0.34679,0.34707
2025-09-21T08:00:00+09:00,0.34707,0.3471,0.34656,0.34658
2025-09-21T08:15:00+09:00,0.34658,0.34671,0.34656,0.34662
2025-09-21T08:30:00+09:00,0.34661,0.34682,0.34648,0.34654
2025-09-21T08:45:00+09:00,0.3465,0.34673,0.34648,0.34671
2025-09-21T09:00:00+09:00,0.34666,0.34683,0.34656,0.34675
2025-09-21T09:15:00+09:00,0.34673,0.34673,0.34629,0.34647
2025-09-21T09:30:00+09:00,0.34647,0.34658,0.34617,0.34653
2025-09-21T09:45:00+09:00,0.34653,0.34685,0.34647,0.34684
2025-09-21T10:00:00+09:00,0.34685,0.34685,0.34622,0.34623
2025-09-21T10:15:00+09:00,0.34623,0.3467,0.34621,0.34641
2025-09-21T10:30:00+09:00,0.34641,0.34644,0.34604,0.34619
2025-09-21T10:45:00+09:00,0.34619,0.34643,0.346,0.34634
2025-09-21T11:00:00+09:00,0.34634,0.34672,0.34628,0.34671
2025-09-21T11:15:00+09:00,0.3467,0.3467,0.34552,0.34568
2025-09-21T11:30:00+09:00,0.34566,0.34587,0.34504,0.34507
2025-09-21T11:45:00+09:00,0.34503,0.34567,0.34482,0.34566
2025-09-21T12:00:00+09:00,0.34566,0.3457,0.34515,0.34517
2025-09-21T12:15:00+09:00,0.34515,0.34541,0.34491,0.34538
2025-09-21T12:30:00+09:00,0.34539,0.34541,0.34506,0.34534
2025-09-21T12:45:00+09:00,0.34536,0.34543,0.34517,0.34524
2025-09-21T13:00:00+09:00,0.34524,0.34525,0.34488,0.34495
2025-09-21T13:15:00+09:00,0.34494,0.34531,0.34494,0.34522
2025-09-21T13:30:00+09:00,0.34522,0.3455,0.34518,0.34529
2025-09-21T13:45:00+09:00,0.34531,0.3455,0.34494,0.3455
2025-09-21T14:00:00+09:00,0.3455,0.34565,0.34547,0.34563
2025-09-21T14:15:00+09:00,0.34563,0.34577,0.34558,0.34566
2025-09-21T14:30:00+09:00,0.34564,0.34577,0.34556,0.34568
2025-09-21T14:45:00+09:00,0.34569,0.34617,0.34568,0.34617
2025-09-21T15:00:00+09:00,0.34617,0.3462,0.3458,0.34598
2025-09-21T15:15:00+09:00,0.34595,0.34607,0.3459,0.34593
2025-09-21T15:30:00+09:00,0.34593,0.34609,0.34549,0.346
2025-09-21T15:45:00+09:00,0.34599,0.34609,0.34576,0.34597
2025-09-21T16:00:00+09:00,0.34598,0.34638,0.34587,0.34626
2025-09-21T16:15:00+09:00,0.34626,0.34633,0.34607,0.34614
2025-09-21T16:30:00+09:00,0.34612,0.34646,0.34573,0.34583
2025-09-21T16:45:00+09:00,0.3458,0.34583,0.34557,0.3458
2025-09-21T17:00:00+09:00,0.3458,0.34582,0.34469,0.34499
2025-09-21T17:15:00+09:00,0.345,0.34506,0.3444,0.34443
2025-09-21T17:30:00+09:00,0.34446,0.34459,0.34436,0.34459
2025-09-21T17:45:00+09:00,0.34459,0.34467,0.34423,0.34427
2025-09-21T18:00:00+09:00,0.34426,0.34446,0.34376,0.34385
2025-09-21T18:15:00+09:00,0.34385,0.34386,0.34331,0.34338
2025-09-21T18:30:00+09:00,0.34337,0.34351,0.34301,0.34304
2025-09-21T18:45:00+09:00,0.34304,0.34392,0.34284,0.34372
2025-09-21T19:00:00+09:00,0.34371,0.34382,0.34341,0.34377
2025-09-21T19:15:00+09:00,0.34376,0.34384,0.34349,0.34382
2025-09-21T19:30:00+09:00,0.34383,0.34422,0.34381,0.34408
2025-09-21T19:45:00+09:00,0.34407,0.34431,0.34398,0.34422
2025-09-21T20:00:00+09:00,0.34421,0.34477,0.34407,0.34454
2025-09-21T20:15:00+09:00,0.34454,0.34468,0.34434,0.34443
2025-09-21T20:30:00+09:00,0.34438,0.34463,0.3443,0.34454
2025-09-21T20:45:00+09:00,0.34454,0.34464,0.3439,0.34398
2025-09-21T21:00:00+09:00,0.34398,0.3443,0.34384,0.34393
2025-09-21T21:15:00+09:00,0.34395,0.3442,0.34367,0.34377
2025-09-21T21:30:00+09:00,0.34382,0.34383,0.34319,0.34319
2025-09-21T21:45:00+09:00,0.34323,0.34328,0.34229,0.34233
2025-09-21T22:00:00+09:00,0.34232,0.34358,0.34154,0.34358
2025-09-21T22:15:00+09:00,0.3436,0.34414,0.34341,0.34373
2025-09-21T22:30:00+09:00,0.34373,0.34414,0.34373,0.34406
2025-09-21T22:45:00+09:00,0.34406,0.34432,0.34406,0.34432
2025-09-21T23:00:00+09:00,0.34431,0.34431,0.34404,0.34428
2025-09-21T23:15:00+09:00,0.34424,0.3443,0.34407,0.34426
2025-09-21T23:30:00+09:00,0.34429,0.34429,0.34397,0.34423
2025-09-21T23:45:00+09:00,0.34427,0.34451,0.34403,0.34407
2025-09-22T00:00:00+09:00,0.34404,0.3441,0.34342,0.34398
2025-09-22T00:15:00+09:00,0.34396,0.34396,0.34376,0.3439
2025-09-22T00:30:00+09:00,0.3439,0.34404,0.34358,0.34401
2025-09-22T00:45:00+09:00,0.34401,0.34414,0.34378,0.3438
2025-09-22T01:00:00+09:00,0.34381,0.34418,0.34365,0.34401
2025-09-22T01:15:00+09:00,0.34401,0.34417,0.34356,0.34368
2025-09-22T01:30:00+09:00,0.34364,0.34371,0.34334,0.3434
2025-09-22T01:45:00+09:00,0.34337,0.34342,0.34316,0.34334
2025-09-22T02:00:00+09:00,0.34335,0.34335,0.34304,0.34324
2025-09-22T02:15:00+09:00,0.34321,0.34351,0.34303,0.34331
2025-09-22T02:30:00+09:00,0.34329,0.34373,0.34312,0.34373
2025-09-22T02:45:00+09:00,0.34373,0.34427,0.34366,0.34424
2025-09-22T03:00:00+09:00,0.34427,0.34448,0.34408,0.34426
2025-09-22T03:15:00+09:00,0.34426,0.34445,0.34402,0.34414
2025-09-22T03:30:00+09:00,0.34413,0.34472,0.34406,0.34444
2025-09-22T03:45:00+09:00,0.34446,0.34465,0.34446,0.34464
2025-09-22T04:00:00+09:00,0.34464,0.34469,0.34397,0.34407
2025-09-22T04:15:00+09:00,0.34407,0.34442,0.34394,0.34426
2025-09-22T04:30:00+09:00,0.34426,0.34436,0.34394,0.34409
2025-09-22T04:45:00+09:00,0.34409,0.34425,0.34403,0.34416
2025-09-22T05:00:00+09:00,0.34415,0.34422,0.34342,0.34395
2025-09-22T05:15:00+09:00,0.34395,0.34437,0.34395,0.34433
2025-09-22T05:30:00+09:00,0.34431,0.34434,0.34412,0.34431
2025-09-22T05:45:00+09:00,0.34427,0.34435,0.34412,0.34413
2025-09-22T06:00:00+09:00,0.34413,0.34426,0.34377,0.34394
2025-09-22T06:15:00+09:00,0.34393,0.34395,0.34371,0.34374
2025-09-22T06:30:00+09:00,0.3437,0.34404,0.3437,0.34373
2025-09-22T06:45:00+09:00,0.34371,0.34379,0.34364,0.34364
2025-09-22T07:00:00+09:00,0.34364,0.34379,0.34318,0.34322
2025-09-22T07:15:00+09:00,0.3432,0.34331,0.34293,0.34323
2025-09-22T07:30:00+09:00,0.34323,0.34333,0.34299,0.34333
2025-09-22T07:45:00+09:00,0.34333,0.34352,0.34333,0.34349
2025-09-22T08:00:00+09:00,0.34349,0.34349,0.34246,0.34264
2025-09-22T08:15:00+09:00,0.34272,0.34285,0.34259,0.34263
2025-09-22T08:30:00+09:00,0.34263,0.34305,0.34246,0.34285
2025-09-22T08:45:00+09:00,0.34285,0.34287,0.34242,0.34242
2025-09-22T09:00:00+09:00,0.34243,0.34311,0.34231,0.34276
2025-09-22T09:15:00+09:00,0.34276,0.34276,0.34198,0.34199
2025-09-22T09:30:00+09:00,0.342,0.342,0.33907,0.33941
2025-09-22T09:45:00+09:00,0.33936,0.33959,0.33817,0.33863
2025-09-22T10:00:00+09:00,0.33856,0.33917,0.33823,0.33865
2025-09-22T10:15:00+09:00,0.33864,0.33913,0.33809,0.33908
2025-09-22T10:30:00+09:00,0.33908,0.34017,0.33903,0.33997
2025-09-22T10:45:00+09:00,0.33999,0.34021,0.33904,0.3391
2025-09-22T11:00:00+09:00,0.3391,0.33948,0.33886,0.3389
2025-09-22T11:15:00+09:00,0.33894,0.33916,0.33792,0.33837
2025-09-22T11:30:00+09:00,0.33838,0.33912,0.3378,0.33911
2025-09-22T11:45:00+09:00,0.33909,0.33943,0.33887,0.3389
2025-09-22T12:00:00+09:00,0.33892,0.34001,0.33879,0.33998
2025-09-22T12:15:00+09:00,0.33996,0.34024,0.33935,0.33952
2025-09-22T12:30:00+09:00,0.33952,0.33974,0.33925,0.33952
2025-09-22T12:45:00+09:00,0.33953,0.34035,0.33953,0.34013
2025-09-22T13:00:00+09:00,0.3401,0.34095,0.33987,0.34014
2025-09-22T13:15:00+09:00,0.34018,0.34067,0.3401,0.3405
2025-09-22T13:30:00+09:00,0.34053,0.34069,0.34013,0.34025
2025-09-22T13:45:00+09:00,0.34028,0.34028,0.3397,0.33999
2025-09-22T14:00:00+09:00,0.33994,0.34008,0.33968,0.34001
2025-09-22T14:15:00+09:00,0.34,0.34031,0.33976,0.34002
2025-09-22T14:30:00+09:00,0.34001,0.34002,0.33953,0.33965
2025-09-22T14:45:00+09:00,0.33966,0.33999,0.33844,0.33851
2025-09-22T15:00:00+09:00,0.33863,0.33875,0.3338,0.33451
2025-09-22T15:15:00+09:00,0.33453,0.33556,0.3338,0.33482
2025-09-22T15:30:00+09:00,0.33484,0.33629,0.33467,0.3362
2025-09-22T15:45:00+09:00,0.33618,0.33618,0.33556,0.33586
2025-09-22T16:00:00+09:00,0.33587,0.33618,0.33558,0.33583
2025-09-22T16:15:00+09:00,0.33583,0.33607,0.33508,0.33565
2025-09-22T16:30:00+09:00,0.33564,0.33601,0.33543,0.33595
2025-09-22T16:45:00+09:00,0.3359,0.3359,0.335,0.335
2025-09-22T17:00:00+09:00,0.335,0.33533,0.33451,0.33494
2025-09-22T17:15:00+09:00,0.33494,0.33526,0.33453,0.33497
2025-09-22T17:30:00+09:00,0.33497,0.33508,0.3346,0.33485
2025-09-22T17:45:00+09:00,0.33487,0.335,0.3344,0.33457
2025-09-22T18:00:00+09:00,0.33457,0.33457,0.33394,0.3343
2025-09-22T18:15:00+09:00,0.3343,0.33505,0.33404,0.33496
2025-09-22T18:30:00+09:00,0.33507,0.33586,0.3348,0.33585
2025-09-22T18:45:00+09:00,0.33584,0.33604,0.33485,0.33489
2025-09-22T19:00:00+09:00,0.33495,0.33564,0.33476,0.33513
2025-09-22T19:15:00+09:00,0.33517,0.33586,0.33517,0.33579
2025-09-22T19:30:00+09:00,0.33581,0.33581,0.33505,0.3352
2025-09-22T19:45:00+09:00,0.33518,0.33615,0.33518,0.33613
2025-09-22T20:00:00+09:00,0.33613,0.33627,0.33581,0.3359
2025-09-22T20:15:00+09:00,0.3359,0.34215,0.33588,0.3397
2025-09-22T20:30:00+09:00,0.33969,0.33984,0.33916,0.33944
2025-09-22T20:45:00+09:00,0.33943,0.34128,0.33925,0.34087
2025-09-22T21:00:00+09:00,0.34093,0.34108,0.34028,0.34065
2025-09-22T21:15:00+09:00,0.34067,0.34178,0.34054,0.34112
2025-09-22T21:30:00+09:00,0.34111,0.34136,0.34054,0.34063
2025-09-22T21:45:00+09:00,0.34063,0.34096,0.34039,0.34086
2025-09-22T22:00:00+09:00,0.34088,0.34125,0.34041,0.34082
2025-09-22T22:15:00+09:00,0.34078,0.34078,0.34034,0.34042
2025-09-22T22:30:00+09:00,0.34042,0.34048,0.33899,0.33969
2025-09-22T22:45:00+09:00,0.33969,0.34027,0.33927,0.33979
2025-09-22T23:00:00+09:00,0.33983,0.34025,0.33957,0.33995
2025-09-22T23:15:00+09:00,0.33995,0.34037,0.33992,0.34029
2025-09-22T23:30:00+09:00,0.34029,0.34037,0.33991,0.34015
2025-09-22T23:45:00+09:00,0.34015,0.34018,0.33957,0.33995
2025-09-23T00:00:00+09:00,0.33995,0.34083,0.33985,0.34012
2025-09-23T00:15:00+09:00,0.34009,0.34049,0.34002,0.34046
2025-09-23T00:30:00+09:00,0.34044,0.34076,0.34017,0.34069
2025-09-23T00:45:00+09:00,0.34076,0.34219,0.34042,0.34203
2025-09-23T01:00:00+09:00,0.34202,0.34233,0.34174,0.34229
2025-09-23T01:15:00+09:00,0.34226,0.34251,0.34189,0.3424
2025-09-23T01:30:00+09:00,0.34238,0.34245,0.34171,0.34173
2025-09-23T01:45:00+09:00,0.34173,0.34211,0.34173,0.34197
2025-09-23T02:00:00+09:00,0.34197,0.34215,0.34123,0.34159
2025-09-23T02:15:00+09:00,0.34149,0.34237,0.34145,0.34229
2025-09-23T02:30:00+09:00,0.34227,0.34261,0.34213,0.34213
2025-09-23T02:45:00+09:00,0.34217,0.3422,0.34188,0.342
2025-09-23T03:00:00+09:00,0.342,0.34216,0.34189,0.34212
2025-09-23T03:15:00+09:00,0.34212,0.34212,0.34114,0.34116
2025-09-23T03:30:00+09:00,0.34115,0.34153,0.34091,0.34118
2025-09-23T03:45:00+09:00,0.34119,0.34126,0.34098,0.34121
2025-09-23T04:00:00+09:00,0.34121,0.34139,0.34102,0.34118
2025-09-23T04:15:00+09:00,0.34115,0.34145,0.34094,0.34128
2025-09-23T04:30:00+09:00,0.34118,0.3416,0.34088,0.34099
2025-09-23T04:45:00+09:00,0.34102,0.34106,0.34023,0.34044
2025-09-23T05:00:00+09:00,0.34048,0.34089,0.34029,0.34083
2025-09-23T05:15:00+09:00,0.34082,0.34094,0.33975,0.34003
2025-09-23T05:30:00+09:00,0.34007,0.3403,0.33976,0.33982
2025-09-23T05:45:00+09:00,0.33977,0.34014,0.33955,0.3401
2025-09-23T06:00:00+09:00,0.3401,0.34011,0.33977,0.33982
2025-09-23T06:15:00+09:00,0.33982,0.33986,0.33929,0.33961
2025-09-23T06:30:00+09:00,0.33959,0.34014,0.33949,0.34007
2025-09-23T06:45:00+09:00,0.34009,0.34062,0.34009,0.34056
2025-09-23T07:00:00+09:00,0.34056,0.34057,0.3402,0.34025
2025-09-23T07:15:00+09:00,0.34023,0.34023,0.3393,0.33933
2025-09-23T07:30:00+09:00,0.33935,0.33942,0.33895,0.33914
2025-09-23T07:45:00+09:00,0.33914,0.33941,0.33894,0.3393
2025-09-23T08:00:00+09:00,0.33931,0.33966,0.33924,0.33964
2025-09-23T08:15:00+09:00,0.33963,0.33999,0.33959,0.33973
2025-09-23T08:30:00+09:00,0.33975,0.33991,0.33953,0.33954
2025-09-23T08:45:00+09:00,0.33955,0.34008,0.33943,0.33999
2025-09-23T09:00:00+09:00,0.34,0.34042,0.33987,0.34009
2025-09-23T09:15:00+09:00,0.34006,0.34006,0.33975,0.33982
2025-09-23T09:30:00+09:00,0.33986,0.34014,0.33964,0.33977
2025-09-23T09:45:00+09:00,0.33977,0.34017,0.33966,0.3399
2025-09-23T10:00:00+09:00,0.33992,0.34002,0.33962,0.33993
2025-09-23T10:15:00+09:00,0.33996,0.34015,0.33978,0.34006
2025-09-23T10:30:00+09:00,0.34005,0.34005,0.33931,0.3395
2025-09-23T10:45:00+09:00,0.33952,0.33965,0.33904,0.33915
2025-09-23T11:00:00+09:00,0.33913,0.34001,0.33913,0.3399
2025-09-23T11:15:00+09:00,0.33991,0.33991,0.33946,0.33965
2025-09-23T11:30:00+09:00,0.33965,0.34006,0.33965,0.33996
2025-09-23T11:45:00+09:00,0.33999,0.34009,0.33921,0.33926
2025-09-23T12:00:00+09:00,0.33929,0.33975,0.33886,0.33972
2025-09-23T12:15:00+09:00,0.33975,0.34033,0.33965,0.34028
2025-09-23T12:30:00+09:00,0.34027,0.34072,0.34007,0.34007
2025-09-23T12:45:00+09:00,0.3401,0.34106,0.3401,0.34089
2025-09-23T13:00:00+09:00,0.34091,0.341,0.3402,0.34023
2025-09-23T13:15:00+09:00,0.34023,0.34041,0.34001,0.34006
2025-09-23T13:30:00+09:00,0.34002,0.34066,0.33981,0.34051
2025-09-23T13:45:00+09:00,0.34046,0.34142,0.34043,0.341
2025-09-23T14:00:00+09:00,0.34097,0.34104,0.34052,0.34069
2025-09-23T14:15:00+09:00,0.34065,0.3407,0.34048,0.34062
2025-09-23T14:30:00+09:00,0.34064,0.34075,0.34047,0.34059
2025-09-23T14:45:00+09:00,0.34059,0.34068,0.34038,0.34055
2025-09-23T15:00:00+09:00,0.34055,0.34094,0.34027,0.3409
2025-09-23T15:15:00+09:00,0.34086,0.34086,0.34031,0.34064
2025-09-23T15:30:00+09:00,0.34059,0.34118,0.3402,0.34063
2025-09-23T15:45:00+09:00,0.34062,0.34065,0.34014,0.34021
2025-09-23T16:00:00+09:00,0.34021,0.34042,0.34001,0.34041
2025-09-23T16:15:00+09:00,0.34041,0.34041,0.33993,0.34002
2025-09-23T16:30:00+09:00,0.33998,0.34035,0.3399,0.34028
2025-09-23T16:45:00+09:00,0.34034,0.34043,0.34003,0.34003
2025-09-23T17:00:00+09:00,0.34002,0.34019,0.3398,0.33996
2025-09-23T17:15:00+09:00,0.33992,0.34051,0.33987,0.34043
2025-09-23T17:30:00+09:00,0.34046,0.34049,0.34018,0.34048
2025-09-23T17:45:00+09:00,0.34048,0.34062,0.34014,0.34062
2025-09-23T18:00:00+09:00,0.34063,0.34133,0.34058,0.34122
2025-09-23T18:15:00+09:00,0.34123,0.34264,0.34116,0.3417
2025-09-23T18:30:00+09:00,0.34171,0.34188,0.34137,0.34155
2025-09-23T18:45:00+09:00,0.34154,0.3416,0.34136,0.34137
2025-09-23T19:00:00+09:00,0.34137,0.34138,0.3392,0.33951
2025-09-23T19:15:00+09:00,0.33951,0.3398,0.33926,0.33938
2025-09-23T19:30:00+09:00,0.3394,0.33949,0.33917,0.33932
2025-09-23T19:45:00+09:00,0.33931,0.33958,0.33903,0.33918
2025-09-23T20:00:00+09:00,0.33919,0.33919,0.33829,0.33846
2025-09-23T20:15:00+09:00,0.33846,0.33861,0.33745,0.33749
2025-09-23T20:30:00+09:00,0.33751,0.33777,0.33627,0.33649
2025-09-23T20:45:00+09:00,0.3365,0.33669,0.33555,0.33654
2025-09-23T21:00:00+09:00,0.33648,0.33672,0.33588,0.33672
2025-09-23T21:15:00+09:00,0.3367,0.33672,0.33597,0.33625
2025-09-23T21:30:00+09:00,0.33624,0.33656,0.33565,0.33619
2025-09-23T21:45:00+09:00,0.33619,0.33651,0.33559,0.33598
2025-09-23T22:00:00+09:00,0.33596,0.33605,0.3352,0.33532
2025-09-23T22:15:00+09:00,0.3353,0.33533,0.3346,0.33531
2025-09-23T22:30:00+09:00,0.3353,0.33545,0.3346,0.33481
2025-09-23T22:45:00+09:00,0.33488,0.33523,0.33486,0.33502
2025-09-23T23:00:00+09:00,0.33502,0.33569,0.3348,0.33545
2025-09-23T23:15:00+09:00,0.33546,0.33558,0.33482,0.33502
2025-09-23T23:30:00+09:00,0.33504,0.33562,0.33478,0.33553
2025-09-23T23:45:00+09:00,0.33551,0.33551,0.33469,0.33514
2025-09-24T00:00:00+09:00,0.33514,0.33515,0.33435,0.33489
2025-09-24T00:15:00+09:00,0.33493,0.33519,0.33462,0.33509
2025-09-24T00:30:00+09:00,0.33506,0.3355,0.33491,0.33493
2025-09-24T00:45:00+09:00,0.33494,0.33694,0.33492,0.33557
2025-09-24T01:00:00+09:00,0.33558,0.33558,0.33492,0.33524
2025-09-24T01:15:00+09:00,0.33522,0.33608,0.33508,0.33574
2025-09-24T01:30:00+09:00,0.33575,0.33587,0.33532,0.33579
2025-09-24T01:45:00+09:00,0.33594,0.33694,0.33594,0.33651
2025-09-24T02:00:00+09:00,0.3365,0.33678,0.33575,0.33656
2025-09-24T02:15:00+09:00,0.33659,0.3368,0.33642,0.33642
2025-09-24T02:30:00+09:00,0.33637,0.33663,0.3358,0.33581
2025-09-24T02:45:00+09:00,0.33587,0.33627,0.33572,0.33579
2025-09-24T03:00:00+09:00,0.3358,0.3361,0.3357,0.33584
2025-09-24T03:15:00+09:00,0.33583,0.33616,0.3357,0.33584
2025-09-24T03:30:00+09:00,0.33581,0.33602,0.33567,0.33569
2025-09-24T03:45:00+09:00,0.33568,0.33589,0.33553,0.33586
2025-09-24T04:00:00+09:00,0.33588,0.33636,0.33584,0.33631
2025-09-24T04:15:00+09:00,0.33631,0.33638,0.33596,0.336
2025-09-24T04:30:00+09:00,0.33599,0.33652,0.33595,0.33614
2025-09-24T04:45:00+09:00,0.33615,0.33625,0.33574,0.33603
2025-09-24T05:00:00+09:00,0.33602,0.33679,0.33594,0.33652
2025-09-24T05:15:00+09:00,0.3365,0.3365,0.33606,0.33609
2025-09-24T05:30:00+09:00,0.33609,0.33674,0.336,0.33673
2025-09-24T05:45:00+09:00,0.33672,0.33675,0.33648,0.33672
2025-09-24T06:00:00+09:00,0.33673,0.33674,0.33634,0.33643
2025-09-24T06:15:00+09:00,0.3364,0.33653,0.33625,0.33631
2025-09-24T06:30:00+09:00,0.33631,0.33646,0.33615,0.33621
2025-09-24T06:45:00+09:00,0.33621,0.33623,0.33617,0.33621
2025-09-24T07:00:00+09:00,0.33621,0.33682,0.33608,0.33655
2025-09-24T07:15:00+09:00,0.33656,0.33663,0.33623,0.33639
2025-09-24T07:30:00+09:00,0.33642,0.33706,0.33641,0.33703
2025-09-24T07:45:00+09:00,0.33707,0.33711,0.33657,0.3366
2025-09-24T08:00:00+09:00,0.3366,0.33663,0.33623,0.33633
2025-09-24T08:15:00+09:00,0.33632,0.33635,0.33575,0.33596
2025-09-24T08:30:00+09:00,0.33595,0.3366,0.33591,0.33628
2025-09-24T08:45:00+09:00,0.33628,0.33628,0.3358,0.33585
2025-09-24T09:00:00+09:00,0.33586,0.3364,0.33586,0.33599
2025-09-24T09:15:00+09:00,0.33597,0.33676,0.33591,0.33661
2025-09-24T09:30:00+09:00,0.33661,0.33685,0.3364,0.33684
2025-09-24T09:45:00+09:00,0.33683,0.33703,0.33625,0.33629
2025-09-24T10:00:00+09:00,0.33628,0.33711,0.33628,0.33673
2025-09-24T10:15:00+09:00,0.33671,0.33671,0.3364,0.33671
2025-09-24T10:30:00+09:00,0.33674,0.33678,0.33636,0.33643
2025-09-24T10:45:00+09:00,0.3364,0.33658,0.33628,0.33647
2025-09-24T11:00:00+09:00,0.33649,0.3366,0.33616,0.33628
2025-09-24T11:15:00+09:00,0.33628,0.33674,0.33617,0.33674
2025-09-24T11:30:00+09:00,0.33677,0.33741,0.33671,0.33727
2025-09-24T11:45:00+09:00,0.33728,0.33768,0.33664,0.33711
2025-09-24T12:00:00+09:00,0.33711,0.33726,0.33678,0.33695
2025-09-24T12:15:00+09:00,0.33697,0.33698,0.33547,0.33581
2025-09-24T12:30:00+09:00,0.33582,0.33617,0.33568,0.33589
2025-09-24T12:45:00+09:00,0.336,0.33607,0.33559,0.33579
2025-09-24T13:00:00+09:00,0.33575,0.33591,0.33452,0.33502
2025-09-24T13:15:00+09:00,0.33503,0.3355,0.33455,0.33536
2025-09-24T13:30:00+09:00,0.33528,0.3368,0.33528,0.33607
2025-09-24T13:45:00+09:00,0.33604,0.33606,0.33574,0.3358
2025-09-24T14:00:00+09:00,0.33579,0.33666,0.33579,0.33666
2025-09-24T14:15:00+09:00,0.33667,0.33784,0.33667,0.3374
2025-09-24T14:30:00+09:00,0.33742,0.33747,0.33703,0.33725
2025-09-24T14:45:00+09:00,0.33724,0.33826,0.33712,0.33819
2025-09-24T15:00:00+09:00,0.33819,0.33879,0.33802,0.33853
2025-09-24T15:15:00+09:00,0.33853,0.33853,0.33784,0.33818
2025-09-24T15:30:00+09:00,0.33822,0.33826,0.33784,0.33814
2025-09-24T15:45:00+09:00,0.33814,0.33831,0.33799,0.33817
2025-09-24T16:00:00+09:00,0.3381,0.33834,0.33789,0.33794
2025-09-24T16:15:00+09:00,0.338,0.33818,0.33753,0.33761
2025-09-24T16:30:00+09:00,0.33762,0.33796,0.3375,0.33786
2025-09-24T16:45:00+09:00,0.33784,0.33811,0.33768,0.33799
2025-09-24T17:00:00+09:00,0.33804,0.33838,0.33791,0.3381
2025-09-24T17:15:00+09:00,0.33814,0.33821,0.33742,0.3375
2025-09-24T17:30:00+09:00,0.3375,0.33785,0.33732,0.33773
2025-09-24T17:45:00+09:00,0.33772,0.33772,0.33733,0.33751
2025-09-24T18:00:00+09:00,0.33752,0.33784,0.33739,0.33746
2025-09-24T18:15:00+09:00,0.33747,0.33795,0.33744,0.33793
2025-09-24T18:30:00+09:00,0.33797,0.33832,0.33793,0.33799
2025-09-24T18:45:00+09:00,0.33796,0.33821,0.3379,0.33797
2025-09-24T19:00:00+09:00,0.33796,0.33818,0.33794,0.33802
2025-09-24T19:15:00+09:00,0.33802,0.33802,0.33621,0.33623
2025-09-24T19:30:00+09:00,0.33622,0.33658,0.33562,0.33635
2025-09-24T19:45:00+09:00,0.33642,0.33655,0.33602,0.33642
2025-09-24T20:00:00+09:00,0.33643,0.33711,0.33629,0.33686
2025-09-24T20:15:00+09:00,0.33685,0.33688,0.33594,0.33611
2025-09-24T20:30:00+09:00,0.33614,0.33681,0.33614,0.33643
2025-09-24T20:45:00+09:00,0.33646,0.33726,0.33607,0.33726
2025-09-24T21:00:00+09:00,0.33724,0.33758,0.33712,0.33755
2025-09-24T21:15:00+09:00,0.33755,0.33756,0.33705,0.33706
2025-09-24T21:30:00+09:00,0.33706,0.33749,0.33706,0.33747
2025-09-24T21:45:00+09:00,0.33748,0.33807,0.33737,0.33801
2025-09-24T22:00:00+09:00,0.33803,0.33881,0.33785,0.33827
2025-09-24T22:15:00+09:00,0.33827,0.3383,0.33786,0.33798
2025-09-24T22:30:00+09:00,0.33806,0.33846,0.33784,0.33819
2025-09-24T22:45:00+09:00,0.3382,0.33825,0.33767,0.33776
2025-09-24T23:00:00+09:00,0.33778,0.33824,0.33777,0.33816
2025-09-24T23:15:00+09:00,0.33816,0.33826,0.33776,0.33802
2025-09-24T23:30:00+09:00,0.33802,0.33828,0.33795,0.33822
2025-09-24T23:45:00+09:00,0.33824,0.33897,0.33824,0.33862
2025-09-25T00:00:00+09:00,0.33862,0.33887,0.33838,0.3385
2025-09-25T00:15:00+09:00,0.33847,0.33893,0.33847,0.33858
2025-09-25T00:30:00+09:00,0.33862,0.33866,0.33826,0.33846
2025-09-25T00:45:00+09:00,0.33848,0.33849,0.3377,0.33772
2025-09-25T01:00:00+09:00,0.33775,0.33821,0.33767,0.33815
2025-09-25T01:15:00+09:00,0.33814,0.33871,0.33814,0.33861
2025-09-25T01:30:00+09:00,0.33861,0.33886,0.33845,0.33876
2025-09-25T01:45:00+09:00,0.33876,0.33901,0.33874,0.33897
2025-09-25T02:00:00+09:00,0.33896,0.33959,0.33885,0.33935
2025-09-25T02:15:00+09:00,0.33936,0.33936,0.33845,0.3386
2025-09-25T02:30:00+09:00,0.33862,0.33879,0.33853,0.33865
2025-09-25T02:45:00+09:00,0.33865,0.33865,0.3384,0.33856
2025-09-25T03:00:00+09:00,0.33856,0.33861,0.33828,0.33848
2025-09-25T03:15:00+09:00,0.33847,0.33857,0.33828,0.33857
2025-09-25T03:30:00+09:00,0.33856,0.33908,0.33853,0.33889
2025-09-25T03:45:00+09:00,0.33886,0.33911,0.33874,0.33889
2025-09-25T04:00:00+09:00,0.3389,0.33908,0.33862,0.33906
2025-09-25T04:15:00+09:00,0.33901,0.3391,0.33886,0.33902
2025-09-25T04:30:00+09:00,0.33898,0.33919,0.33882,0.33907
2025-09-25T04:45:00+09:00,0.33905,0.33924,0.33889,0.33893
2025-09-25T05:00:00+09:00,0.33894,0.33934,0.33887,0.33927
2025-09-25T05:15:00+09:00,0.33928,0.33935,0.33908,0.33926
2025-09-25T05:30:00+09:00,0.33912,0.3393,0.339,0.3393
2025-09-25T05:45:00+09:00,0.33927,0.33963,0.33901,0.33946
2025-09-25T06:00:00+09:00,0.33943,0.33949,0.33924,0.33933
2025-09-25T06:15:00+09:00,0.33931,0.33931,0.33882,0.33892
2025-09-25T06:30:00+09:00,0.33891,0.33901,0.33869,0.33883
2025-09-25T06:45:00+09:00,0.33881,0.33881,0.33814,0.33814
2025-09-25T07:00:00+09:00,0.33818,0.33876,0.33814,0.33848
2025-09-25T07:15:00+09:00,0.33848,0.33855,0.33834,0.33836
2025-09-25T07:30:00+09:00,0.33835,0.33858,0.33835,0.33842
2025-09-25T07:45:00+09:00,0.33838,0.33847,0.33818,0.33825
2025-09-25T08:00:00+09:00,0.33824,0.33867,0.33823,0.33862
2025-09-25T08:15:00+09:00,0.33863,0.33864,0.33845,0.33852
2025-09-25T08:30:00+09:00,0.33852,0.33856,0.33809,0.33831
2025-09-25T08:45:00+09:00,0.33823,0.33847,0.338,0.33821
2025-09-25T09:00:00+09:00,0.33822,0.33858,0.33801,0.33848
2025-09-25T09:15:00+09:00,0.33849,0.3385,0.33767,0.33771
2025-09-25T09:30:00+09:00,0.33772,0.33802,0.33754,0.33776
2025-09-25T09:45:00+09:00,0.33776,0.33783,0.3374,0.33762
2025-09-25T10:00:00+09:00,0.33756,0.33779,0.33728,0.33766
2025-09-25T10:15:00+09:00,0.33761,0.33806,0.33756,0.33784
2025-09-25T10:30:00+09:00,0.33792,0.33792,0.33709,0.33712
2025-09-25T10:45:00+09:00,0.3371,0.33731,0.33682,0.33726
2025-09-25T11:00:00+09:00,0.33726,0.33796,0.33722,0.33723
2025-09-25T11:15:00+09:00,0.33723,0.33724,0.33678,0.3371
2025-09-25T11:30:00+09:00,0.33709,0.33837,0.33709,0.3379
2025-09-25T11:45:00+09:00,0.3378,0.3382,0.3378,0.33805
2025-09-25T12:00:00+09:00,0.33804,0.33828,0.337,0.3371
2025-09-25T12:15:00+09:00,0.33716,0.33724,0.33604,0.33616
2025-09-25T12:30:00+09:00,0.33607,0.33622,0.3351,0.33515
2025-09-25T12:45:00+09:00,0.33523,0.33587,0.33518,0.33584
2025-09-25T13:00:00+09:00,0.3358,0.33592,0.33509,0.33521
2025-09-25T13:15:00+09:00,0.33521,0.33521,0.33452,0.33504
2025-09-25T13:30:00+09:00,0.33501,0.33509,0.33426,0.33507
2025-09-25T13:45:00+09:00,0.33503,0.33509,0.33346,0.33403
2025-09-25T14:00:00+09:00,0.33405,0.33578,0.33369,0.33467
2025-09-25T14:15:00+09:00,0.33465,0.33538,0.33458,0.33521
2025-09-25T14:30:00+09:00,0.33522,0.3353,0.33446,0.33503
2025-09-25T14:45:00+09:00,0.33507,0.33565,0.33507,0.33557
2025-09-25T15:00:00+09:00,0.33553,0.33556,0.33472,0.33474
2025-09-25T15:15:00+09:00,0.33469,0.33508,0.33448,0.33479
2025-09-25T15:30:00+09:00,0.33476,0.33522,0.33447,0.33461
2025-09-25T15:45:00+09:00,0.33463,0.33495,0.33459,0.33463
2025-09-25T16:00:00+09:00,0.33463,0.33469,0.33404,0.33448
2025-09-25T16:15:00+09:00,0.33442,0.33557,0.33442,0.33556
2025-09-25T16:30:00+09:00,0.33551,0.33564,0.33514,0.33561
2025-09-25T16:45:00+09:00,0.33558,0.33575,0.33468,0.3348
2025-09-25T17:00:00+09:00,0.33477,0.33524,0.33471,0.33521
2025-09-25T17:15:00+09:00,0.33519,0.33519,0.33463,0.33494
2025-09-25T17:30:00+09:00,0.33492,0.33503,0.33417,0.3342
2025-09-25T17:45:00+09:00,0.33422,0.3343,0.33386,0.33419
2025-09-25T18:00:00+09:00,0.33416,0.33501,0.33409,0.33485
2025-09-25T18:15:00+09:00,0.33488,0.33527,0.33461,0.33481
2025-09-25T18:30:00+09:00,0.33481,0.33503,0.3344,0.33454
2025-09-25T18:45:00+09:00,0.33453,0.33453,0.33314,0.33328
2025-09-25T19:00:00+09:00,0.33326,0.33365,0.33307,0.3335
2025-09-25T19:15:00+09:00,0.33349,0.33359,0.3329,0.33296
2025-09-25T19:30:00+09:00,0.33297,0.33298,0.33155,0.33179
2025-09-25T19:45:00+09:00,0.3318,0.33199,0.33143,0.33159
2025-09-25T20:00:00+09:00,0.33155,0.33162,0.33084,0.33097
2025-09-25T20:15:00+09:00,0.33103,0.33134,0.33092,0.33111
2025-09-25T20:30:00+09:00,0.3311,0.33161,0.33109,0.33145
2025-09-25T20:45:00+09:00,0.33145,0.33166,0.33102,0.33151
2025-09-25T21:00:00+09:00,0.33152,0.33193,0.33152,0.33175
2025-09-25T21:15:00+09:00,0.33175,0.33175,0.3301,0.3301
2025-09-25T21:30:00+09:00,0.3301,0.3317,0.33,0.33143
2025-09-25T21:45:00+09:00,0.33158,0.33217,0.3311,0.33176
2025-09-25T22:00:00+09:00,0.33173,0.33199,0.33103,0.33194
2025-09-25T22:15:00+09:00,0.33194,0.33295,0.33185,0.33254
2025-09-25T22:30:00+09:00,0.33252,0.33263,0.33155,0.33187
2025-09-25T22:45:00+09:00,0.33186,0.33293,0.33185,0.33282
2025-09-25T23:00:00+09:00,0.33282,0.33399,0.33282,0.33397
2025-09-25T23:15:00+09:00,0.33399,0.33491,0.33399,0.33452
2025-09-25T23:30:00+09:00,0.33456,0.33597,0.33448,0.33554
2025-09-25T23:45:00+09:00,0.33553,0.33624,0.33539,0.33551
2025-09-26T00:00:00+09:00,0.33551,0.33551,0.33439,0.33503
2025-09-26T00:15:00+09:00,0.33503,0.33524,0.33464,0.33488
2025-09-26T00:30:00+09:00,0.3349,0.33594,0.33468,0.3355
2025-09-26T00:45:00+09:00,0.33554,0.33597,0.33521,0.33597
2025-09-26T01:00:00+09:00,0.33595,0.336,0.33554,0.33575
2025-09-26T01:15:00+09:00,0.33576,0.33579,0.335,0.3352
2025-09-26T01:30:00+09:00,0.33516,0.33567,0.33495,0.33525
2025-09-26T01:45:00+09:00,0.33513,0.33522,0.33464,0.33496
2025-09-26T02:00:00+09:00,0.33495,0.33508,0.3341,0.3341
2025-09-26T02:15:00+09:00,0.33408,0.33451,0.33355,0.33406
2025-09-26T02:30:00+09:00,0.33407,0.33432,0.33292,0.33313
2025-09-26T02:45:00+09:00,0.33306,0.33318,0.33177,0.33196
2025-09-26T03:00:00+09:00,0.33191,0.3326,0.33149,0.33257
2025-09-26T03:15:00+09:00,0.33257,0.333,0.3321,0.33262
2025-09-26T03:30:00+09:00,0.33262,0.33373,0.33259,0.33348
2025-09-26T03:45:00+09:00,0.33347,0.33451,0.33313,0.33444
2025-09-26T04:00:00+09:00,0.33444,0.33489,0.33435,0.33489
2025-09-26T04:15:00+09:00,0.3349,0.3356,0.33469,0.33547
2025-09-26T04:30:00+09:00,0.33546,0.33562,0.33504,0.33505
2025-09-26T04:45:00+09:00,0.33505,0.33505,0.33418,0.33436
2025-09-26T05:00:00+09:00,0.33439,0.33461,0.33398,0.33426
2025-09-26T05:15:00+09:00,0.33421,0.33475,0.33409,0.33446
2025-09-26T05:30:00+09:00,0.33444,0.33454,0.3336,0.3338
2025-09-26T05:45:00+09:00,0.33383,0.33397,0.33338,0.33354
2025-09-26T06:00:00+09:00,0.33354,0.33424,0.33338,0.3336
2025-09-26T06:15:00+09:00,0.33355,0.33384,0.33321,0.33335
2025-09-26T06:30:00+09:00,0.33335,0.33344,0.33273,0.33315
2025-09-26T06:45:00+09:00,0.33317,0.334,0.33316,0.33393
2025-09-26T07:00:00+09:00,0.33394,0.3343,0.33336,0.33427
2025-09-26T07:15:00+09:00,0.33428,0.33433,0.33335,0.33345
2025-09-26T07:30:00+09:00,0.33347,0.33368,0.3333,0.33362
2025-09-26T07:45:00+09:00,0.33359,0.33359,0.33271,0.33309
2025-09-26T08:00:00+09:00,0.33309,0.33348,0.3327,0.33289
2025-09-26T08:15:00+09:00,0.33288,0.33308,0.33242,0.33268
2025-09-26T08:30:00+09:00,0.33266,0.33266,0.33126,0.33169
2025-09-26T08:45:00+09:00,0.33167,0.33201,0.33144,0.33195
2025-09-26T09:00:00+09:00,0.33197,0.33257,0.33189,0.33256
2025-09-26T09:15:00+09:00,0.33255,0.33374,0.33226,0.33293
2025-09-26T09:30:00+09:00,0.33293,0.33335,0.33264,0.33264
2025-09-26T09:45:00+09:00,0.33264,0.33488,0.33264,0.3348
2025-09-26T10:00:00+09:00,0.33483,0.33529,0.33441,0.33509
2025-09-26T10:15:00+09:00,0.33515,0.33533,0.33487,0.33488
2025-09-26T10:30:00+09:00,0.33488,0.33523,0.33474,0.33495
2025-09-26T10:45:00+09:00,0.33493,0.3353,0.33488,0.3351
2025-09-26T11:00:00+09:00,0.33501,0.33522,0.33405,0.33438
2025-09-26T11:15:00+09:00,0.33442,0.33474,0.33405,0.33427
2025-09-26T11:30:00+09:00,0.33425,0.3346,0.33414,0.33448
2025-09-26T11:45:00+09:00,0.33453,0.33522,0.33446,0.33479
2025-09-26T12:00:00+09:00,0.33483,0.33486,0.33368,0.33414
2025-09-26T12:15:00+09:00,0.33417,0.33433,0.334,0.33404
2025-09-26T12:30:00+09:00,0.33405,0.33497,0.33403,0.33464
2025-09-26T12:45:00+09:00,0.33464,0.33486,0.33374,0.33393
2025-09-26T13:00:00+09:00,0.33393,0.33411,0.33341,0.33376
2025-09-26T13:15:00+09:00,0.33375,0.33409,0.33362,0.33363
2025-09-26T13:30:00+09:00,0.33363,0.33363,0.333,0.33304
2025-09-26T13:45:00+09:00,0.33306,0.33374,0.33296,0.3336
2025-09-26T14:00:00+09:00,0.33359,0.33413,0.33355,0.33398
2025-09-26T14:15:00+09:00,0.33398,0.33427,0.33386,0.33411
2025-09-26T14:30:00+09:00,0.33411,0.33411,0.33329,0.3335
2025-09-26T14:45:00+09:00,0.3335,0.33354,0.33304,0.33317
2025-09-26T15:00:00+09:00,0.33316,0.33333,0.33257,0.33308
2025-09-26T15:15:00+09:00,0.33306,0.33374,0.33304,0.33345
2025-09-26T15:30:00+09:00,0.33344,0.33349,0.33305,0.33317
2025-09-26T15:45:00+09:00,0.33317,0.33319,0.33246,0.33257
2025-09-26T16:00:00+09:00,0.33261,0.33343,0.33236,0.33342
2025-09-26T16:15:00+09:00,0.33345,0.33414,0.3333,0.33344
2025-09-26T16:30:00+09:00,0.33341,0.33351,0.33293,0.33307
2025-09-26T16:45:00+09:00,0.33304,0.334,0.33295,0.33399
2025-09-26T17:00:00+09:00,0.334,0.33416,0.33356,0.33396
2025-09-26T17:15:00+09:00,0.33393,0.33431,0.33361,0.33399
2025-09-26T17:30:00+09:00,0.33399,0.33419,0.33374,0.33401
2025-09-26T17:45:00+09:00,0.33403,0.33403,0.33377,0.33388
2025-09-26T18:00:00+09:00,0.33389,0.33425,0.33362,0.33415
2025-09-26T18:15:00+09:00,0.33415,0.33481,0.33401,0.33415
2025-09-26T18:30:00+09:00,0.33411,0.33416,0.33368,0.33382
2025-09-26T18:45:00+09:00,0.33382,0.33406,0.33368,0.33403
2025-09-26T19:00:00+09:00,0.33404,0.33407,0.33319,0.33333
2025-09-26T19:15:00+09:00,0.33332,0.33343,0.33303,0.3331
2025-09-26T19:30:00+09:00,0.33308,0.33361,0.33294,0.3333
2025-09-26T19:45:00+09:00,0.33332,0.33359,0.33317,0.33325
2025-09-26T20:00:00+09:00,0.33323,0.33353,0.33289,0.33327
2025-09-26T20:15:00+09:00,0.33321,0.33412,0.33319,0.3338
2025-09-26T20:30:00+09:00,0.3338,0.33438,0.3337,0.33432
2025-09-26T20:45:00+09:00,0.33432,0.33525,0.33431,0.33477
2025-09-26T21:00:00+09:00,0.33477,0.33477,0.33394,0.33398
2025-09-26T21:15:00+09:00,0.33405,0.33449,0.33374,0.33443
2025-09-26T21:30:00+09:00,0.33442,0.33642,0.33384,0.33642
2025-09-26T21:45:00+09:00,0.33642,0.33667,0.33575,0.33597
2025-09-26T22:00:00+09:00,0.33602,0.33605,0.33543,0.3357
2025-09-26T22:15:00+09:00,0.33568,0.3357,0.33508,0.33523
2025-09-26T22:30:00+09:00,0.33517,0.33545,0.33463,0.33509
2025-09-26T22:45:00+09:00,0.33507,0.33598,0.3349,0.33561
2025-09-26T23:00:00+09:00,0.33557,0.33617,0.33383,0.33465
2025-09-26T23:15:00+09:00,0.33463,0.33552,0.33343,0.33373
2025-09-26T23:30:00+09:00,0.33369,0.33388,0.33325,0.33368
2025-09-26T23:45:00+09:00,0.33364,0.33375,0.33329,0.33345
2025-09-27T00:00:00+09:00,0.33348,0.33394,0.3334,0.33358
2025-09-27T00:15:00+09:00,0.33358,0.33472,0.33353,0.33471
2025-09-27T00:30:00+09:00,0.3347,0.33565,0.33462,0.33536
2025-09-27T00:45:00+09:00,0.33537,0.33549,0.33525,0.33547
2025-09-27T01:00:00+09:00,0.33551,0.33615,0.33551,0.33602
2025-09-27T01:15:00+09:00,0.33602,0.33667,0.33554,0.33555
2025-09-27T01:30:00+09:00,0.33556,0.33562,0.33505,0.33541
2025-09-27T01:45:00+09:00,0.3354,0.33562,0.33519,0.33545
2025-09-27T02:00:00+09:00,0.33543,0.33608,0.33536,0.33607
2025-09-27T02:15:00+09:00,0.33608,0.3364,0.33582,0.33634
2025-09-27T02:30:00+09:00,0.33634,0.33668,0.3362,0.33634
2025-09-27T02:45:00+09:00,0.33635,0.33664,0.33617,0.3366
2025-09-27T03:00:00+09:00,0.33657,0.33685,0.33602,0.33626
2025-09-27T03:15:00+09:00,0.3363,0.33684,0.33622,0.33672
2025-09-27T03:30:00+09:00,0.33672,0.33775,0.33647,0.33681
2025-09-27T03:45:00+09:00,0.33681,0.337,0.33656,0.33686
2025-09-27T04:00:00+09:00,0.33682,0.33682,0.3365,0.33673
2025-09-27T04:15:00+09:00,0.33673,0.33692,0.33634,0.33634
2025-09-27T04:30:00+09:00,0.33634,0.33651,0.33592,0.33602
2025-09-27T04:45:00+09:00,0.33602,0.33657,0.33602,0.33642
2025-09-27T05:00:00+09:00,0.33643,0.33681,0.33617,0.33669
2025-09-27T05:15:00+09:00,0.3367,0.33684,0.33652,0.33673
2025-09-27T05:30:00+09:00,0.33673,0.3369,0.33652,0.33664
2025-09-27T05:45:00+09:00,0.33662,0.33703,0.33662,0.33692
2025-09-27T06:00:00+09:00,0.3369,0.33718,0.33678,0.33717
2025-09-27T06:15:00+09:00,0.3372,0.33763,0.33696,0.33759
2025-09-27T06:30:00+09:00,0.3376,0.33794,0.33743,0.33752
2025-09-27T06:45:00+09:00,0.33749,0.33766,0.33722,0.3375
2025-09-27T07:00:00+09:00,0.33752,0.33785,0.33737,0.3378
2025-09-27T07:15:00+09:00,0.3378,0.33782,0.3375,0.33752
2025-09-27T07:30:00+09:00,0.33757,0.33762,0.33737,0.33745
2025-09-27T07:45:00+09:00,0.33747,0.33781,0.33747,0.33778
2025-09-27T08:00:00+09:00,0.33778,0.33813,0.33777,0.33794
2025-09-27T08:15:00+09:00,0.33791,0.33843,0.33783,0.33815
2025-09-27T08:30:00+09:00,0.33814,0.33876,0.33814,0.33844
2025-09-27T08:45:00+09:00,0.33843,0.33852,0.33841,0.33841
2025-09-27T09:00:00+09:00,0.33842,0.33874,0.33788,0.33806
2025-09-27T09:15:00+09:00,0.33805,0.3382,0.33772,0.33815
2025-09-27T09:30:00+09:00,0.33816,0.33826,0.33796,0.33797
2025-09-27T09:45:00+09:00,0.33797,0.33817,0.33782,0.33812
2025-09-27T10:00:00+09:00,0.3381,0.33842,0.33793,0.33814
2025-09-27T10:15:00+09:00,0.33812,0.33813,0.33746,0.33765
2025-09-27T10:30:00+09:00,0.33768,0.33786,0.33759,0.33778
2025-09-27T10:45:00+09:00,0.33779,0.33818,0.33779,0.33814
2025-09-27T11:00:00+09:00,0.33815,0.3382,0.33801,0.33817
2025-09-27T11:15:00+09:00,0.33817,0.3382,0.33799,0.33818
2025-09-27T11:30:00+09:00,0.33818,0.33826,0.33794,0.33826
2025-09-27T11:45:00+09:00,0.33826,0.33828,0.33803,0.33812
2025-09-27T12:00:00+09:00,0.33811,0.33824,0.338,0.33824
2025-09-27T12:15:00+09:00,0.33823,0.3394,0.33819,0.3393
2025-09-27T12:30:00+09:00,0.33938,0.34009,0.339,0.33917
2025-09-27T12:45:00+09:00,0.33919,0.33919,0.33899,0.33913
2025-09-27T13:00:00+09:00,0.33914,0.33929,0.33908,0.33912
2025-09-27T13:15:00+09:00,0.33912,0.33939,0.33906,0.33936
2025-09-27T13:30:00+09:00,0.33937,0.3395,0.33906,0.3394
2025-09-27T13:45:00+09:00,0.33939,0.3394,0.33913,0.33936
2025-09-27T14:00:00+09:00,0.33937,0.33937,0.3387,0.33893
2025-09-27T14:15:00+09:00,0.33891,0.33911,0.33879,0.33882
2025-09-27T14:30:00+09:00,0.33882,0.33882,0.33849,0.33851
2025-09-27T14:45:00+09:00,0.33851,0.33856,0.3383,0.33856
2025-09-27T15:00:00+09:00,0.33852,0.33852,0.33823,0.33846
2025-09-27T15:15:00+09:00,0.33845,0.33878,0.3384,0.33863
2025-09-27T15:30:00+09:00,0.33863,0.33868,0.33828,0.33841
2025-09-27T15:45:00+09:00,0.3384,0.33841,0.33816,0.33835
2025-09-27T16:00:00+09:00,0.33835,0.33856,0.33753,0.33753
2025-09-27T16:15:00+09:00,0.33753,0.33755,0.33726,0.33747
2025-09-27T16:30:00+09:00,0.3375,0.33767,0.33728,0.33728
2025-09-27T16:45:00+09:00,0.33729,0.33755,0.33723,0.3375
2025-09-27T17:00:00+09:00,0.33751,0.33763,0.33633,0.33669
2025-09-27T17:15:00+09:00,0.33668,0.33702,0.33638,0.33653
2025-09-27T17:30:00+09:00,0.33648,0.33648,0.33596,0.33597
2025-09-27T17:45:00+09:00,0.33597,0.33623,0.33589,0.33598
2025-09-27T18:00:00+09:00,0.33596,0.33612,0.33564,0.33574
2025-09-27T18:15:00+09:00,0.33572,0.33592,0.33556,0.33585
2025-09-27T18:30:00+09:00,0.33583,0.33664,0.33582,0.33663
2025-09-27T18:45:00+09:00,0.33663,0.33672,0.33622,0.33671
2025-09-27T19:00:00+09:00,0.33672,0.33675,0.33626,0.33627
2025-09-27T19:15:00+09:00,0.33625,0.33652,0.33596,0.33623
2025-09-27T19:30:00+09:00,0.33623,0.33666,0.33621,0.33647
2025-09-27T19:45:00+09:00,0.33649,0.33665,0.33624,0.33651
2025-09-27T20:00:00+09:00,0.33651,0.33689,0.33649,0.33678
2025-09-27T20:15:00+09:00,0.33678,0.33706,0.33664,0.33677
2025-09-27T20:30:00+09:00,0.33684,0.33694,0.33664,0.33667
2025-09-27T20:45:00+09:00,0.33663,0.33663,0.33648,0.33656
2025-09-27T21:00:00+09:00,0.33655,0.33655,0.33601,0.33603
2025-09-27T21:15:00+09:00,0.33604,0.3361,0.33597,0.33607
2025-09-27T21:30:00+09:00,0.33607,0.33628,0.336,0.33628
2025-09-27T21:45:00+09:00,0.33629,0.33666,0.33622,0.33651
2025-09-27T22:00:00+09:00,0.33648,0.33659,0.33624,0.33635
2025-09-27T22:15:00+09:00,0.33633,0.33678,0.33633,0.33667
2025-09-27T22:30:00+09:00,0.33669,0.33724,0.33664,0.33714
2025-09-27T22:45:00+09:00,0.33713,0.3376,0.33713,0.33742
2025-09-27T23:00:00+09:00,0.33744,0.33745,0.33691,0.33691
2025-09-27T23:15:00+09:00,0.33689,0.33717,0.33684,0.33717
2025-09-27T23:30:00+09:00,0.33716,0.33734,0.33713,0.33724
2025-09-27T23:45:00+09:00,0.33725,0.33771,0.33719,0.33752
2025-09-28T00:00:00+09:00,0.33752,0.33756,0.33736,0.33755
2025-09-28T00:15:00+09:00,0.33755,0.3386,0.33748,0.33816
2025-09-28T00:30:00+09:00,0.33815,0.33816,0.33743,0.33746
2025-09-28T00:45:00+09:00,0.33746,0.33777,0.33746,0.33776
2025-09-28T01:00:00+09:00,0.33776,0.3378,0.33743,0.33749
2025-09-28T01:15:00+09:00,0.33748,0.33762,0.3374,0.33745
2025-09-28T01:30:00+09:00,0.33744,0.33754,0.33739,0.33754
2025-09-28T01:45:00+09:00,0.33752,0.33775,0.33742,0.33758
2025-09-28T02:00:00+09:00,0.33756,0.33764,0.33738,0.3375
2025-09-28T02:15:00+09:00,0.33748,0.33752,0.33735,0.3375
2025-09-28T02:30:00+09:00,0.33749,0.33753,0.33738,0.33748
2025-09-28T02:45:00+09:00,0.33748,0.33757,0.33742,0.33753
2025-09-28T03:00:00+09:00,0.33749,0.33777,0.33746,0.33763
2025-09-28T03:15:00+09:00,0.33762,0.33765,0.33748,0.33762
2025-09-28T03:30:00+09:00,0.33762,0.33764,0.33752,0.33754
2025-09-28T03:45:00+09:00,0.33754,0.33762,0.33754,0.33758
2025-09-28T04:00:00+09:00,0.33758,0.33759,0.3374,0.3374
2025-09-28T04:15:00+09:00,0.33741,0.33773,0.3374,0.33765
2025-09-28T04:30:00+09:00,0.33763,0.33767,0.33744,0.33765
2025-09-28T04:45:00+09:00,0.33764,0.33786,0.33764,0.33777
2025-09-28T05:00:00+09:00,0.33777,0.33784,0.33758,0.33761
2025-09-28T05:15:00+09:00,0.33761,0.33777,0.33758,0.33773
2025-09-28T05:30:00+09:00,0.33772,0.33783,0.33768,0.33782
2025-09-28T05:45:00+09:00,0.33782,0.33793,0.33781,0.33792
2025-09-28T06:00:00+09:00,0.33793,0.33813,0.3377,0.33781
2025-09-28T06:15:00+09:00,0.33782,0.33782,0.33699,0.337
2025-09-28T06:30:00+09:00,0.33698,0.33738,0.33696,0.33722
2025-09-28T06:45:00+09:00,0.33722,0.33722,0.33708,0.33708
2025-09-28T07:00:00+09:00,0.33708,0.33714,0.33678,0.33697
2025-09-28T07:15:00+09:00,0.33697,0.33711,0.33689,0.3371
2025-09-28T07:30:00+09:00,0.33709,0.3371,0.33678,0.33685
2025-09-28T07:45:00+09:00,0.33684,0.33698,0.33683,0.33689
2025-09-28T08:00:00+09:00,0.33691,0.33716,0.33683,0.33692
2025-09-28T08:15:00+09:00,0.3369,0.3369,0.33667,0.33673
2025-09-28T08:30:00+09:00,0.33672,0.33678,0.33668,0.33669
2025-09-28T08:45:00+09:00,0.3367,0.33675,0.33652,0.33656
2025-09-28T09:00:00+09:00,0.33654,0.33661,0.33631,0.33649
2025-09-28T09:15:00+09:00,0.33651,0.33671,0.33646,0.33671
2025-09-28T09:30:00+09:00,0.33663,0.33664,0.33619,0.33643
2025-09-28T09:45:00+09:00,0.33645,0.33652,0.33628,0.33646
2025-09-28T10:00:00+09:00,0.33646,0.33646,0.33582,0.33598
2025-09-28T10:15:00+09:00,0.33597,0.33625,0.33596,0.33596
2025-09-28T10:30:00+09:00,0.33596,0.33604,0.33566,0.33574
2025-09-28T10:45:00+09:00,0.33573,0.33597,0.3357,0.33581
2025-09-28T11:00:00+09:00,0.33581,0.33655,0.33581,0.33655
2025-09-28T11:15:00+09:00,0.33657,0.33704,0.33654,0.337
2025-09-28T11:30:00+09:00,0.33702,0.33702,0.33633,0.33659
2025-09-28T11:45:00+09:00,0.33657,0.33657,0.33615,0.33634
2025-09-28T12:00:00+09:00,0.33635,0.33647,0.33631,0.33642
2025-09-28T12:15:00+09:00,0.33642,0.33642,0.33631,0.33639
2025-09-28T12:30:00+09:00,0.33638,0.33645,0.33586,0.33624
2025-09-28T12:45:00+09:00,0.33623,0.33667,0.33622,0.33663
2025-09-28T13:00:00+09:00,0.33661,0.33662,0.33618,0.33621
2025-09-28T13:15:00+09:00,0.3362,0.33634,0.3361,0.33622
2025-09-28T13:30:00+09:00,0.33623,0.33665,0.33621,0.33665
2025-09-28T13:45:00+09:00,0.33664,0.33737,0.33664,0.33716
2025-09-28T14:00:00+09:00,0.33715,0.33727,0.3368,0.33689
2025-09-28T14:15:00+09:00,0.3369,0.33711,0.33685,0.337
2025-09-28T14:30:00+09:00,0.337,0.33711,0.33691,0.33696
2025-09-28T14:45:00+09:00,0.33694,0.33699,0.33661,0.33663
2025-09-28T15:00:00+09:00,0.33663,0.33691,0.33657,0.33657
2025-09-28T15:15:00+09:00,0.33657,0.33671,0.33605,0.33606
2025-09-28T15:30:00+09:00,0.33605,0.33635,0.33596,0.33609
2025-09-28T15:45:00+09:00,0.33609,0.33631,0.336,0.33631
2025-09-28T16:00:00+09:00,0.33633,0.33634,0.33596,0.33614
2025-09-28T16:15:00+09:00,0.3362,0.33659,0.3362,0.33647
2025-09-28T16:30:00+09:00,0.33646,0.33654,0.33621,0.33639
2025-09-28T16:45:00+09:00,0.33636,0.33677,0.33636,0.33671
2025-09-28T17:00:00+09:00,0.33672,0.33676,0.33666,0.33666
2025-09-28T17:15:00+09:00,0.33666,0.33671,0.33652,0.33667
2025-09-28T17:30:00+09:00,0.33665,0.33675,0.33645,0.33672
2025-09-28T17:45:00+09:00,0.33671,0.33685,0.3365,0.3366
2025-09-28T18:00:00+09:00,0.3366,0.33688,0.3363,0.3364
2025-09-28T18:15:00+09:00,0.33638,0.33644,0.33616,0.33622
2025-09-28T18:30:00+09:00,0.33624,0.3363,0.33618,0.33618
2025-09-28T18:45:00+09:00,0.33618,0.33618,0.33569,0.3359
2025-09-28T19:00:00+09:00,0.3359,0.33592,0.33553,0.33567
2025-09-28T19:15:00+09:00,0.33565,0.33606,0.33565,0.33606
2025-09-28T19:30:00+09:00,0.33602,0.33612,0.3359,0.33602
2025-09-28T19:45:00+09:00,0.33605,0.33608,0.33579,0.33596
2025-09-28T20:00:00+09:00,0.33595,0.33599,0.33586,0.33593
2025-09-28T20:15:00+09:00,0.3359,0.33604,0.33583,0.33596
2025-09-28T20:30:00+09:00,0.33595,0.33619,0.33587,0.33597
2025-09-28T20:45:00+09:00,0.33594,0.33615,0.33571,0.3361
2025-09-28T21:00:00+09:00,0.3361,0.3361,0.33569,0.33595
2025-09-28T21:15:00+09:00,0.33597,0.33634,0.33597,0.33629
2025-09-28T21:30:00+09:00,0.3363,0.33631,0.33596,0.33613
2025-09-28T21:45:00+09:00,0.33616,0.33635,0.33611,0.33629
2025-09-28T22:00:00+09:00,0.33627,0.33635,0.33598,0.3361
2025-09-28T22:15:00+09:00,0.33605,0.33625,0.33599,0.33613
2025-09-28T22:30:00+09:00,0.3362,0.33625,0.33602,0.3361
2025-09-28T22:45:00+09:00,0.3361,0.33664,0.33603,0.3366
2025-09-28T23:00:00+09:00,0.33661,0.33662,0.33622,0.33634
2025-09-28T23:15:00+09:00,0.33634,0.33645,0.33616,0.33623
2025-09-28T23:30:00+09:00,0.33621,0.33622,0.33609,0.33609
2025-09-28T23:45:00+09:00,0.33611,0.33623,0.33606,0.33621
2025-09-29T00:00:00+09:00,0.33623,0.33648,0.3361,0.33621
2025-09-29T00:15:00+09:00,0.33621,0.33659,0.3362,0.33654
2025-09-29T00:30:00+09:00,0.33654,0.33655,0.33603,0.33607
2025-09-29T00:45:00+09:00,0.33607,0.3362,0.33596,0.33616
2025-09-29T01:00:00+09:00,0.33617,0.33646,0.33598,0.33606
2025-09-29T01:15:00+09:00,0.33604,0.33613,0.33565,0.33567
2025-09-29T01:30:00+09:00,0.33572,0.33576,0.33551,0.33569
2025-09-29T01:45:00+09:00,0.33569,0.33589,0.33559,0.33571
2025-09-29T02:00:00+09:00,0.33569,0.33597,0.33569,0.33572
2025-09-29T02:15:00+09:00,0.3357,0.33573,0.33458,0.3352
2025-09-29T02:30:00+09:00,0.3352,0.33521,0.33475,0.33476
2025-09-29T02:45:00+09:00,0.33471,0.33515,0.33459,0.335
2025-09-29T03:00:00+09:00,0.335,0.335,0.33467,0.33473
2025-09-29T03:15:00+09:00,0.3347,0.3347,0.33438,0.33454
2025-09-29T03:30:00+09:00,0.33455,0.33458,0.3341,0.33449
2025-09-29T03:45:00+09:00,0.33451,0.3348,0.33449,0.33472
2025-09-29T04:00:00+09:00,0.33472,0.33474,0.33432,0.33434
2025-09-29T04:15:00+09:00,0.33435,0.33446,0.33417,0.33431
2025-09-29T04:30:00+09:00,0.33432,0.33442,0.33425,0.33431
2025-09-29T04:45:00+09:00,0.33427,0.33466,0.33427,0.33452
2025-09-29T05:00:00+09:00,0.33452,0.33463,0.33423,0.33429
2025-09-29T05:15:00+09:00,0.33427,0.33443,0.33427,0.33437
2025-09-29T05:30:00+09:00,0.33438,0.33439,0.334,0.33413
2025-09-29T05:45:00+09:00,0.33412,0.33463,0.33408,0.33459
2025-09-29T06:00:00+09:00,0.33459,0.33485,0.33454,0.33458
2025-09-29T06:15:00+09:00,0.33461,0.33492,0.33454,0.33477
2025-09-29T06:30:00+09:00,0.33477,0.335,0.33451,0.33451
2025-09-29T06:45:00+09:00,0.33451,0.33452,0.33412,0.33446
2025-09-29T07:00:00+09:00,0.33448,0.33573,0.33448,0.3353
2025-09-29T07:15:00+09:00,0.33527,0.33562,0.33511,0.33552
2025-09-29T07:30:00+09:00,0.33552,0.33571,0.3354,0.33554
2025-09-29T07:45:00+09:00,0.33554,0.33604,0.33521,0.33523
2025-09-29T08:00:00+09:00,0.33527,0.33567,0.33508,0.33548
2025-09-29T08:15:00+09:00,0.33545,0.33565,0.33526,0.3356
2025-09-29T08:30:00+09:00,0.33569,0.33608,0.33564,0.33599
2025-09-29T08:45:00+09:00,0.33598,0.33598,0.33554,0.33572
2025-09-29T09:00:00+09:00,0.33572,0.33573,0.33508,0.33547
2025-09-29T09:15:00+09:00,0.33547,0.33587,0.33534,0.33548
2025-09-29T09:30:00+09:00,0.33542,0.3356,0.33527,0.33527
2025-09-29T09:45:00+09:00,0.33529,0.33561,0.33529,0.33534
2025-09-29T10:00:00+09:00,0.33534,0.33587,0.33532,0.33549
2025-09-29T10:15:00+09:00,0.3355,0.33571,0.33543,0.33562
2025-09-29T10:30:00+09:00,0.33563,0.33574,0.33551,0.33556
2025-09-29T10:45:00+09:00,0.33554,0.33556,0.33512,0.33522
2025-09-29T11:00:00+09:00,0.33521,0.33583,0.33521,0.33566
2025-09-29T11:15:00+09:00,0.33558,0.33579,0.33545,0.33571
2025-09-29T11:30:00+09:00,0.33574,0.33574,0.33552,0.33567
2025-09-29T11:45:00+09:00,0.33566,0.33579,0.3356,0.33574
2025-09-29T12:00:00+09:00,0.33575,0.33644,0.33565,0.33612
2025-09-29T12:15:00+09:00,0.3361,0.33629,0.33607,0.33612
2025-09-29T12:30:00+09:00,0.33612,0.33623,0.33603,0.33605
2025-09-29T12:45:00+09:00,0.33604,0.33611,0.3359,0.33607
2025-09-29T13:00:00+09:00,0.33609,0.33616,0.33584,0.33587
2025-09-29T13:15:00+09:00,0.33588,0.33594,0.33533,0.33535
2025-09-29T13:30:00+09:00,0.33535,0.33551,0.33523,0.33541
2025-09-29T13:45:00+09:00,0.3354,0.3354,0.33501,0.33526
2025-09-29T14:00:00+09:00,0.33525,0.33526,0.33506,0.33519
2025-09-29T14:15:00+09:00,0.33521,0.33551,0.33511,0.33528
2025-09-29T14:30:00+09:00,0.33527,0.33527,0.33499,0.3352
2025-09-29T14:45:00+09:00,0.3352,0.33545,0.3352,0.33531
2025-09-29T15:00:00+09:00,0.33531,0.33547,0.33495,0.33503
2025-09-29T15:15:00+09:00,0.33497,0.33511,0.33491,0.33502
2025-09-29T15:30:00+09:00,0.33499,0.33515,0.33496,0.33508
2025-09-29T15:45:00+09:00,0.33507,0.33524,0.33501,0.33503
2025-09-29T16:00:00+09:00,0.33505,0.33517,0.33498,0.33508
2025-09-29T16:15:00+09:00,0.33508,0.33512,0.33478,0.3351
2025-09-29T16:30:00+09:00,0.33511,0.33522,0.33467,0.33472
2025-09-29T16:45:00+09:00,0.33472,0.33483,0.33443,0.33451
2025-09-29T17:00:00+09:00,0.33452,0.33468,0.33422,0.33463
2025-09-29T17:15:00+09:00,0.33463,0.33506,0.33462,0.33483
2025-09-29T17:30:00+09:00,0.33483,0.33501,0.33476,0.33478
2025-09-29T17:45:00+09:00,0.33481,0.33492,0.33403,0.33403
2025-09-29T18:00:00+09:00,0.33402,0.3342,0.33367,0.33373
2025-09-29T18:15:00+09:00,0.33369,0.33369,0.33304,0.33328
2025-09-29T18:30:00+09:00,0.33326,0.33327,0.33289,0.33289
2025-09-29T18:45:00+09:00,0.3329,0.33329,0.33286,0.33301
2025-09-29T19:00:00+09:00,0.33301,0.33301,0.33238,0.33255
2025-09-29T19:15:00+09:00,0.33253,0.33286,0.33242,0.33257
2025-09-29T19:30:00+09:00,0.33257,0.33302,0.33236,0.33301
2025-09-29T19:45:00+09:00,0.333,0.33369,0.333,0.3334
2025-09-29T20:00:00+09:00,0.33341,0.33352,0.33321,0.33343
2025-09-29T20:15:00+09:00,0.33343,0.33374,0.33339,0.33359
2025-09-29T20:30:00+09:00,0.33359,0.33381,0.3334,0.3334
2025-09-29T20:45:00+09:00,0.3334,0.33354,0.333,0.33349
2025-09-29T21:00:00+09:00,0.33349,0.33349,0.33305,0.3332
2025-09-29T21:15:00+09:00,0.33317,0.33319,0.33286,0.33312
2025-09-29T21:30:00+09:00,0.33313,0.33325,0.33298,0.33311
2025-09-29T21:45:00+09:00,0.33306,0.33336,0.33301,0.33319
2025-09-29T22:00:00+09:00,0.33319,0.33335,0.333,0.33326
2025-09-29T22:15:00+09:00,0.33326,0.33356,0.33324,0.33342
2025-09-29T22:30:00+09:00,0.33342,0.33459,0.33328,0.33459
2025-09-29T22:45:00+09:00,0.33459,0.33504,0.33374,0.33448
2025-09-29T23:00:00+09:00,0.33448,0.33477,0.33415,0.33464
2025-09-29T23:15:00+09:00,0.33464,0.33508,0.33435,0.33456
2025-09-29T23:30:00+09:00,0.33456,0.33494,0.33445,0.33476
2025-09-29T23:45:00+09:00,0.33474,0.33579,0.33473,0.33553
2025-09-30T00:00:00+09:00,0.33554,0.33615,0.3351,0.33527
2025-09-30T00:15:00+09:00,0.3353,0.33561,0.33513,0.33556
2025-09-30T00:30:00+09:00,0.33556,0.33607,0.33537,0.33561
2025-09-30T00:45:00+09:00,0.33562,0.33597,0.33542,0.33569
2025-09-30T01:00:00+09:00,0.33571,0.33617,0.33571,0.33606
2025-09-30T01:15:00+09:00,0.33607,0.33617,0.33578,0.33607
2025-09-30T01:30:00+09:00,0.33606,0.33631,0.33592,0.33598
2025-09-30T01:45:00+09:00,0.336,0.33604,0.33574,0.33586
2025-09-30T02:00:00+09:00,0.33586,0.33652,0.33555,0.33624
2025-09-30T02:15:00+09:00,0.33624,0.33628,0.33597,0.33618
2025-09-30T02:30:00+09:00,0.33618,0.33637,0.33596,0.33627
2025-09-30T02:45:00+09:00,0.33627,0.33729,0.33627,0.33705
2025-09-30T03:00:00+09:00,0.33705,0.33725,0.33685,0.33725
2025-09-30T03:15:00+09:00,0.33724,0.3374,0.33693,0.33719
2025-09-30T03:30:00+09:00,0.33719,0.33727,0.33672,0.33703
2025-09-30T03:45:00+09:00,0.33704,0.33709,0.33645,0.33647
2025-09-30T04:00:00+09:00,0.33647,0.33674,0.33644,0.33662
2025-09-30T04:15:00+09:00,0.33662,0.33662,0.33636,0.33636
2025-09-30T04:30:00+09:00,0.33635,0.33654,0.33609,0.33651
2025-09-30T04:45:00+09:00,0.33651,0.3366,0.33608,0.33609
2025-09-30T05:00:00+09:00,0.33607,0.33645,0.336,0.33639
2025-09-30T05:15:00+09:00,0.33638,0.33651,0.33592,0.33594
2025-09-30T05:30:00+09:00,0.33594,0.33623,0.33593,0.33607
2025-09-30T05:45:00+09:00,0.33611,0.33629,0.33593,0.3362
2025-09-30T06:00:00+09:00,0.33621,0.33663,0.33621,0.3364
2025-09-30T06:15:00+09:00,0.3364,0.33667,0.3364,0.33667
2025-09-30T06:30:00+09:00,0.33667,0.33676,0.33635,0.33642
2025-09-30T06:45:00+09:00,0.33642,0.33657,0.33639,0.33655
2025-09-30T07:00:00+09:00,0.33649,0.33692,0.33633,0.33664
2025-09-30T07:15:00+09:00,0.33664,0.33716,0.33656,0.33699
2025-09-30T07:30:00+09:00,0.33701,0.3372,0.33688,0.3372
2025-09-30T07:45:00+09:00,0.33719,0.33777,0.33702,0.33763
2025-09-30T08:00:00+09:00,0.33762,0.33774,0.33696,0.33707
2025-09-30T08:15:00+09:00,0.33701,0.33737,0.33684,0.33686
2025-09-30T08:30:00+09:00,0.33686,0.33705,0.33682,0.33682
2025-09-30T08:45:00+09:00,0.33681,0.337,0.33681,0.33682
2025-09-30T09:00:00+09:00,0.33689,0.33716,0.33663,0.33714
2025-09-30T09:15:00+09:00,0.33708,0.33713,0.33669,0.33711
2025-09-30T09:30:00+09:00,0.33713,0.33717,0.33686,0.33707
2025-09-30T09:45:00+09:00,0.33711,0.33712,0.33657,0.33657
2025-09-30T10:00:00+09:00,0.3366,0.33705,0.3365,0.33665
2025-09-30T10:15:00+09:00,0.33672,0.33715,0.33672,0.33714
2025-09-30T10:30:00+09:00,0.33712,0.33712,0.33645,0.33652
2025-09-30T10:45:00+09:00,0.33651,0.33688,0.33642,0.33688
2025-09-30T11:00:00+09:00,0.33688,0.33688,0.33638,0.33659
2025-09-30T11:15:00+09:00,0.33656,0.33672,0.33637,0.33652
2025-09-30T11:30:00+09:00,0.33651,0.3367,0.33621,0.3365
2025-09-30T11:45:00+09:00,0.33649,0.33656,0.33631,0.33641
2025-09-30T12:00:00+09:00,0.33645,0.33703,0.33638,0.33682
2025-09-30T12:15:00+09:00,0.3369,0.33739,0.33684,0.33733
2025-09-30T12:30:00+09:00,0.33733,0.33796,0.33685,0.33726
2025-09-30T12:45:00+09:00,0.33726,0.33743,0.33705,0.33718
2025-09-30T13:00:00+09:00,0.33717,0.33723,0.33668,0.33698
2025-09-30T13:15:00+09:00,0.33693,0.33699,0.3367,0.3368
2025-09-30T13:30:00+09:00,0.3368,0.33708,0.3365,0.33708
2025-09-30T13:45:00+09:00,0.33709,0.3371,0.33671,0.33674
2025-09-30T14:00:00+09:00,0.33674,0.33679,0.33648,0.33663
2025-09-30T14:15:00+09:00,0.33664,0.33666,0.33645,0.33649
2025-09-30T14:30:00+09:00,0.33647,0.33649,0.33626,0.33649
2025-09-30T14:45:00+09:00,0.33647,0.33665,0.33626,0.33652
2025-09-30T15:00:00+09:00,0.33651,0.33663,0.33638,0.33652
2025-09-30T15:15:00+09:00,0.33652,0.33657,0.33611,0.33615
2025-09-30T15:30:00+09:00,0.33611,0.3363,0.336,0.33627
2025-09-30T15:45:00+09:00,0.33632,0.33649,0.33622,0.33622
2025-09-30T16:00:00+09:00,0.33622,0.33655,0.33621,0.33623
2025-09-30T16:15:00+09:00,0.33622,0.33634,0.33618,0.33618
2025-09-30T16:30:00+09:00,0.3362,0.33656,0.33603,0.33655
2025-09-30T16:45:00+09:00,0.33649,0.33657,0.33617,0.33643
2025-09-30T17:00:00+09:00,0.33643,0.3366,0.33627,0.33644
2025-09-30T17:15:00+09:00,0.33643,0.33704,0.33635,0.33698
2025-09-30T17:30:00+09:00,0.33699,0.3372,0.33677,0.33707
2025-09-30T17:45:00+09:00,0.33709,0.3371,0.33655,0.33658
2025-09-30T18:00:00+09:00,0.33659,0.33703,0.33649,0.33678
2025-09-30T18:15:00+09:00,0.33678,0.3372,0.3367,0.33708
2025-09-30T18:30:00+09:00,0.33709,0.33742,0.33675,0.33692
2025-09-30T18:45:00+09:00,0.33691,0.33714,0.33688,0.33711
2025-09-30T19:00:00+09:00,0.33711,0.33713,0.33649,0.33676
2025-09-30T19:15:00+09:00,0.33675,0.33688,0.33648,0.33672
2025-09-30T19:30:00+09:00,0.33672,0.33701,0.3366,0.33683
2025-09-30T19:45:00+09:00,0.33681,0.33683,0.33667,0.33669
2025-09-30T20:00:00+09:00,0.33669,0.33687,0.33655,0.3367
2025-09-30T20:15:00+09:00,0.33673,0.33692,0.33655,0.33677
2025-09-30T20:30:00+09:00,0.33675,0.33704,0.33661,0.3367
2025-09-30T20:45:00+09:00,0.33669,0.33671,0.3365,0.33661
2025-09-30T21:00:00+09:00,0.33661,0.33692,0.33645,0.33646
2025-09-30T21:15:00+09:00,0.33645,0.33645,0.33511,0.33533
2025-09-30T21:30:00+09:00,0.33532,0.33552,0.33514,0.33528
2025-09-30T21:45:00+09:00,0.33525,0.33548,0.33502,0.33533
2025-09-30T22:00:00+09:00,0.33534,0.33545,0.33485,0.33499
2025-09-30T22:15:00+09:00,0.33498,0.33513,0.33477,0.33478
2025-09-30T22:30:00+09:00,0.33476,0.33506,0.33464,0.33464
2025-09-30T22:45:00+09:00,0.33471,0.33471,0.33316,0.33362
2025-09-30T23:00:00+09:00,0.3336,0.33374,0.33307,0.33346
2025-09-30T23:15:00+09:00,0.33345,0.33355,0.33306,0.33352
2025-09-30T23:30:00+09:00,0.33349,0.33405,0.33345,0.33368
2025-09-30T23:45:00+09:00,0.33368,0.3339,0.33349,0.33382
2025-10-01T00:00:00+09:00,0.33382,0.33458,0.333,0.33307
2025-10-01T00:15:00+09:00,0.33306,0.33334,0.33267,0.33286
2025-10-01T00:30:00+09:00,0.33287,0.33319,0.33274,0.33302
2025-10-01T00:45:00+09:00,0.33302,0.33326,0.33289,0.33321
2025-10-01T01:00:00+09:00,0.33319,0.33363,0.33302,0.33336
2025-10-01T01:15:00+09:00,0.33338,0.3336,0.33331,0.33342
2025-10-01T01:30:00+09:00,0.33342,0.33353,0.33335,0.33348
2025-10-01T01:45:00+09:00,0.33347,0.33373,0.33337,0.33354
2025-10-01T02:00:00+09:00,0.33354,0.33361,0.33324,0.33324
2025-10-01T02:15:00+09:00,0.3333,0.33347,0.33302,0.33305
2025-10-01T02:30:00+09:00,0.33305,0.33305,0.33263,0.33265
2025-10-01T02:45:00+09:00,0.33266,0.33307,0.3326,0.33304
2025-10-01T03:00:00+09:00,0.33301,0.33372,0.33279,0.33359
2025-10-01T03:15:00+09:00,0.33357,0.33371,0.33343,0.33362
2025-10-01T03:30:00+09:00,0.33361,0.33417,0.33325,0.33327
2025-10-01T03:45:00+09:00,0.33324,0.33365,0.33319,0.33341
2025-10-01T04:00:00+09:00,0.33341,0.3336,0.33322,0.33327
2025-10-01T04:15:00+09:00,0.33327,0.33332,0.33319,0.33319
2025-10-01T04:30:00+09:00,0.33327,0.3335,0.33317,0.33335
2025-10-01T04:45:00+09:00,0.33333,0.33333,0.33263,0.33269
2025-10-01T05:00:00+09:00,0.33269,0.33273,0.33144,0.33162
2025-10-01T05:15:00+09:00,0.33162,0.33243,0.33157,0.33188
2025-10-01T05:30:00+09:00,0.33187,0.33215,0.33187,0.33201
2025-10-01T05:45:00+09:00,0.33201,0.33274,0.33199,0.33263
2025-10-01T06:00:00+09:00,0.33257,0.33257,0.33227,0.33238
2025-10-01T06:15:00+09:00,0.33238,0.3327,0.33238,0.33266
2025-10-01T06:30:00+09:00,0.33264,0.33313,0.33247,0.33254
2025-10-01T06:45:00+09:00,0.33252,0.33266,0.33205,0.33205
2025-10-01T07:00:00+09:00,0.33205,0.33243,0.33195,0.33204
2025-10-01T07:15:00+09:00,0.33204,0.33271,0.33204,0.33253
2025-10-01T07:30:00+09:00,0.33256,0.33286,0.33256,0.33285
2025-10-01T07:45:00+09:00,0.33284,0.33316,0.33283,0.33305
2025-10-01T08:00:00+09:00,0.33306,0.33306,0.33234,0.33281
2025-10-01T08:15:00+09:00,0.33281,0.33309,0.33277,0.33306
2025-10-01T08:30:00+09:00,0.33302,0.33313,0.33276,0.33304
2025-10-01T08:45:00+09:00,0.33307,0.33428,0.33305,0.33356
2025-10-01T09:00:00+09:00,0.33361,0.33369,0.33307,0.33338
2025-10-01T09:15:00+09:00,0.33334,0.33394,0.33316,0.33334
2025-10-01T09:30:00+09:00,0.33348,0.33366,0.3333,0.33344
2025-10-01T09:45:00+09:00,0.33341,0.33372,0.3334,0.33348
2025-10-01T10:00:00+09:00,0.33347,0.33352,0.33319,0.33337
2025-10-01T10:15:00+09:00,0.33337,0.33355,0.33323,0.33349
2025-10-01T10:30:00+09:00,0.33348,0.3335,0.3331,0.33327
2025-10-01T10:45:00+09:00,0.33327,0.33353,0.33325,0.33333
2025-10-01T11:00:00+09:00,0.33332,0.33362,0.33309,0.33347
2025-10-01T11:15:00+09:00,0.33344,0.33403,0.33323,0.33332
2025-10-01T11:30:00+09:00,0.33333,0.33351,0.33323,0.33331
2025-10-01T11:45:00+09:00,0.3333,0.3337,0.33305,0.33336
2025-10-01T12:00:00+09:00,0.33335,0.33358,0.33318,0.33345
2025-10-01T12:15:00+09:00,0.33345,0.33372,0.33332,0.3336
2025-10-01T12:30:00+09:00,0.3336,0.33465,0.3335,0.3341
2025-10-01T12:45:00+09:00,0.3341,0.33411,0.33381,0.33381
2025-10-01T13:00:00+09:00,0.33382,0.33479,0.33382,0.33448
2025-10-01T13:15:00+09:00,0.33453,0.33468,0.33436,0.3345
2025-10-01T13:30:00+09:00,0.33456,0.33462,0.33405,0.33458
2025-10-01T13:45:00+09:00,0.33458,0.33471,0.33446,0.33468
2025-10-01T14:00:00+09:00,0.33467,0.33504,0.33443,0.33462
2025-10-01T14:15:00+09:00,0.33458,0.33458,0.33424,0.3343
2025-10-01T14:30:00+09:00,0.33431,0.33451,0.33421,0.33449
2025-10-01T14:45:00+09:00,0.33449,0.33465,0.33434,0.33444
2025-10-01T15:00:00+09:00,0.33443,0.33454,0.3342,0.33427
2025-10-01T15:15:00+09:00,0.33428,0.33449,0.33405,0.33448
2025-10-01T15:30:00+09:00,0.33443,0.33446,0.33413,0.33425
2025-10-01T15:45:00+09:00,0.33429,0.33429,0.33377,0.33399
2025-10-01T16:00:00+09:00,0.33398,0.33451,0.33395,0.33448
2025-10-01T16:15:00+09:00,0.33446,0.33453,0.33426,0.33448
2025-10-01T16:30:00+09:00,0.33448,0.33463,0.33432,0.33452
2025-10-01T16:45:00+09:00,0.33454,0.33459,0.33421,0.33442
2025-10-01T17:00:00+09:00,0.33435,0.33478,0.33418,0.33477
2025-10-01T17:15:00+09:00,0.33477,0.33549,0.33477,0.33539
2025-10-01T17:30:00+09:00,0.3354,0.33608,0.3354,0.33608
2025-10-01T17:45:00+09:00,0.33607,0.33704,0.33595,0.33691
2025-10-01T18:00:00+09:00,0.33696,0.33861,0.33688,0.33766
2025-10-01T18:15:00+09:00,0.33769,0.33792,0.3373,0.33754
2025-10-01T18:30:00+09:00,0.33757,0.3381,0.3375,0.3381
2025-10-01T18:45:00+09:00,0.33817,0.33869,0.33804,0.33829
2025-10-01T19:00:00+09:00,0.33828,0.33849,0.33763,0.33766
2025-10-01T19:15:00+09:00,0.33764,0.33856,0.33764,0.33824
2025-10-01T19:30:00+09:00,0.33824,0.33854,0.33806,0.33849
2025-10-01T19:45:00+09:00,0.3385,0.33879,0.33835,0.3387
2025-10-01T20:00:00+09:00,0.33868,0.33878,0.33846,0.33872
2025-10-01T20:15:00+09:00,0.33872,0.33958,0.33855,0.33925
2025-10-01T20:30:00+09:00,0.33923,0.33923,0.33845,0.33851
2025-10-01T20:45:00+09:00,0.3385,0.33853,0.33797,0.33812
2025-10-01T21:00:00+09:00,0.33814,0.3395,0.33814,0.33864
2025-10-01T21:15:00+09:00,0.3386,0.33876,0.33798,0.33848
2025-10-01T21:30:00+09:00,0.33848,0.33883,0.33808,0.33861
2025-10-01T21:45:00+09:00,0.33858,0.33863,0.33791,0.33807
2025-10-01T22:00:00+09:00,0.33806,0.33874,0.33805,0.33871
2025-10-01T22:15:00+09:00,0.33871,0.33899,0.33861,0.33885
2025-10-01T22:30:00+09:00,0.33892,0.33938,0.33843,0.3388
2025-10-01T22:45:00+09:00,0.3388,0.33904,0.33846,0.33862
2025-10-01T23:00:00+09:00,0.33866,0.33916,0.33848,0.33879
2025-10-01T23:15:00+09:00,0.33877,0.33913,0.33867,0.33905
2025-10-01T23:30:00+09:00,0.33908,0.34055,0.33896,0.34006
2025-10-01T23:45:00+09:00,0.34005,0.34006,0.33933,0.33963
2025-10-02T00:00:00+09:00,0.33963,0.34013,0.3395,0.3398
2025-10-02T00:15:00+09:00,0.3398,0.34019,0.33972,0.34002
2025-10-02T00:30:00+09:00,0.34001,0.34026,0.33979,0.33986
2025-10-02T00:45:00+09:00,0.33983,0.33995,0.33949,0.33982
2025-10-02T01:00:00+09:00,0.33985,0.34017,0.33958,0.34013
2025-10-02T01:15:00+09:00,0.34013,0.34044,0.34009,0.34033
2025-10-02T01:30:00+09:00,0.34035,0.34111,0.3403,0.34108
2025-10-02T01:45:00+09:00,0.34108,0.34115,0.34019,0.34052
2025-10-02T02:00:00+09:00,0.34051,0.34099,0.34012,0.34022
2025-10-02T02:15:00+09:00,0.34019,0.34058,0.34019,0.34029
2025-10-02T02:30:00+09:00,0.34029,0.34063,0.34018,0.34041
2025-10-02T02:45:00+09:00,0.34041,0.34067,0.34013,0.34065
2025-10-02T03:00:00+09:00,0.34065,0.34108,0.34059,0.34107
2025-10-02T03:15:00+09:00,0.34105,0.34115,0.34096,0.34101
2025-10-02T03:30:00+09:00,0.34102,0.3412,0.3404,0.34113
2025-10-02T03:45:00+09:00,0.3411,0.34139,0.3411,0.34126
2025-10-02T04:00:00+09:00,0.34127,0.34228,0.34114,0.34196
2025-10-02T04:15:00+09:00,0.34197,0.34224,0.34177,0.34207
2025-10-02T04:30:00+09:00,0.34211,0.34226,0.34189,0.34221
2025-10-02T04:45:00+09:00,0.34221,0.34236,0.34206,0.34206
2025-10-02T05:00:00+09:00,0.34207,0.34216,0.34137,0.34154
2025-10-02T05:15:00+09:00,0.34165,0.34167,0.34131,0.34144
2025-10-02T05:30:00+09:00,0.34144,0.34144,0.34123,0.34138
2025-10-02T05:45:00+09:00,0.34136,0.34142,0.34122,0.34139
2025-10-02T06:00:00+09:00,0.3414,0.34149,0.34129,0.34142
2025-10-02T06:15:00+09:00,0.34139,0.34148,0.34112,0.34137
2025-10-02T06:30:00+09:00,0.34137,0.34166,0.34135,0.34157
2025-10-02T06:45:00+09:00,0.34157,0.34157,0.34123,0.34139
2025-10-02T07:00:00+09:00,0.34137,0.34172,0.34124,0.34143
2025-10-02T07:15:00+09:00,0.34144,0.34149,0.34124,0.34135
2025-10-02T07:30:00+09:00,0.34133,0.3415,0.34107,0.3413
2025-10-02T07:45:00+09:00,0.34131,0.34158,0.34127,0.34149
2025-10-02T08:00:00+09:00,0.34149,0.34183,0.34133,0.34177
2025-10-02T08:15:00+09:00,0.34176,0.34181,0.34158,0.34181
2025-10-02T08:30:00+09:00,0.3418,0.34197,0.34151,0.34178
2025-10-02T08:45:00+09:00,0.34177,0.3419,0.34153,0.34155
2025-10-02T09:00:00+09:00,0.34157,0.34218,0.34157,0.34211
2025-10-02T09:15:00+09:00,0.34203,0.34219,0.3411,0.34128
2025-10-02T09:30:00+09:00,0.3413,0.34149,0.3412,0.34132
2025-10-02T09:45:00+09:00,0.34132,0.34141,0.34123,0.34129
2025-10-02T10:00:00+09:00,0.34129,0.34152,0.34106,0.3413
2025-10-02T10:15:00+09:00,0.34129,0.34154,0.3411,0.34117
2025-10-02T10:30:00+09:00,0.34118,0.34134,0.34102,0.34134
2025-10-02T10:45:00+09:00,0.34134,0.34257,0.34128,0.34228
2025-10-02T11:00:00+09:00,0.34229,0.34238,0.34161,0.34188
2025-10-02T11:15:00+09:00,0.34189,0.34203,0.34168,0.34191
2025-10-02T11:30:00+09:00,0.34195,0.34261,0.34189,0.34257
2025-10-02T11:45:00+09:00,0.34257,0.34262,0.34231,0.34238
2025-10-02T12:00:00+09:00,0.34239,0.3425,0.3421,0.34245
2025-10-02T12:15:00+09:00,0.34245,0.34245,0.34164,0.34183
2025-10-02T12:30:00+09:00,0.34185,0.342,0.34121,0.34121
2025-10-02T12:45:00+09:00,0.34132,0.34139,0.34095,0.34123
2025-10-02T13:00:00+09:00,0.34123,0.34147,0.34104,0.34129
2025-10-02T13:15:00+09:00,0.34128,0.34136,0.34073,0.34134
2025-10-02T13:30:00+09:00,0.34136,0.34184,0.34136,0.34184
2025-10-02T13:45:00+09:00,0.34186,0.34217,0.34176,0.3419
2025-10-02T14:00:00+09:00,0.34191,0.34199,0.34141,0.3415
2025-10-02T14:15:00+09:00,0.3415,0.34171,0.34123,0.34164
2025-10-02T14:30:00+09:00,0.34165,0.34165,0.34135,0.34136
2025-10-02T14:45:00+09:00,0.34137,0.34178,0.34132,0.34174
2025-10-02T15:00:00+09:00,0.34174,0.34183,0.34148,0.34149
2025-10-02T15:15:00+09:00,0.34151,0.34224,0.34151,0.34224
2025-10-02T15:30:00+09:00,0.34222,0.34269,0.34201,0.34204
2025-10-02T15:45:00+09:00,0.34204,0.34205,0.34171,0.34184
2025-10-02T16:00:00+09:00,0.34183,0.34194,0.34161,0.34168
2025-10-02T16:15:00+09:00,0.34168,0.34191,0.34158,0.34159
2025-10-02T16:30:00+09:00,0.34159,0.34167,0.34146,0.3415
2025-10-02T16:45:00+09:00,0.34147,0.34182,0.34142,0.34169
2025-10-02T17:00:00+09:00,0.34174,0.34176,0.34148,0.34151
2025-10-02T17:15:00+09:00,0.34149,0.34165,0.34127,0.34131
2025-10-02T17:30:00+09:00,0.3413,0.34131,0.34107,0.34111
2025-10-02T17:45:00+09:00,0.34111,0.34145,0.34111,0.34122
2025-10-02T18:00:00+09:00,0.34122,0.34137,0.34096,0.34119
2025-10-02T18:15:00+09:00,0.34118,0.34134,0.34114,0.34132
2025-10-02T18:30:00+09:00,0.34133,0.34151,0.34129,0.34142
2025-10-02T18:45:00+09:00,0.34143,0.34155,0.34135,0.34136
2025-10-02T19:00:00+09:00,0.34136,0.34136,0.34098,0.34112
2025-10-02T19:15:00+09:00,0.34112,0.34121,0.34092,0.34106
2025-10-02T19:30:00+09:00,0.34107,0.34123,0.3408,0.34098
2025-10-02T19:45:00+09:00,0.34097,0.34111,0.34092,0.34098
2025-10-02T20:00:00+09:00,0.34099,0.341,0.34089,0.34094
2025-10-02T20:15:00+09:00,0.34094,0.34097,0.3409,0.34091
2025-10-02T20:30:00+09:00,0.34092,0.34113,0.3409,0.34096
2025-10-02T20:45:00+09:00,0.34097,0.34167,0.34097,0.34144
2025-10-02T21:00:00+09:00,0.34144,0.3419,0.34117,0.34172
2025-10-02T21:15:00+09:00,0.34172,0.34179,0.34149,0.34169
2025-10-02T21:30:00+09:00,0.34168,0.3417,0.34139,0.34139
2025-10-02T21:45:00+09:00,0.34141,0.34165,0.34135,0.34164
2025-10-02T22:00:00+09:00,0.34164,0.34194,0.34134,0.34137
2025-10-02T22:15:00+09:00,0.34137,0.342,0.34125,0.34193
2025-10-02T22:30:00+09:00,0.34192,0.34206,0.34129,0.34143
2025-10-02T22:45:00+09:00,0.34144,0.34194,0.34133,0.34185
2025-10-02T23:00:00+09:00,0.34187,0.3419,0.34135,0.34147
2025-10-02T23:15:00+09:00,0.34145,0.342,0.3414,0.34197
2025-10-02T23:30:00+09:00,0.342,0.3425,0.34131,0.34131
2025-10-02T23:45:00+09:00,0.34139,0.34175,0.34109,0.34146
2025-10-03T00:00:00+09:00,0.34148,0.34224,0.34098,0.34201
2025-10-03T00:15:00+09:00,0.34202,0.34215,0.34145,0.34176
2025-10-03T00:30:00+09:00,0.34175,0.34177,0.34115,0.34156
2025-10-03T00:45:00+09:00,0.34155,0.3423,0.34147,0.34212
2025-10-03T01:00:00+09:00,0.34211,0.34299,0.34192,0.34285
2025-10-03T01:15:00+09:00,0.34286,0.34286,0.34236,0.34241
2025-10-03T01:30:00+09:00,0.34242,0.34262,0.342,0.34218
2025-10-03T01:45:00+09:00,0.34223,0.34264,0.34217,0.34236
2025-10-03T02:00:00+09:00,0.34235,0.3426,0.3423,0.34255
2025-10-03T02:15:00+09:00,0.34256,0.3428,0.34235,0.34261
2025-10-03T02:30:00+09:00,0.34261,0.34295,0.3425,0.34286
2025-10-03T02:45:00+09:00,0.34286,0.343,0.34286,0.34299
2025-10-03T03:00:00+09:00,0.343,0.34314,0.34289,0.34305
2025-10-03T03:15:00+09:00,0.34306,0.34309,0.34283,0.34306
2025-10-03T03:30:00+09:00,0.34303,0.34368,0.34303,0.34348
2025-10-03T03:45:00+09:00,0.34347,0.3437,0.34334,0.34358
2025-10-03T04:00:00+09:00,0.34359,0.344,0.34352,0.344
2025-10-03T04:15:00+09:00,0.344,0.34405,0.34373,0.34382
2025-10-03T04:30:00+09:00,0.34382,0.34386,0.34342,0.34343
2025-10-03T04:45:00+09:00,0.34342,0.34369,0.34293,0.34317
2025-10-03T05:00:00+09:00,0.34317,0.34321,0.34246,0.34249
2025-10-03T05:15:00+09:00,0.34249,0.34292,0.34233,0.34253
2025-10-03T05:30:00+09:00,0.34254,0.34274,0.34226,0.34256
2025-10-03T05:45:00+09:00,0.34263,0.34267,0.34231,0.34258
2025-10-03T06:00:00+09:00,0.34266,0.34307,0.3426,0.34286
2025-10-03T06:15:00+09:00,0.34286,0.34287,0.34245,0.34248
2025-10-03T06:30:00+09:00,0.34249,0.34249,0.34234,0.34247
2025-10-03T06:45:00+09:00,0.34248,0.34275,0.34248,0.3426
2025-10-03T07:00:00+09:00,0.34262,0.34302,0.34255,0.34271
2025-10-03T07:15:00+09:00,0.34274,0.34295,0.34267,0.34295
2025-10-03T07:30:00+09:00,0.34295,0.34296,0.34261,0.34273
2025-10-03T07:45:00+09:00,0.34273,0.34288,0.34262,0.34273
2025-10-03T08:00:00+09:00,0.34273,0.34276,0.34211,0.34258
2025-10-03T08:15:00+09:00,0.34257,0.3427,0.34248,0.34258
2025-10-03T08:30:00+09:00,0.34256,0.34277,0.34255,0.34272
2025-10-03T08:45:00+09:00,0.34272,0.34311,0.34258,0.3426
2025-10-03T09:00:00+09:00,0.34263,0.34267,0.34223,0.34246
2025-10-03T09:15:00+09:00,0.34251,0.34275,0.34239,0.34253
2025-10-03T09:30:00+09:00,0.34248,0.34255,0.34218,0.34232
2025-10-03T09:45:00+09:00,0.34233,0.34267,0.34231,0.34252
2025-10-03T10:00:00+09:00,0.34256,0.3427,0.34245,0.34265
2025-10-03T10:15:00+09:00,0.34262,0.34273,0.34241,0.34262
2025-10-03T10:30:00+09:00,0.34261,0.34286,0.34254,0.34282
2025-10-03T10:45:00+09:00,0.34282,0.34284,0.34253,0.34264
2025-10-03T11:00:00+09:00,0.34263,0.34313,0.34259,0.34312
2025-10-03T11:15:00+09:00,0.34313,0.3437,0.34313,0.34352
2025-10-03T11:30:00+09:00,0.34352,0.34398,0.3434,0.34363
2025-10-03T11:45:00+09:00,0.34353,0.34359,0.34327,0.34333
2025-10-03T12:00:00+09:00,0.34335,0.34446,0.34332,0.34411
2025-10-03T12:15:00+09:00,0.34407,0.34415,0.34358,0.34365
2025-10-03T12:30:00+09:00,0.34362,0.34394,0.3435,0.34389
2025-10-03T12:45:00+09:00,0.34388,0.34402,0.34335,0.34362
2025-10-03T13:00:00+09:00,0.34363,0.34385,0.34362,0.34382
2025-10-03T13:15:00+09:00,0.34382,0.34384,0.34339,0.34349
2025-10-03T13:30:00+09:00,0.3435,0.34377,0.34339,0.34377
2025-10-03T13:45:00+09:00,0.34373,0.34431,0.34367,0.34424
2025-10-03T14:00:00+09:00,0.34422,0.34438,0.34374,0.34382
2025-10-03T14:15:00+09:00,0.34384,0.34407,0.34354,0.34375
2025-10-03T14:30:00+09:00,0.34374,0.34385,0.34342,0.34344
2025-10-03T14:45:00+09:00,0.34345,0.34374,0.34338,0.34358
2025-10-03T15:00:00+09:00,0.34361,0.34369,0.34339,0.34365
2025-10-03T15:15:00+09:00,0.34361,0.34424,0.34358,0.34424
2025-10-03T15:30:00+09:00,0.34424,0.34458,0.34412,0.34433
2025-10-03T15:45:00+09:00,0.34434,0.34437,0.34372,0.34437
2025-10-03T16:00:00+09:00,0.34436,0.34459,0.34383,0.34394
2025-10-03T16:15:00+09:00,0.34397,0.34418,0.34337,0.34358
2025-10-03T16:30:00+09:00,0.34356,0.34407,0.34329,0.34392
2025-10-03T16:45:00+09:00,0.34391,0.34397,0.34367,0.34393
2025-10-03T17:00:00+09:00,0.34393,0.34399,0.3434,0.34347
2025-10-03T17:15:00+09:00,0.34344,0.34346,0.34234,0.34296
2025-10-03T17:30:00+09:00,0.34302,0.34308,0.34259,0.34308
2025-10-03T17:45:00+09:00,0.34306,0.34306,0.34153,0.34245
2025-10-03T18:00:00+09:00,0.34245,0.34258,0.34183,0.34197
2025-10-03T18:15:00+09:00,0.34204,0.34265,0.34202,0.34254
2025-10-03T18:30:00+09:00,0.34255,0.34255,0.34208,0.34224
2025-10-03T18:45:00+09:00,0.34227,0.34277,0.34223,0.34245
2025-10-03T19:00:00+09:00,0.34244,0.34244,0.34213,0.34229
2025-10-03T19:15:00+09:00,0.3423,0.34264,0.3422,0.34254
2025-10-03T19:30:00+09:00,0.34256,0.34328,0.34254,0.34323
2025-10-03T19:45:00+09:00,0.34324,0.34362,0.34317,0.34356
2025-10-03T20:00:00+09:00,0.34356,0.34365,0.34305,0.34309
2025-10-03T20:15:00+09:00,0.3431,0.34335,0.34289,0.34311
2025-10-03T20:30:00+09:00,0.34314,0.34353,0.34298,0.34308
2025-10-03T20:45:00+09:00,0.34307,0.34369,0.34287,0.34349
2025-10-03T21:00:00+09:00,0.34349,0.34379,0.34349,0.34374
2025-10-03T21:15:00+09:00,0.34375,0.34377,0.34282,0.34288
2025-10-03T21:30:00+09:00,0.34292,0.34307,0.34274,0.34274
2025-10-03T21:45:00+09:00,0.34275,0.34296,0.34256,0.34264
2025-10-03T22:00:00+09:00,0.34265,0.34274,0.34237,0.34244
2025-10-03T22:15:00+09:00,0.34243,0.34312,0.3424,0.34296
2025-10-03T22:30:00+09:00,0.34297,0.34337,0.34238,0.34254
2025-10-03T22:45:00+09:00,0.34254,0.34269,0.34224,0.34235
2025-10-03T23:00:00+09:00,0.34231,0.34234,0.34217,0.34219
2025-10-03T23:15:00+09:00,0.34218,0.34224,0.34174,0.34224
2025-10-03T23:30:00+09:00,0.34226,0.34227,0.34176,0.34189
2025-10-03T23:45:00+09:00,0.34189,0.3425,0.34188,0.34197
2025-10-04T00:00:00+09:00,0.34196,0.34242,0.34182,0.34188
2025-10-04T00:15:00+09:00,0.34195,0.34245,0.3419,0.34197
2025-10-04T00:30:00+09:00,0.34201,0.34268,0.34201,0.34262
2025-10-04T00:45:00+09:00,0.34262,0.34387,0.34261,0.3437
2025-10-04T01:00:00+09:00,0.3438,0.34444,0.34352,0.34423
2025-10-04T01:15:00+09:00,0.34419,0.3455,0.34419,0.34531
2025-10-04T01:30:00+09:00,0.34529,0.34594,0.34499,0.34573
2025-10-04T01:45:00+09:00,0.34576,0.34585,0.34483,0.3449
2025-10-04T02:00:00+09:00,0.34492,0.34495,0.34341,0.34453
2025-10-04T02:15:00+09:00,0.34447,0.34448,0.34374,0.34401
2025-10-04T02:30:00+09:00,0.34401,0.34427,0.34365,0.34409
2025-10-04T02:45:00+09:00,0.34411,0.34412,0.34311,0.3435
2025-10-04T03:00:00+09:00,0.34347,0.34381,0.34315,0.34361
2025-10-04T03:15:00+09:00,0.34361,0.34387,0.34354,0.34373
2025-10-04T03:30:00+09:00,0.34373,0.34388,0.34349,0.34371
2025-10-04T03:45:00+09:00,0.34366,0.34415,0.34337,0.34363
2025-10-04T04:00:00+09:00,0.34363,0.34363,0.34295,0.34323
2025-10-04T04:15:00+09:00,0.34323,0.34378,0.34206,0.34308
2025-10-04T04:30:00+09:00,0.34308,0.3434,0.34276,0.3429
2025-10-04T04:45:00+09:00,0.34291,0.34336,0.3428,0.34281
2025-10-04T05:00:00+09:00,0.34281,0.34282,0.34097,0.34138
2025-10-04T05:15:00+09:00,0.34136,0.34174,0.34136,0.34169
2025-10-04T05:30:00+09:00,0.3417,0.34246,0.3417,0.34244
2025-10-04T05:45:00+09:00,0.34247,0.34257,0.34218,0.34254
2025-10-04T06:00:00+09:00,0.34254,0.34272,0.3423,0.34257
2025-10-04T06:15:00+09:00,0.34257,0.34257,0.34242,0.34251
2025-10-04T06:30:00+09:00,0.34255,0.34257,0.3424,0.34247
2025-10-04T06:45:00+09:00,0.3425,0.3425,0.34206,0.34214
2025-10-04T07:00:00+09:00,0.34212,0.34214,0.34142,0.34172
2025-10-04T07:15:00+09:00,0.34174,0.34174,0.34148,0.34156
2025-10-04T07:30:00+09:00,0.34156,0.34189,0.34155,0.34164
2025-10-04T07:45:00+09:00,0.34164,0.34186,0.34143,0.34184
2025-10-04T08:00:00+09:00,0.34183,0.34184,0.3413,0.3413
2025-10-04T08:15:00+09:00,0.34131,0.34161,0.34122,0.34147
2025-10-04T08:30:00+09:00,0.34146,0.3418,0.34107,0.34168
2025-10-04T08:45:00+09:00,0.34169,0.34206,0.34167,0.34193
2025-10-04T09:00:00+09:00,0.34194,0.34209,0.34172,0.34191
2025-10-04T09:15:00+09:00,0.34188,0.34194,0.34172,0.34178
2025-10-04T09:30:00+09:00,0.34178,0.34229,0.34178,0.34225
2025-10-04T09:45:00+09:00,0.34225,0.34233,0.3421,0.34233
2025-10-04T10:00:00+09:00,0.34233,0.34236,0.34205,0.34205
2025-10-04T10:15:00+09:00,0.34206,0.3422,0.34205,0.34216
2025-10-04T10:30:00+09:00,0.34215,0.34235,0.34215,0.34234
2025-10-04T10:45:00+09:00,0.34233,0.34244,0.34213,0.34244
2025-10-04T11:00:00+09:00,0.34244,0.34251,0.34141,0.34141
2025-10-04T11:15:00+09:00,0.34142,0.34146,0.3412,0.34144
2025-10-04T11:30:00+09:00,0.34144,0.34172,0.34138,0.34168
2025-10-04T11:45:00+09:00,0.34166,0.34216,0.34166,0.34211
2025-10-04T12:00:00+09:00,0.34211,0.34214,0.34149,0.34169
2025-10-04T12:15:00+09:00,0.34168,0.34196,0.34156,0.34169
2025-10-04T12:30:00+09:00,0.3417,0.34172,0.34155,0.34155
2025-10-04T12:45:00+09:00,0.34155,0.34156,0.34134,0.34141
2025-10-04T13:00:00+09:00,0.34139,0.34139,0.34093,0.34095
2025-10-04T13:15:00+09:00,0.34095,0.34127,0.3408,0.34101
2025-10-04T13:30:00+09:00,0.34101,0.34112,0.34083,0.34111
2025-10-04T13:45:00+09:00,0.34109,0.34118,0.3402,0.34043
2025-10-04T14:00:00+09:00,0.34047,0.34081,0.34036,0.34062
2025-10-04T14:15:00+09:00,0.34061,0.34061,0.3403,0.34034
2025-10-04T14:30:00+09:00,0.34033,0.34041,0.34007,0.34018
2025-10-04T14:45:00+09:00,0.34022,0.34059,0.34022,0.34059
2025-10-04T15:00:00+09:00,0.34059,0.34074,0.34014,0.34073
2025-10-04T15:15:00+09:00,0.34075,0.34091,0.3407,0.3408
2025-10-04T15:30:00+09:00,0.34078,0.34107,0.34078,0.34089
2025-10-04T15:45:00+09:00,0.34087,0.34095,0.34051,0.34053
2025-10-04T16:00:00+09:00,0.34053,0.34053,0.34022,0.34025
2025-10-04T16:15:00+09:00,0.34026,0.34041,0.34007,0.34025
2025-10-04T16:30:00+09:00,0.34024,0.34058,0.34021,0.34043
2025-10-04T16:45:00+09:00,0.34043,0.34057,0.34006,0.34057
2025-10-04T17:00:00+09:00,0.34055,0.34057,0.34014,0.34021
2025-10-04T17:15:00+09:00,0.34021,0.34025,0.34008,0.34018
2025-10-04T17:30:00+09:00,0.34018,0.34042,0.33998,0.34018
2025-10-04T17:45:00+09:00,0.34017,0.34018,0.33991,0.34
2025-10-04T18:00:00+09:00,0.33997,0.34047,0.33959,0.34045
2025-10-04T18:15:00+09:00,0.34043,0.34049,0.33999,0.34022
2025-10-04T18:30:00+09:00,0.34022,0.34048,0.34,0.34035
2025-10-04T18:45:00+09:00,0.34035,0.34094,0.34009,0.34069
2025-10-04T19:00:00+09:00,0.34067,0.34133,0.34046,0.34128
2025-10-04T19:15:00+09:00,0.34128,0.34132,0.34024,0.34065
2025-10-04T19:30:00+09:00,0.34062,0.34063,0.33996,0.34018
2025-10-04T19:45:00+09:00,0.34017,0.34034,0.34005,0.34027
2025-10-04T20:00:00+09:00,0.34027,0.34051,0.34008,0.34009
2025-10-04T20:15:00+09:00,0.34006,0.34054,0.34003,0.34051
2025-10-04T20:30:00+09:00,0.34052,0.34074,0.34035,0.34061
2025-10-04T20:45:00+09:00,0.34062,0.34074,0.34055,0.3407
2025-10-04T21:00:00+09:00,0.3407,0.34074,0.34028,0.34055
2025-10-04T21:15:00+09:00,0.34052,0.34052,0.3401,0.3402
2025-10-04T21:30:00+09:00,0.34018,0.34025,0.34006,0.34015
2025-10-04T21:45:00+09:00,0.34015,0.34031,0.33998,0.34026
2025-10-04T22:00:00+09:00,0.34028,0.3408,0.34028,0.34034
2025-10-04T22:15:00+09:00,0.3404,0.34076,0.34033,0.34053
2025-10-04T22:30:00+09:00,0.34052,0.34068,0.34036,0.34055
2025-10-04T22:45:00+09:00,0.34055,0.34061,0.34023,0.3404
2025-10-04T23:00:00+09:00,0.34041,0.34051,0.34024,0.34042
2025-10-04T23:15:00+09:00,0.34046,0.34064,0.34025,0.34029
2025-10-04T23:30:00+09:00,0.34029,0.34083,0.34003,0.34047
2025-10-04T23:45:00+09:00,0.34049,0.34049,0.34014,0.34018
2025-10-05T00:00:00+09:00,0.34017,0.34041,0.34,0.34001
2025-10-05T00:15:00+09:00,0.34001,0.34035,0.3396,0.33966
2025-10-05T00:30:00+09:00,0.33968,0.34035,0.33966,0.34033
2025-10-05T00:45:00+09:00,0.34034,0.34053,0.34015,0.34039
2025-10-05T01:00:00+09:00,0.34039,0.3406,0.34013,0.34026
2025-10-05T01:15:00+09:00,0.34024,0.34032,0.33973,0.34003
2025-10-05T01:30:00+09:00,0.34006,0.34032,0.33992,0.33997
2025-10-05T01:45:00+09:00,0.33997,0.34,0.33973,0.33989
2025-10-05T02:00:00+09:00,0.33989,0.34006,0.33976,0.33978
2025-10-05T02:15:00+09:00,0.33976,0.33999,0.3397,0.33995
2025-10-05T02:30:00+09:00,0.33991,0.33993,0.33962,0.33973
2025-10-05T02:45:00+09:00,0.33971,0.34004,0.33967,0.33987
2025-10-05T03:00:00+09:00,0.33985,0.33986,0.33964,0.33975
2025-10-05T03:15:00+09:00,0.33973,0.33989,0.3396,0.33977
2025-10-05T03:30:00+09:00,0.33977,0.33999,0.33961,0.33999
2025-10-05T03:45:00+09:00,0.34,0.34005,0.33966,0.33968
2025-10-05T04:00:00+09:00,0.33968,0.33971,0.33953,0.33956
2025-10-05T04:15:00+09:00,0.33956,0.33956,0.33922,0.33938
2025-10-05T04:30:00+09:00,0.33939,0.3397,0.33937,0.33959
2025-10-05T04:45:00+09:00,0.33959,0.33996,0.33956,0.33996
2025-10-05T05:00:00+09:00,0.33996,0.34,0.33981,0.3399
2025-10-05T05:15:00+09:00,0.33988,0.3399,0.33978,0.33979
2025-10-05T05:30:00+09:00,0.3398,0.3399,0.33965,0.3399
2025-10-05T05:45:00+09:00,0.3399,0.34014,0.33983,0.34009
2025-10-05T06:00:00+09:00,0.34011,0.34121,0.34011,0.3409
2025-10-05T06:15:00+09:00,0.34093,0.34104,0.34077,0.34089
2025-10-05T06:30:00+09:00,0.34089,0.34092,0.34076,0.34087
2025-10-05T06:45:00+09:00,0.34088,0.341,0.34087,0.34093
2025-10-05T07:00:00+09:00,0.34095,0.34121,0.34095,0.3412
2025-10-05T07:15:00+09:00,0.34122,0.34124,0.34101,0.34106
2025-10-05T07:30:00+09:00,0.3411,0.34115,0.34052,0.34059
2025-10-05T07:45:00+09:00,0.34059,0.34059,0.33996,0.34031
2025-10-05T08:00:00+09:00,0.34033,0.34042,0.34003,0.34014
2025-10-05T08:15:00+09:00,0.34006,0.34036,0.33996,0.34033
2025-10-05T08:30:00+09:00,0.34039,0.34045,0.34018,0.34021
2025-10-05T08:45:00+09:00,0.3402,0.34053,0.34015,0.34044
2025-10-05T09:00:00+09:00,0.34046,0.34046,0.33969,0.34009
2025-10-05T09:15:00+09:00,0.34011,0.34056,0.34008,0.34017
2025-10-05T09:30:00+09:00,0.34022,0.34029,0.3399,0.33999
2025-10-05T09:45:00+09:00,0.33999,0.34038,0.33998,0.34034
2025-10-05T10:00:00+09:00,0.34034,0.34107,0.34021,0.34071
2025-10-05T10:15:00+09:00,0.34071,0.34111,0.34045,0.34051
2025-10-05T10:30:00+09:00,0.34051,0.34097,0.34051,0.34094
2025-10-05T10:45:00+09:00,0.34094,0.34095,0.34083,0.34093
2025-10-05T11:00:00+09:00,0.34094,0.34118,0.34034,0.34034
2025-10-05T11:15:00+09:00,0.34035,0.34064,0.34019,0.3406
2025-10-05T11:30:00+09:00,0.34068,0.34228,0.34064,0.34118
2025-10-05T11:45:00+09:00,0.34121,0.34171,0.34078,0.34169
2025-10-05T12:00:00+09:00,0.34169,0.3419,0.34122,0.34125
2025-10-05T12:15:00+09:00,0.34125,0.34173,0.34118,0.3416
2025-10-05T12:30:00+09:00,0.3416,0.34202,0.34132,0.34141
2025-10-05T12:45:00+09:00,0.34142,0.3415,0.34118,0.34124
2025-10-05T13:00:00+09:00,0.34125,0.34194,0.3412,0.34194
2025-10-05T13:15:00+09:00,0.34191,0.342,0.3417,0.3417
2025-10-05T13:30:00+09:00,0.34165,0.34198,0.34156,0.34192
2025-10-05T13:45:00+09:00,0.34192,0.34301,0.34192,0.34271
2025-10-05T14:00:00+09:00,0.34271,0.34294,0.34251,0.34262
2025-10-05T14:15:00+09:00,0.34262,0.3427,0.34228,0.34258
2025-10-05T14:30:00+09:00,0.34258,0.34267,0.34241,0.34251
2025-10-05T14:45:00+09:00,0.34248,0.34248,0.34213,0.34216
2025-10-05T15:00:00+09:00,0.34216,0.34228,0.34206,0.34225
2025-10-05T15:15:00+09:00,0.34224,0.34244,0.34212,0.34225
2025-10-05T15:30:00+09:00,0.3422,0.3422,0.3416,0.34197
2025-10-05T15:45:00+09:00,0.34197,0.34209,0.34175,0.3418
2025-10-05T16:00:00+09:00,0.34179,0.34217,0.34179,0.34208
2025-10-05T16:15:00+09:00,0.34214,0.34216,0.34188,0.34198
2025-10-05T16:30:00+09:00,0.34203,0.34284,0.34178,0.34274
2025-10-05T16:45:00+09:00,0.34278,0.3435,0.34261,0.34313
2025-10-05T17:00:00+09:00,0.34314,0.3435,0.3431,0.34314
2025-10-05T17:15:00+09:00,0.34314,0.34318,0.34252,0.34308
2025-10-05T17:30:00+09:00,0.34308,0.34327,0.3429,0.34306
2025-10-05T17:45:00+09:00,0.34303,0.34451,0.343,0.34313
2025-10-05T18:00:00+09:00,0.34314,0.3433,0.3431,0.34326
2025-10-05T18:15:00+09:00,0.3432,0.34329,0.34267,0.34277
2025-10-05T18:30:00+09:00,0.34278,0.34304,0.34238,0.34283
2025-10-05T18:45:00+09:00,0.34283,0.3432,0.34261,0.34287
2025-10-05T19:00:00+09:00,0.34289,0.34301,0.34238,0.34255
2025-10-05T19:15:00+09:00,0.34255,0.34279,0.34233,0.34248
2025-10-05T19:30:00+09:00,0.34239,0.34239,0.34196,0.34232
2025-10-05T19:45:00+09:00,0.34234,0.34266,0.34226,0.34228
2025-10-05T20:00:00+09:00,0.34228,0.34228,0.34195,0.342
2025-10-05T20:15:00+09:00,0.34199,0.34232,0.34196,0.3422
2025-10-05T20:30:00+09:00,0.3422,0.34223,0.34198,0.34204
2025-10-05T20:45:00+09:00,0.34202,0.34235,0.34202,0.34217
2025-10-05T21:00:00+09:00,0.34219,0.34222,0.34173,0.3422
2025-10-05T21:15:00+09:00,0.3422,0.34238,0.3417,0.34174
2025-10-05T21:30:00+09:00,0.34174,0.34202,0.34167,0.34187
2025-10-05T21:45:00+09:00,0.34188,0.34215,0.34186,0.34189
2025-10-05T22:00:00+09:00,0.34194,0.34216,0.34192,0.34209
2025-10-05T22:15:00+09:00,0.34206,0.34213,0.3418,0.34203
2025-10-05T22:30:00+09:00,0.34199,0.34211,0.3419,0.34201
2025-10-05T22:45:00+09:00,0.34199,0.34227,0.34171,0.34225
2025-10-05T23:00:00+09:00,0.34225,0.3426,0.34221,0.34257
2025-10-05T23:15:00+09:00,0.34255,0.34268,0.34247,0.34268
2025-10-05T23:30:00+09:00,0.34268,0.34269,0.34225,0.34232
2025-10-05T23:45:00+09:00,0.34229,0.3428,0.34229,0.34278
2025-10-06T00:00:00+09:00,0.34278,0.3428,0.34258,0.34271
2025-10-06T00:15:00+09:00,0.34272,0.34282,0.34259,0.34259
2025-10-06T00:30:00+09:00,0.34259,0.34266,0.34236,0.34239
2025-10-06T00:45:00+09:00,0.34232,0.34247,0.34216,0.34237
2025-10-06T01:00:00+09:00,0.34234,0.34248,0.342,0.34243
2025-10-06T01:15:00+09:00,0.34237,0.34242,0.34209,0.34211
2025-10-06T01:30:00+09:00,0.3421,0.34215,0.3419,0.3419
2025-10-06T01:45:00+09:00,0.3419,0.34213,0.34166,0.34201
2025-10-06T02:00:00+09:00,0.342,0.34225,0.34172,0.34179
2025-10-06T02:15:00+09:00,0.3418,0.34195,0.34144,0.34154
2025-10-06T02:30:00+09:00,0.34154,0.3416,0.34081,0.34104
2025-10-06T02:45:00+09:00,0.34106,0.34116,0.34096,0.34103
2025-10-06T03:00:00+09:00,0.341,0.34119,0.34073,0.34076
2025-10-06T03:15:00+09:00,0.34078,0.34102,0.34067,0.34092
2025-10-06T03:30:00+09:00,0.34092,0.34141,0.3409,0.34138
2025-10-06T03:45:00+09:00,0.34136,0.34169,0.34135,0.34152
2025-10-06T04:00:00+09:00,0.34154,0.34154,0.34095,0.34105
2025-10-06T04:15:00+09:00,0.34102,0.3414,0.34099,0.34112
2025-10-06T04:30:00+09:00,0.34111,0.34125,0.341,0.341
2025-10-06T04:45:00+09:00,0.341,0.341,0.34061,0.34071
2025-10-06T05:00:00+09:00,0.34072,0.34124,0.34064,0.34105
2025-10-06T05:15:00+09:00,0.3411,0.3411,0.34084,0.34104
2025-10-06T05:30:00+09:00,0.34105,0.34145,0.34105,0.34143
2025-10-06T05:45:00+09:00,0.34146,0.34154,0.34133,0.34137
2025-10-06T06:00:00+09:00,0.34137,0.34187,0.34134,0.34169
2025-10-06T06:15:00+09:00,0.34167,0.34179,0.34157,0.34176
2025-10-06T06:30:00+09:00,0.34176,0.3419,0.34158,0.34166
2025-10-06T06:45:00+09:00,0.34166,0.34183,0.34156,0.34183
2025-10-06T07:00:00+09:00,0.34186,0.34211,0.34128,0.34143
2025-10-06T07:15:00+09:00,0.34145,0.34158,0.34068,0.34084
2025-10-06T07:30:00+09:00,0.34085,0.34089,0.34056,0.34058
2025-10-06T07:45:00+09:00,0.34056,0.34093,0.34056,0.34081
2025-10-06T08:00:00+09:00,0.34082,0.34136,0.34067,0.34111
2025-10-06T08:15:00+09:00,0.34117,0.3412,0.34101,0.34109
2025-10-06T08:30:00+09:00,0.34113,0.34149,0.34113,0.34133
2025-10-06T08:45:00+09:00,0.34133,0.34152,0.34132,0.34146
2025-10-06T09:00:00+09:00,0.34145,0.34188,0.34108,0.34143
2025-10-06T09:15:00+09:00,0.34141,0.34217,0.34089,0.34129
2025-10-06T09:30:00+09:00,0.34129,0.34131,0.34087,0.34113
2025-10-06T09:45:00+09:00,0.34114,0.34117,0.34062,0.34075
2025-10-06T10:00:00+09:00,0.34077,0.34093,0.34035,0.34067
2025-10-06T10:15:00+09:00,0.34064,0.34134,0.34044,0.34097
2025-10-06T10:30:00+09:00,0.34098,0.34126,0.34056,0.34076
2025-10-06T10:45:00+09:00,0.34081,0.34097,0.34067,0.34079
2025-10-06T11:00:00+09:00,0.34077,0.34092,0.34059,0.34062
2025-10-06T11:15:00+09:00,0.34061,0.34123,0.34037,0.34079
2025-10-06T11:30:00+09:00,0.34078,0.34103,0.34056,0.34101
2025-10-06T11:45:00+09:00,0.34102,0.34174,0.341,0.34138
2025-10-06T12:00:00+09:00,0.34137,0.34161,0.34121,0.34161
2025-10-06T12:15:00+09:00,0.34159,0.3416,0.3413,0.34137
2025-10-06T12:30:00+09:00,0.34138,0.34148,0.34106,0.34113
2025-10-06T12:45:00+09:00,0.34113,0.34161,0.34111,0.34152
2025-10-06T13:00:00+09:00,0.34154,0.34191,0.34126,0.34191
2025-10-06T13:15:00+09:00,0.3419,0.34231,0.34187,0.34223
2025-10-06T13:30:00+09:00,0.34223,0.34239,0.34207,0.34223
2025-10-06T13:45:00+09:00,0.34224,0.34251,0.34189,0.34205
2025-10-06T14:00:00+09:00,0.34205,0.34235,0.34158,0.34158
2025-10-06T14:15:00+09:00,0.34157,0.34198,0.34155,0.34197
2025-10-06T14:30:00+09:00,0.34199,0.34199,0.34167,0.3418
2025-10-06T14:45:00+09:00,0.3418,0.34229,0.3418,0.34216
2025-10-06T15:00:00+09:00,0.34217,0.34302,0.34217,0.34294
2025-10-06T15:15:00+09:00,0.34294,0.3432,0.34269,0.34311
2025-10-06T15:30:00+09:00,0.34318,0.34341,0.34272,0.34272
2025-10-06T15:45:00+09:00,0.34274,0.34301,0.34254,0.34298
2025-10-06T16:00:00+09:00,0.34302,0.34392,0.343,0.34385
2025-10-06T16:15:00+09:00,0.34389,0.34415,0.34319,0.34379
2025-10-06T16:30:00+09:00,0.34379,0.34384,0.34278,0.34318
2025-10-06T16:45:00+09:00,0.34308,0.34322,0.34279,0.34309
2025-10-06T17:00:00+09:00,0.34309,0.34429,0.34309,0.34403
2025-10-06T17:15:00+09:00,0.34417,0.34489,0.34409,0.34439
2025-10-06T17:30:00+09:00,0.34437,0.3454,0.34319,0.34369
2025-10-06T17:45:00+09:00,0.34366,0.34401,0.34363,0.34367
2025-10-06T18:00:00+09:00,0.34369,0.34411,0.34343,0.34411
2025-10-06T18:15:00+09:00,0.34409,0.34411,0.34346,0.34378
2025-10-06T18:30:00+09:00,0.34374,0.34391,0.34345,0.34372
2025-10-06T18:45:00+09:00,0.34372,0.34458,0.34372,0.34442
2025-10-06T19:00:00+09:00,0.34445,0.34454,0.34395,0.34439
2025-10-06T19:15:00+09:00,0.3444,0.34445,0.34397,0.34431
2025-10-06T19:30:00+09:00,0.34435,0.34435,0.34412,0.34433
2025-10-06T19:45:00+09:00,0.34434,0.34454,0.34417,0.34437
2025-10-06T20:00:00+09:00,0.3444,0.34456,0.34405,0.34419
2025-10-06T20:15:00+09:00,0.34416,0.3446,0.34413,0.34434
2025-10-06T20:30:00+09:00,0.34435,0.34435,0.34324,0.34329
2025-10-06T20:45:00+09:00,0.34329,0.34357,0.34317,0.34335
2025-10-06T21:00:00+09:00,0.34336,0.34356,0.34321,0.34345
2025-10-06T21:15:00+09:00,0.34343,0.34367,0.34325,0.34325
2025-10-06T21:30:00+09:00,0.34317,0.34322,0.34286,0.34302
2025-10-06T21:45:00+09:00,0.34301,0.34379,0.34292,0.34377
2025-10-06T22:00:00+09:00,0.34375,0.34396,0.34336,0.34341
2025-10-06T22:15:00+09:00,0.3434,0.34377,0.34338,0.34358
2025-10-06T22:30:00+09:00,0.34361,0.34425,0.34318,0.34371
2025-10-06T22:45:00+09:00,0.34383,0.34512,0.34367,0.34501
2025-10-06T23:00:00+09:00,0.3451,0.34643,0.34492,0.34523
2025-10-06T23:15:00+09:00,0.34553,0.34589,0.34504,0.34561
2025-10-06T23:30:00+09:00,0.34563,0.34616,0.34525,0.34542
2025-10-06T23:45:00+09:00,0.34545,0.34562,0.34501,0.34531
2025-10-07T00:00:00+09:00,0.34527,0.34616,0.34527,0.34578
2025-10-07T00:15:00+09:00,0.34565,0.34628,0.34561,0.34607
2025-10-07T00:30:00+09:00,0.34618,0.34663,0.34556,0.34569
2025-10-07T00:45:00+09:00,0.34572,0.34599,0.3455,0.3455
2025-10-07T01:00:00+09:00,0.34549,0.34609,0.34546,0.34572
2025-10-07T01:15:00+09:00,0.34572,0.34601,0.34558,0.34561
2025-10-07T01:30:00+09:00,0.34559,0.34595,0.34557,0.34569
2025-10-07T01:45:00+09:00,0.34568,0.34604,0.34567,0.34604
2025-10-07T02:00:00+09:00,0.34603,0.34673,0.34567,0.34673
2025-10-07T02:15:00+09:00,0.34663,0.34736,0.34663,0.34688
2025-10-07T02:30:00+09:00,0.34694,0.34702,0.34625,0.34642
2025-10-07T02:45:00+09:00,0.3464,0.34664,0.34623,0.34629
2025-10-07T03:00:00+09:00,0.34629,0.34667,0.34625,0.34634
2025-10-07T03:15:00+09:00,0.34634,0.34652,0.34615,0.34627
2025-10-07T03:30:00+09:00,0.34628,0.3464,0.3458,0.3462
2025-10-07T03:45:00+09:00,0.34623,0.34657,0.34591,0.34655
2025-10-07T04:00:00+09:00,0.34653,0.34656,0.34624,0.34634
2025-10-07T04:15:00+09:00,0.34643,0.34659,0.34634,0.34636
2025-10-07T04:30:00+09:00,0.34637,0.34677,0.34605,0.34647
2025-10-07T04:45:00+09:00,0.34647,0.3465,0.346,0.34615
2025-10-07T05:00:00+09:00,0.34613,0.34651,0.34612,0.34628
2025-10-07T05:15:00+09:00,0.34625,0.34626,0.34594,0.34617
2025-10-07T05:30:00+09:00,0.34617,0.34652,0.34594,0.34604
2025-10-07T05:45:00+09:00,0.34604,0.34625,0.346,0.3462
2025-10-07T06:00:00+09:00,0.34619,0.34626,0.34564,0.34568
2025-10-07T06:15:00+09:00,0.34568,0.34577,0.3454,0.34577
2025-10-07T06:30:00+09:00,0.34576,0.346,0.34553,0.34586
2025-10-07T06:45:00+09:00,0.34588,0.34646,0.34584,0.34644
2025-10-07T07:00:00+09:00,0.34641,0.3466,0.34614,0.3466
2025-10-07T07:15:00+09:00,0.3466,0.34714,0.3466,0.34707
2025-10-07T07:30:00+09:00,0.34706,0.34706,0.3463,0.34641
2025-10-07T07:45:00+09:00,0.34638,0.34638,0.3461,0.34619
2025-10-07T08:00:00+09:00,0.34619,0.34619,0.34584,0.346
2025-10-07T08:15:00+09:00,0.34596,0.34641,0.34588,0.34641
2025-10-07T08:30:00+09:00,0.3464,0.34643,0.3462,0.3464
2025-10-07T08:45:00+09:00,0.3464,0.3464,0.34604,0.3462
2025-10-07T09:00:00+09:00,0.34627,0.34632,0.34589,0.34589
2025-10-07T09:15:00+09:00,0.34594,0.3463,0.34588,0.34621
2025-10-07T09:30:00+09:00,0.34625,0.34673,0.34617,0.34666
2025-10-07T09:45:00+09:00,0.34668,0.34672,0.34645,0.34662
2025-10-07T10:00:00+09:00,0.34663,0.34717,0.34661,0.34684
2025-10-07T10:15:00+09:00,0.34681,0.34681,0.34589,0.34622
2025-10-07T10:30:00+09:00,0.34624,0.34675,0.34602,0.34668
2025-10-07T10:45:00+09:00,0.34669,0.34697,0.34653,0.34696
2025-10-07T11:00:00+09:00,0.34697,0.34699,0.34679,0.34684
2025-10-07T11:15:00+09:00,0.34684,0.34686,0.34619,0.34682
2025-10-07T11:30:00+09:00,0.34682,0.34691,0.34637,0.34646
2025-10-07T11:45:00+09:00,0.34651,0.34652,0.34617,0.34634
2025-10-07T12:00:00+09:00,0.34634,0.34646,0.34626,0.34633
2025-10-07T12:15:00+09:00,0.34631,0.34631,0.34581,0.34587
2025-10-07T12:30:00+09:00,0.34586,0.3462,0.34586,0.34601
2025-10-07T12:45:00+09:00,0.34603,0.34624,0.34601,0.34606
2025-10-07T13:00:00+09:00,0.34605,0.34605,0.34508,0.34522
2025-10-07T13:15:00+09:00,0.34521,0.34574,0.3452,0.34566
2025-10-07T13:30:00+09:00,0.34567,0.34587,0.34512,0.34554
2025-10-07T13:45:00+09:00,0.34554,0.34596,0.34548,0.34572
2025-10-07T14:00:00+09:00,0.34572,0.34578,0.34514,0.34516
2025-10-07T14:15:00+09:00,0.34524,0.34531,0.34487,0.3452
2025-10-07T14:30:00+09:00,0.34519,0.34578,0.34513,0.34551
2025-10-07T14:45:00+09:00,0.3455,0.34559,0.34531,0.34559
2025-10-07T15:00:00+09:00,0.34558,0.34566,0.34504,0.3451
2025-10-07T15:15:00+09:00,0.3451,0.34518,0.34493,0.345
2025-10-07T15:30:00+09:00,0.34501,0.3451,0.34464,0.34485
2025-10-07T15:45:00+09:00,0.34484,0.34489,0.34431,0.34445
2025-10-07T16:00:00+09:00,0.34444,0.34477,0.34432,0.34457
2025-10-07T16:15:00+09:00,0.34456,0.34487,0.34427,0.34487
2025-10-07T16:30:00+09:00,0.34492,0.34493,0.34443,0.3449
2025-10-07T16:45:00+09:00,0.34491,0.34501,0.34449,0.34486
2025-10-07T17:00:00+09:00,0.34485,0.34495,0.34408,0.34423
2025-10-07T17:15:00+09:00,0.3442,0.3443,0.34381,0.34407
2025-10-07T17:30:00+09:00,0.34406,0.34455,0.34382,0.34455
2025-10-07T17:45:00+09:00,0.34448,0.34528,0.34431,0.34494
2025-10-07T18:00:00+09:00,0.34493,0.34572,0.3448,0.34538
2025-10-07T18:15:00+09:00,0.34532,0.3454,0.34484,0.34486
2025-10-07T18:30:00+09:00,0.34485,0.345,0.34452,0.34463
2025-10-07T18:45:00+09:00,0.34463,0.34463,0.34429,0.34437
2025-10-07T19:00:00+09:00,0.34434,0.34484,0.34428,0.34478
2025-10-07T19:15:00+09:00,0.34478,0.3448,0.34442,0.34454
2025-10-07T19:30:00+09:00,0.34454,0.34469,0.34417,0.3442
2025-10-07T19:45:00+09:00,0.34421,0.34454,0.34421,0.34447
2025-10-07T20:00:00+09:00,0.34448,0.34452,0.34412,0.34446
2025-10-07T20:15:00+09:00,0.34446,0.34449,0.34422,0.34436
2025-10-07T20:30:00+09:00,0.34436,0.34462,0.34434,0.34448
2025-10-07T20:45:00+09:00,0.34448,0.34454,0.34417,0.34423
2025-10-07T21:00:00+09:00,0.34421,0.34444,0.34399,0.34431
2025-10-07T21:15:00+09:00,0.34432,0.3445,0.34409,0.34448
2025-10-07T21:30:00+09:00,0.34449,0.34458,0.34427,0.34449
2025-10-07T21:45:00+09:00,0.34451,0.34533,0.34446,0.34529
2025-10-07T22:00:00+09:00,0.34532,0.34562,0.345,0.34527
2025-10-07T22:15:00+09:00,0.34523,0.34538,0.34492,0.34522
2025-10-07T22:30:00+09:00,0.34524,0.34545,0.34393,0.34403
2025-10-07T22:45:00+09:00,0.34403,0.3444,0.3436,0.34428
2025-10-07T23:00:00+09:00,0.34433,0.34433,0.34357,0.3438
2025-10-07T23:15:00+09:00,0.34384,0.34463,0.34357,0.34357
2025-10-07T23:30:00+09:00,0.34363,0.34394,0.34266,0.34307
2025-10-07T23:45:00+09:00,0.34305,0.34351,0.34233,0.34238
2025-10-08T00:00:00+09:00,0.34237,0.34275,0.34085,0.34143
2025-10-08T00:15:00+09:00,0.34153,0.3423,0.34137,0.34156
2025-10-08T00:30:00+09:00,0.34155,0.34169,0.33958,0.33962
2025-10-08T00:45:00+09:00,0.33957,0.33998,0.33935,0.33987
2025-10-08T01:00:00+09:00,0.33987,0.33987,0.33716,0.33751
2025-10-08T01:15:00+09:00,0.33752,0.33823,0.33728,0.33781
2025-10-08T01:30:00+09:00,0.33786,0.33879,0.33782,0.33879
2025-10-08T01:45:00+09:00,0.3388,0.33946,0.33802,0.33828
2025-10-08T02:00:00+09:00,0.33833,0.33867,0.33833,0.33834
2025-10-08T02:15:00+09:00,0.33839,0.33879,0.33824,0.33844
2025-10-08T02:30:00+09:00,0.33845,0.33878,0.33821,0.33874
2025-10-08T02:45:00+09:00,0.33874,0.33889,0.33789,0.33801
2025-10-08T03:00:00+09:00,0.33802,0.33825,0.3378,0.33809
2025-10-08T03:15:00+09:00,0.33808,0.33813,0.33767,0.3377
2025-10-08T03:30:00+09:00,0.33769,0.33802,0.33754,0.33778
2025-10-08T03:45:00+09:00,0.33778,0.33782,0.33752,0.33752
2025-10-08T04:00:00+09:00,0.33755,0.33837,0.33747,0.33778
2025-10-08T04:15:00+09:00,0.33779,0.33801,0.33735,0.33741
2025-10-08T04:30:00+09:00,0.33734,0.33764,0.33734,0.33745
2025-10-08T04:45:00+09:00,0.33746,0.33809,0.3373,0.33768
2025-10-08T05:00:00+09:00,0.33772,0.33851,0.33747,0.33835
2025-10-08T05:15:00+09:00,0.33844,0.33865,0.3383,0.3386
2025-10-08T05:30:00+09:00,0.33863,0.33933,0.33863,0.33904
2025-10-08T05:45:00+09:00,0.33899,0.33951,0.33887,0.33911
2025-10-08T06:00:00+09:00,0.33901,0.33926,0.33877,0.33893
2025-10-08T06:15:00+09:00,0.33893,0.33916,0.33891,0.33895
2025-10-08T06:30:00+09:00,0.33897,0.33897,0.33849,0.33855
2025-10-08T06:45:00+09:00,0.3385,0.33852,0.33816,0.33847
2025-10-08T07:00:00+09:00,0.33846,0.33867,0.33823,0.33863
2025-10-08T07:15:00+09:00,0.33862,0.33888,0.33853,0.33883
2025-10-08T07:30:00+09:00,0.33889,0.33904,0.33829,0.33852
2025-10-08T07:45:00+09:00,0.33852,0.33874,0.33842,0.3385
2025-10-08T08:00:00+09:00,0.33851,0.33851,0.33805,0.33809
2025-10-08T08:15:00+09:00,0.33808,0.33838,0.33807,0.33838
2025-10-08T08:30:00+09:00,0.33837,0.33839,0.338,0.33826
2025-10-08T08:45:00+09:00,0.33826,0.33831,0.33773,0.33776
2025-10-08T09:00:00+09:00,0.33775,0.338,0.33775,0.33786
2025-10-08T09:15:00+09:00,0.33793,0.33808,0.33705,0.33711
2025-10-08T09:30:00+09:00,0.33707,0.33739,0.33652,0.33713
2025-10-08T09:45:00+09:00,0.33674,0.33721,0.33668,0.33696
2025-10-08T10:00:00+09:00,0.33701,0.33722,0.33666,0.33692
2025-10-08T10:15:00+09:00,0.33693,0.33746,0.33686,0.33702
2025-10-08T10:30:00+09:00,0.33686,0.33713,0.33666,0.33698
2025-10-08T10:45:00+09:00,0.337,0.33742,0.33692,0.33727
2025-10-08T11:00:00+09:00,0.33727,0.33797,0.33717,0.33791
2025-10-08T11:15:00+09:00,0.33793,0.3386,0.33787,0.33817
2025-10-08T11:30:00+09:00,0.33817,0.33817,0.33752,0.33785
2025-10-08T11:45:00+09:00,0.33785,0.33788,0.33755,0.33762
2025-10-08T12:00:00+09:00,0.33763,0.33763,0.33738,0.33738
2025-10-08T12:15:00+09:00,0.33738,0.33747,0.33692,0.33697
2025-10-08T12:30:00+09:00,0.33694,0.33718,0.33642,0.33645
2025-10-08T12:45:00+09:00,0.33643,0.33696,0.33641,0.33663
2025-10-08T13:00:00+09:00,0.33663,0.33701,0.33618,0.33645
2025-10-08T13:15:00+09:00,0.33647,0.33721,0.33647,0.33705
2025-10-08T13:30:00+09:00,0.33705,0.33732,0.33699,0.3373
2025-10-08T13:45:00+09:00,0.3373,0.33735,0.33718,0.33728
2025-10-08T14:00:00+09:00,0.33729,0.33729,0.3368,0.337
2025-10-08T14:15:00+09:00,0.337,0.33708,0.33637,0.33667
2025-10-08T14:30:00+09:00,0.3367,0.33722,0.3366,0.33687
2025-10-08T14:45:00+09:00,0.33687,0.337,0.33647,0.33693
2025-10-08T15:00:00+09:00,0.33693,0.33695,0.33649,0.33686
2025-10-08T15:15:00+09:00,0.33682,0.33706,0.33664,0.33673
2025-10-08T15:30:00+09:00,0.33676,0.33693,0.33649,0.33657
2025-10-08T15:45:00+09:00,0.33657,0.33701,0.33655,0.33687
2025-10-08T16:00:00+09:00,0.33687,0.33696,0.33654,0.33681
2025-10-08T16:15:00+09:00,0.33682,0.33706,0.33657,0.3369
2025-10-08T16:30:00+09:00,0.33693,0.33705,0.33668,0.33695
2025-10-08T16:45:00+09:00,0.33692,0.33737,0.33678,0.33732
2025-10-08T17:00:00+09:00,0.33732,0.33749,0.33718,0.33735
2025-10-08T17:15:00+09:00,0.33734,0.33752,0.33721,0.33724
2025-10-08T17:30:00+09:00,0.33724,0.33782,0.33697,0.33757
2025-10-08T17:45:00+09:00,0.33758,0.33758,0.3367,0.33683
2025-10-08T18:00:00+09:00,0.33682,0.33698,0.33672,0.33688
2025-10-08T18:15:00+09:00,0.33688,0.33702,0.33668,0.33689
2025-10-08T18:30:00+09:00,0.33689,0.33705,0.33673,0.3369
2025-10-08T18:45:00+09:00,0.3369,0.33708,0.33679,0.33702
2025-10-08T19:00:00+09:00,0.33707,0.33742,0.33671,0.33677
2025-10-08T19:15:00+09:00,0.33677,0.33702,0.33677,0.33691
2025-10-08T19:30:00+09:00,0.33692,0.33742,0.33691,0.33722
2025-10-08T19:45:00+09:00,0.33723,0.33749,0.3371,0.33734
2025-10-08T20:00:00+09:00,0.33736,0.33756,0.33717,0.33754
2025-10-08T20:15:00+09:00,0.33754,0.33839,0.33733,0.3379
2025-10-08T20:30:00+09:00,0.33789,0.3381,0.33759,0.33777
2025-10-08T20:45:00+09:00,0.33775,0.33828,0.33769,0.33811
2025-10-08T21:00:00+09:00,0.3381,0.33829,0.33781,0.33809
2025-10-08T21:15:00+09:00,0.33806,0.33812,0.33742,0.33766
2025-10-08T21:30:00+09:00,0.33761,0.33784,0.33747,0.33763
2025-10-08T21:45:00+09:00,0.33766,0.33796,0.33763,0.33785
2025-10-08T22:00:00+09:00,0.33785,0.33787,0.33756,0.33767
2025-10-08T22:15:00+09:00,0.33767,0.33774,0.33744,0.33747
2025-10-08T22:30:00+09:00,0.33749,0.33752,0.33689,0.33701
2025-10-08T22:45:00+09:00,0.33704,0.3374,0.33669,0.33738
2025-10-08T23:00:00+09:00,0.33736,0.33824,0.33736,0.33778
2025-10-08T23:15:00+09:00,0.3378,0.33801,0.33727,0.33737
2025-10-08T23:30:00+09:00,0.33736,0.33753,0.33709,0.33721
2025-10-08T23:45:00+09:00,0.33719,0.33734,0.33669,0.33685
2025-10-09T00:00:00+09:00,0.33684,0.33703,0.33654,0.33684
2025-10-09T00:15:00+09:00,0.33684,0.33712,0.33664,0.3369
2025-10-09T00:30:00+09:00,0.33688,0.33696,0.33666,0.33677
2025-10-09T00:45:00+09:00,0.33677,0.33684,0.33643,0.33668
2025-10-09T01:00:00+09:00,0.3367,0.33747,0.33662,0.3374
2025-10-09T01:15:00+09:00,0.33741,0.33756,0.33734,0.33753
2025-10-09T01:30:00+09:00,0.33742,0.33772,0.33726,0.33772
2025-10-09T01:45:00+09:00,0.33772,0.33854,0.33771,0.33831
2025-10-09T02:00:00+09:00,0.33831,0.33882,0.3379,0.3388
2025-10-09T02:15:00+09:00,0.33885,0.33935,0.33857,0.33908
2025-10-09T02:30:00+09:00,0.33912,0.33992,0.3385,0.33892
2025-10-09T02:45:00+09:00,0.3389,0.33965,0.3388,0.33937
2025-10-09T03:00:00+09:00,0.33938,0.33992,0.33912,0.33978
2025-10-09T03:15:00+09:00,0.33977,0.34016,0.33963,0.33981
2025-10-09T03:30:00+09:00,0.3398,0.34023,0.33947,0.33961
2025-10-09T03:45:00+09:00,0.33964,0.3402,0.33951,0.33994
2025-10-09T04:00:00+09:00,0.33994,0.34037,0.33968,0.33975
2025-10-09T04:15:00+09:00,0.33975,0.34142,0.33975,0.34133
2025-10-09T04:30:00+09:00,0.34132,0.34192,0.34106,0.34157
2025-10-09T04:45:00+09:00,0.34157,0.34174,0.34087,0.34157
2025-10-09T05:00:00+09:00,0.34159,0.34199,0.34107,0.3414
2025-10-09T05:15:00+09:00,0.3414,0.34172,0.34136,0.34159
2025-10-09T05:30:00+09:00,0.34152,0.34185,0.34141,0.34183
2025-10-09T05:45:00+09:00,0.34181,0.34183,0.34115,0.34115
2025-10-09T06:00:00+09:00,0.34116,0.34173,0.34116,0.34168
2025-10-09T06:15:00+09:00,0.34175,0.342,0.34175,0.3418
2025-10-09T06:30:00+09:00,0.34182,0.34198,0.34174,0.34186
2025-10-09T06:45:00+09:00,0.34184,0.34185,0.34136,0.34172
2025-10-09T07:00:00+09:00,0.34172,0.34267,0.34172,0.34257
2025-10-09T07:15:00+09:00,0.34253,0.34264,0.34189,0.3421
2025-10-09T07:30:00+09:00,0.34214,0.34228,0.34192,0.34192
2025-10-09T07:45:00+09:00,0.34196,0.34197,0.34171,0.34176
2025-10-09T08:00:00+09:00,0.34176,0.34197,0.34144,0.34195
2025-10-09T08:15:00+09:00,0.34194,0.34236,0.34176,0.34229
2025-10-09T08:30:00+09:00,0.34229,0.3424,0.34216,0.34221
2025-10-09T08:45:00+09:00,0.3422,0.3422,0.34202,0.3421
2025-10-09T09:00:00+09:00,0.34211,0.34239,0.34154,0.34174
2025-10-09T09:15:00+09:00,0.34178,0.34206,0.34178,0.34189
2025-10-09T09:30:00+09:00,0.34181,0.34197,0.34156,0.34191
2025-10-09T09:45:00+09:00,0.34189,0.34195,0.34166,0.34167
2025-10-09T10:00:00+09:00,0.34167,0.34167,0.34105,0.34127
2025-10-09T10:15:00+09:00,0.34124,0.34138,0.34083,0.34084
2025-10-09T10:30:00+09:00,0.34084,0.34092,0.34015,0.34041
2025-10-09T10:45:00+09:00,0.34042,0.3412,0.34042,0.34113
2025-10-09T11:00:00+09:00,0.34114,0.34115,0.3401,0.34052
2025-10-09T11:15:00+09:00,0.34051,0.34051,0.33934,0.33957
2025-10-09T11:30:00+09:00,0.33959,0.33985,0.33867,0.3391
2025-10-09T11:45:00+09:00,0.3391,0.33918,0.33859,0.33898
2025-10-09T12:00:00+09:00,0.33898,0.34007,0.33896,0.33984
2025-10-09T12:15:00+09:00,0.33983,0.34043,0.33983,0.34037
2025-10-09T12:30:00+09:00,0.34037,0.34069,0.34016,0.34034
2025-10-09T12:45:00+09:00,0.34035,0.34087,0.34004,0.34037
2025-10-09T13:00:00+09:00,0.34035,0.34075,0.34007,0.34007
2025-10-09T13:15:00+09:00,0.34007,0.34053,0.34007,0.34015
2025-10-09T13:30:00+09:00,0.34016,0.34016,0.3398,0.33982
2025-10-09T13:45:00+09:00,0.33981,0.34032,0.33979,0.33997
2025-10-09T14:00:00+09:00,0.33997,0.34015,0.33973,0.33973
2025-10-09T14:15:00+09:00,0.33974,0.33981,0.3392,0.33964
2025-10-09T14:30:00+09:00,0.33964,0.33991,0.33936,0.33962
2025-10-09T14:45:00+09:00,0.33962,0.33986,0.33941,0.33971
2025-10-09T15:00:00+09:00,0.33973,0.33977,0.33914,0.33934
2025-10-09T15:15:00+09:00,0.33937,0.33939,0.339,0.33913
2025-10-09T15:30:00+09:00,0.33914,0.33936,0.33894,0.33898
2025-10-09T15:45:00+09:00,0.33899,0.33918,0.33856,0.33898
2025-10-09T16:00:00+09:00,0.33898,0.33908,0.33864,0.3388
2025-10-09T16:15:00+09:00,0.3388,0.33903,0.33856,0.33874
2025-10-09T16:30:00+09:00,0.33878,0.33878,0.33812,0.3384
2025-10-09T16:45:00+09:00,0.33842,0.3391,0.33842,0.33876
2025-10-09T17:00:00+09:00,0.33873,0.3389,0.33808,0.33808
2025-10-09T17:15:00+09:00,0.33807,0.33809,0.3367,0.3367
2025-10-09T17:30:00+09:00,0.33671,0.33739,0.33642,0.33675
2025-10-09T17:45:00+09:00,0.33675,0.33702,0.33618,0.33619
2025-10-09T18:00:00+09:00,0.33618,0.33679,0.33611,0.33679
2025-10-09T18:15:00+09:00,0.3368,0.33716,0.33647,0.33698
2025-10-09T18:30:00+09:00,0.33696,0.33725,0.33678,0.33678
2025-10-09T18:45:00+09:00,0.33678,0.33716,0.33656,0.3369
2025-10-09T19:00:00+09:00,0.33689,0.33707,0.3366,0.33706
2025-10-09T19:15:00+09:00,0.33707,0.33707,0.33641,0.33646
2025-10-09T19:30:00+09:00,0.33646,0.33766,0.33646,0.33731
2025-10-09T19:45:00+09:00,0.33732,0.33754,0.33708,0.3373
2025-10-09T20:00:00+09:00,0.3373,0.3375,0.33721,0.3373
2025-10-09T20:15:00+09:00,0.33731,0.33784,0.33729,0.33772
2025-10-09T20:30:00+09:00,0.33774,0.33793,0.33741,0.33793
2025-10-09T20:45:00+09:00,0.33793,0.33795,0.33756,0.3377
2025-10-09T21:00:00+09:00,0.33772,0.33816,0.33751,0.33797
2025-10-09T21:15:00+09:00,0.33797,0.3385,0.33794,0.3384
2025-10-09T21:30:00+09:00,0.33843,0.33902,0.33828,0.33872
2025-10-09T21:45:00+09:00,0.33867,0.3387,0.33816,0.33843
2025-10-09T22:00:00+09:00,0.33843,0.33848,0.33779,0.3378
2025-10-09T22:15:00+09:00,0.33779,0.33817,0.33766,0.33801
2025-10-09T22:30:00+09:00,0.33797,0.33801,0.33736,0.33743
2025-10-09T22:45:00+09:00,0.33749,0.33793,0.3372,0.3372
2025-10-09T23:00:00+09:00,0.33723,0.33741,0.33674,0.33736
2025-10-09T23:15:00+09:00,0.3373,0.33745,0.33651,0.33657
2025-10-09T23:30:00+09:00,0.33654,0.33654,0.33526,0.3353
2025-10-09T23:45:00+09:00,0.33528,0.33615,0.33528,0.33605
2025-10-10T00:00:00+09:00,0.3361,0.33712,0.3361,0.3367
2025-10-10T00:15:00+09:00,0.3367,0.33693,0.3357,0.33573
2025-10-10T00:30:00+09:00,0.33572,0.33576,0.33471,0.33501
2025-10-10T00:45:00+09:00,0.33493,0.33543,0.33461,0.33541
2025-10-10T01:00:00+09:00,0.33541,0.33608,0.33526,0.33555
2025-10-10T01:15:00+09:00,0.33558,0.33584,0.33481,0.3353
2025-10-10T01:30:00+09:00,0.3353,0.33532,0.33468,0.33507
2025-10-10T01:45:00+09:00,0.33508,0.33508,0.3341,0.33425
2025-10-10T02:00:00+09:00,0.33427,0.33543,0.33418,0.33523
2025-10-10T02:15:00+09:00,0.33527,0.33598,0.33521,0.33529
2025-10-10T02:30:00+09:00,0.3353,0.33596,0.3353,0.33569
2025-10-10T02:45:00+09:00,0.33571,0.33631,0.33566,0.3363
2025-10-10T03:00:00+09:00,0.33631,0.33638,0.33591,0.33636
2025-10-10T03:15:00+09:00,0.33632,0.33694,0.33576,0.33583
2025-10-10T03:30:00+09:00,0.33582,0.33607,0.33569,0.33582
2025-10-10T03:45:00+09:00,0.33584,0.33607,0.33567,0.33585
2025-10-10T04:00:00+09:00,0.33585,0.33624,0.33579,0.33616
2025-10-10T04:15:00+09:00,0.33617,0.33667,0.33604,0.33665
2025-10-10T04:30:00+09:00,0.33666,0.33667,0.33641,0.33642
2025-10-10T04:45:00+09:00,0.33646,0.3369,0.33633,0.33663
2025-10-10T05:00:00+09:00,0.33662,0.33699,0.33612,0.33621
2025-10-10T05:15:00+09:00,0.33624,0.33655,0.33621,0.33631
2025-10-10T05:30:00+09:00,0.33635,0.3365,0.33624,0.33649
2025-10-10T05:45:00+09:00,0.33649,0.33653,0.33614,0.33619
2025-10-10T06:00:00+09:00,0.33621,0.33633,0.33599,0.33625
2025-10-10T06:15:00+09:00,0.33629,0.33643,0.33607,0.33614
2025-10-10T06:30:00+09:00,0.33615,0.33619,0.33593,0.33594
2025-10-10T06:45:00+09:00,0.33594,0.33611,0.3359,0.33611
2025-10-10T07:00:00+09:00,0.33609,0.33648,0.33589,0.33648
2025-10-10T07:15:00+09:00,0.33646,0.33671,0.33644,0.33658
2025-10-10T07:30:00+09:00,0.33664,0.33699,0.33636,0.33685
2025-10-10T07:45:00+09:00,0.33686,0.33703,0.33659,0.33675
2025-10-10T08:00:00+09:00,0.33675,0.33675,0.33608,0.33615
2025-10-10T08:15:00+09:00,0.33615,0.33638,0.33603,0.33637
2025-10-10T08:30:00+09:00,0.33626,0.33635,0.336,0.33605
2025-10-10T08:45:00+09:00,0.33604,0.33699,0.33599,0.33699
2025-10-10T09:00:00+09:00,0.337,0.337,0.33642,0.33656
2025-10-10T09:15:00+09:00,0.33655,0.33688,0.33641,0.33682
2025-10-10T09:30:00+09:00,0.33679,0.33683,0.33651,0.33659
2025-10-10T09:45:00+09:00,0.33659,0.33676,0.33627,0.33657
2025-10-10T10:00:00+09:00,0.3366,0.33701,0.33632,0.33664
2025-10-10T10:15:00+09:00,0.33662,0.33696,0.33646,0.33681
2025-10-10T10:30:00+09:00,0.33681,0.33682,0.33642,0.33647
2025-10-10T10:45:00+09:00,0.33648,0.33653,0.33629,0.3364
2025-10-10T11:00:00+09:00,0.3364,0.3364,0.33618,0.33628
2025-10-10T11:15:00+09:00,0.33627,0.33666,0.33622,0.33651
2025-10-10T11:30:00+09:00,0.3365,0.3365,0.33617,0.33624
2025-10-10T11:45:00+09:00,0.33624,0.33664,0.33608,0.33618
2025-10-10T12:00:00+09:00,0.33618,0.33618,0.33585,0.33595
2025-10-10T12:15:00+09:00,0.33593,0.33709,0.33593,0.33709
2025-10-10T12:30:00+09:00,0.33707,0.33725,0.3369,0.33712
2025-10-10T12:45:00+09:00,0.33712,0.33726,0.33636,0.3365
2025-10-10T13:00:00+09:00,0.33644,0.3369,0.33644,0.33688
2025-10-10T13:15:00+09:00,0.33688,0.33689,0.33641,0.33646
2025-10-10T13:30:00+09:00,0.33645,0.33657,0.3361,0.3363
2025-10-10T13:45:00+09:00,0.33632,0.33638,0.33621,0.3363
2025-10-10T14:00:00+09:00,0.3363,0.33632,0.3357,0.336
2025-10-10T14:15:00+09:00,0.33597,0.33636,0.33586,0.33627
2025-10-10T14:30:00+09:00,0.33628,0.33629,0.33585,0.33619
2025-10-10T14:45:00+09:00,0.33617,0.33635,0.33613,0.33626
2025-10-10T15:00:00+09:00,0.33626,0.33633,0.33587,0.33607
2025-10-10T15:15:00+09:00,0.33608,0.33615,0.33574,0.3358
2025-10-10T15:30:00+09:00,0.3358,0.3362,0.3358,0.33606
2025-10-10T15:45:00+09:00,0.33604,0.33641,0.33574,0.33614
2025-10-10T16:00:00+09:00,0.33612,0.33613,0.3357,0.33578
2025-10-10T16:15:00+09:00,0.33578,0.33578,0.3353,0.33551
2025-10-10T16:30:00+09:00,0.33546,0.33546,0.335,0.33506
2025-10-10T16:45:00+09:00,0.33507,0.33512,0.33481,0.33498
2025-10-10T17:00:00+09:00,0.33502,0.33539,0.33493,0.33518
2025-10-10T17:15:00+09:00,0.3352,0.3356,0.3352,0.33532
2025-10-10T17:30:00+09:00,0.33531,0.33548,0.33515,0.33524
2025-10-10T17:45:00+09:00,0.33524,0.33574,0.33521,0.33568
2025-10-10T18:00:00+09:00,0.33568,0.33569,0.33492,0.33501
2025-10-10T18:15:00+09:00,0.33501,0.33552,0.33497,0.33523
2025-10-10T18:30:00+09:00,0.33519,0.33519,0.33477,0.33486
2025-10-10T18:45:00+09:00,0.33486,0.33487,0.33373,0.3339
2025-10-10T19:00:00+09:00,0.33391,0.33426,0.33377,0.33418
2025-10-10T19:15:00+09:00,0.33416,0.33458,0.33408,0.33433
2025-10-10T19:30:00+09:00,0.33431,0.33445,0.33428,0.33442
2025-10-10T19:45:00+09:00,0.33441,0.33494,0.33434,0.33483
2025-10-10T20:00:00+09:00,0.33484,0.33523,0.33484,0.335
2025-10-10T20:15:00+09:00,0.33499,0.33499,0.33459,0.33491
2025-10-10T20:30:00+09:00,0.33495,0.33514,0.33494,0.33503
2025-10-10T20:45:00+09:00,0.33505,0.33564,0.33502,0.33555
2025-10-10T21:00:00+09:00,0.33553,0.33554,0.33506,0.33507
2025-10-10T21:15:00+09:00,0.33507,0.33534,0.33493,0.33516
2025-10-10T21:30:00+09:00,0.33519,0.33524,0.33496,0.335
2025-10-10T21:45:00+09:00,0.33498,0.33525,0.33496,0.33519
2025-10-10T22:00:00+09:00,0.3352,0.33548,0.33488,0.33492
2025-10-10T22:15:00+09:00,0.33492,0.33539,0.33485,0.33537
2025-10-10T22:30:00+09:00,0.33537,0.33621,0.33507,0.33564
2025-10-10T22:45:00+09:00,0.33564,0.33568,0.33499,0.33536
2025-10-10T23:00:00+09:00,0.33543,0.33578,0.33507,0.33512
2025-10-10T23:15:00+09:00,0.33512,0.33519,0.33446,0.33454
2025-10-10T23:30:00+09:00,0.33455,0.33493,0.33453,0.3347
2025-10-10T23:45:00+09:00,0.33467,0.33487,0.333,0.33344
2025-10-11T00:00:00+09:00,0.33341,0.33347,0.33109,0.33119
2025-10-11T00:15:00+09:00,0.33119,0.33134,0.32881,0.32884
2025-10-11T00:30:00+09:00,0.32886,0.32961,0.3276,0.3295
2025-10-11T00:45:00+09:00,0.32948,0.33032,0.32905,0.33032
2025-10-11T01:00:00+09:00,0.33033,0.33166,0.33026,0.33099
2025-10-11T01:15:00+09:00,0.331,0.33153,0.33068,0.33125
2025-10-11T01:30:00+09:00,0.33125,0.33183,0.33115,0.33116
2025-10-11T01:45:00+09:00,0.33116,0.33156,0.33074,0.33112
2025-10-11T02:00:00+09:00,0.33103,0.33135,0.33057,0.33064
2025-10-11T02:15:00+09:00,0.33062,0.33131,0.33059,0.33119
2025-10-11T02:30:00+09:00,0.3313,0.33181,0.33078,0.33104
2025-10-11T02:45:00+09:00,0.33103,0.3315,0.33075,0.33132
2025-10-11T03:00:00+09:00,0.33131,0.33157,0.33109,0.33127
2025-10-11T03:15:00+09:00,0.33127,0.33227,0.33123,0.33204
2025-10-11T03:30:00+09:00,0.33206,0.33215,0.33173,0.332
2025-10-11T03:45:00+09:00,0.33198,0.33216,0.33175,0.3318
2025-10-11T04:00:00+09:00,0.33182,0.33228,0.33123,0.33151
2025-10-11T04:15:00+09:00,0.33149,0.3316,0.33043,0.33049
2025-10-11T04:30:00+09:00,0.33047,0.33105,0.33027,0.331
2025-10-11T04:45:00+09:00,0.33103,0.33136,0.33052,0.33061
2025-10-11T05:00:00+09:00,0.33065,0.33083,0.33033,0.33076
2025-10-11T05:15:00+09:00,0.33075,0.33094,0.33025,0.33043
2025-10-11T05:30:00+09:00,0.33037,0.33063,0.32999,0.33037
2025-10-11T05:45:00+09:00,0.33041,0.33041,0.325,0.32546
2025-10-11T06:00:00+09:00,0.32547,0.32651,0.3186,0.32066
2025-10-11T06:15:00+09:00,0.32086,0.32282,0.30195,0.31366
2025-10-11T06:30:00+09:00,0.31363,0.31921,0.31284,0.3192
2025-10-11T06:45:00+09:00,0.31921,0.32171,0.31733,0.32013
2025-10-11T07:00:00+09:00,0.32001,0.3202,0.31401,0.31708
2025-10-11T07:15:00+09:00,0.31706,0.31892,0.31644,0.31761
2025-10-11T07:30:00+09:00,0.3176,0.31914,0.31636,0.31874
2025-10-11T07:45:00+09:00,0.31867,0.32101,0.31818,0.3198
2025-10-11T08:00:00+09:00,0.3198,0.32018,0.31794,0.31815
2025-10-11T08:15:00+09:00,0.31814,0.3201,0.3175,0.31974
2025-10-11T08:30:00+09:00,0.31992,0.321,0.31929,0.321
2025-10-11T08:45:00+09:00,0.32093,0.32125,0.31954,0.32049
2025-10-11T09:00:00+09:00,0.32042,0.32081,0.31966,0.32026
2025-10-11T09:15:00+09:00,0.32024,0.32071,0.31856,0.32066
2025-10-11T09:30:00+09:00,0.32066,0.32066,0.32012,0.32058
2025-10-11T09:45:00+09:00,0.32057,0.32104,0.32006,0.3201
2025-10-11T10:00:00+09:00,0.3201,0.32037,0.31948,0.31966
2025-10-11T10:15:00+09:00,0.31967,0.31976,0.31858,0.31903
2025-10-11T10:30:00+09:00,0.319,0.31981,0.31879,0.31919
2025-10-11T10:45:00+09:00,0.3192,0.31958,0.31756,0.318
2025-10-11T11:00:00+09:00,0.31797,0.31884,0.31785,0.31827
2025-10-11T11:15:00+09:00,0.31833,0.3186,0.31784,0.31844
2025-10-11T11:30:00+09:00,0.31838,0.31898,0.31776,0.31898
2025-10-11T11:45:00+09:00,0.31888,0.3189,0.31829,0.31871
2025-10-11T12:00:00+09:00,0.31866,0.3187,0.31787,0.31788
2025-10-11T12:15:00+09:00,0.31789,0.31793,0.317,0.31705
2025-10-11T12:30:00+09:00,0.31705,0.31705,0.31593,0.316
2025-10-11T12:45:00+09:00,0.316,0.31637,0.31597,0.31637
2025-10-11T13:00:00+09:00,0.31636,0.31651,0.31586,0.31602
2025-10-11T13:15:00+09:00,0.31601,0.31672,0.31601,0.31649
2025-10-11T13:30:00+09:00,0.3165,0.3165,0.31563,0.31622
2025-10-11T13:45:00+09:00,0.31622,0.31713,0.31596,0.31713
2025-10-11T14:00:00+09:00,0.31714,0.31789,0.31709,0.31755
2025-10-11T14:15:00+09:00,0.31754,0.31754,0.31655,0.31655
2025-10-11T14:30:00+09:00,0.31653,0.31707,0.31647,0.31648
2025-10-11T14:45:00+09:00,0.31648,0.31759,0.31648,0.31728
2025-10-11T15:00:00+09:00,0.31727,0.31747,0.31657,0.31709
2025-10-11T15:15:00+09:00,0.31709,0.31806,0.31693,0.31795
2025-10-11T15:30:00+09:00,0.31795,0.31873,0.31783,0.318
2025-10-11T15:45:00+09:00,0.318,0.31868,0.31794,0.31812
2025-10-11T16:00:00+09:00,0.31813,0.3185,0.31762,0.31807
2025-10-11T16:15:00+09:00,0.31799,0.31809,0.3175,0.31765
2025-10-11T16:30:00+09:00,0.31761,0.31786,0.31656,0.31681
2025-10-11T16:45:00+09:00,0.3168,0.31682,0.31582,0.31651
2025-10-11T17:00:00+09:00,0.3165,0.31723,0.31622,0.31678
2025-10-11T17:15:00+09:00,0.31677,0.31869,0.31677,0.3181
2025-10-11T17:30:00+09:00,0.3181,0.31856,0.31776,0.31821
2025-10-11T17:45:00+09:00,0.31821,0.31864,0.31821,0.31859
2025-10-11T18:00:00+09:00,0.3186,0.31929,0.31836,0.31847
2025-10-11T18:15:00+09:00,0.31851,0.31888,0.31824,0.31862
2025-10-11T18:30:00+09:00,0.31864,0.3194,0.31834,0.3192
2025-10-11T18:45:00+09:00,0.31919,0.31935,0.31886,0.31933
2025-10-11T19:00:00+09:00,0.31934,0.3199,0.31931,0.31945
2025-10-11T19:15:00+09:00,0.31945,0.31963,0.31921,0.31942
2025-10-11T19:30:00+09:00,0.3194,0.3194,0.31874,0.31874
2025-10-11T19:45:00+09:00,0.31874,0.3195,0.31864,0.31939
2025-10-11T20:00:00+09:00,0.31938,0.31947,0.3189,0.31922
2025-10-11T20:15:00+09:00,0.31922,0.31922,0.31846,0.3187
2025-10-11T20:30:00+09:00,0.31874,0.31875,0.31841,0.31857
2025-10-11T20:45:00+09:00,0.31855,0.31909,0.31847,0.31905
2025-10-11T21:00:00+09:00,0.31905,0.3193,0.31882,0.31907
2025-10-11T21:15:00+09:00,0.31906,0.31944,0.31905,0.31936
2025-10-11T21:30:00+09:00,0.31931,0.31933,0.31883,0.31899
2025-10-11T21:45:00+09:00,0.31898,0.3193,0.31872,0.31929
2025-10-11T22:00:00+09:00,0.31926,0.31957,0.31883,0.31929
2025-10-11T22:15:00+09:00,0.31928,0.31929,0.31885,0.31919
2025-10-11T22:30:00+09:00,0.31919,0.31937,0.31839,0.31871
2025-10-11T22:45:00+09:00,0.31871,0.31952,0.31867,0.31948
2025-10-11T23:00:00+09:00,0.31947,0.32012,0.31943,0.31988
2025-10-11T23:15:00+09:00,0.31988,0.32,0.31954,0.31977
2025-10-11T23:30:00+09:00,0.31975,0.3198,0.31923,0.31925
2025-10-11T23:45:00+09:00,0.3193,0.31962,0.31904,0.31941
2025-10-12T00:00:00+09:00,0.31947,0.31971,0.31923,0.31965
2025-10-12T00:15:00+09:00,0.31966,0.31985,0.31939,0.3195
2025-10-12T00:30:00+09:00,0.31949,0.31954,0.31914,0.3193
2025-10-12T00:45:00+09:00,0.31931,0.31972,0.31927,0.31965
2025-10-12T01:00:00+09:00,0.31966,0.32003,0.31941,0.32003
2025-10-12T01:15:00+09:00,0.32003,0.32005,0.31988,0.32001
2025-10-12T01:30:00+09:00,0.32001,0.32001,0.31986,0.31986
2025-10-12T01:45:00+09:00,0.31987,0.32006,0.31976,0.31979
2025-10-12T02:00:00+09:00,0.3198,0.31994,0.31936,0.31937
2025-10-12T02:15:00+09:00,0.31937,0.31974,0.31929,0.3196
2025-10-12T02:30:00+09:00,0.31961,0.31961,0.31946,0.31951
2025-10-12T02:45:00+09:00,0.31951,0.31986,0.31943,0.31968
2025-10-12T03:00:00+09:00,0.3197,0.31974,0.31933,0.31956
2025-10-12T03:15:00+09:00,0.31956,0.31956,0.31935,0.31944
2025-10-12T03:30:00+09:00,0.31944,0.31983,0.31936,0.31983
2025-10-12T03:45:00+09:00,0.31985,0.31985,0.319,0.31901
2025-10-12T04:00:00+09:00,0.31901,0.31901,0.31844,0.31877
2025-10-12T04:15:00+09:00,0.31875,0.31875,0.31782,0.31782
2025-10-12T04:30:00+09:00,0.31782,0.31782,0.31686,0.31687
2025-10-12T04:45:00+09:00,0.31686,0.31707,0.31636,0.31651
2025-10-12T05:00:00+09:00,0.31657,0.3172,0.31581,0.3159
2025-10-12T05:15:00+09:00,0.31589,0.31616,0.31479,0.31494
2025-10-12T05:30:00+09:00,0.31495,0.31495,0.31385,0.31403
2025-10-12T05:45:00+09:00,0.31404,0.31471,0.3129,0.31337
2025-10-12T06:00:00+09:00,0.31335,0.31336,0.31149,0.31168
2025-10-12T06:15:00+09:00,0.31165,0.31341,0.31162,0.31283
2025-10-12T06:30:00+09:00,0.31276,0.31317,0.31245,0.31289
2025-10-12T06:45:00+09:00,0.31286,0.31388,0.31286,0.31388
2025-10-12T07:00:00+09:00,0.31391,0.31446,0.31384,0.3143
2025-10-12T07:15:00+09:00,0.31439,0.31439,0.31358,0.31399
2025-10-12T07:30:00+09:00,0.314,0.31459,0.31395,0.31404
2025-10-12T07:45:00+09:00,0.31394,0.31444,0.31389,0.31414
2025-10-12T08:00:00+09:00,0.31415,0.31426,0.31381,0.31421
2025-10-12T08:15:00+09:00,0.3142,0.31453,0.31415,0.31447
2025-10-12T08:30:00+09:00,0.31444,0.31454,0.3142,0.31444
2025-10-12T08:45:00+09:00,0.31448,0.31463,0.3143,0.31441
2025-10-12T09:00:00+09:00,0.31444,0.31457,0.313,0.313
2025-10-12T09:15:00+09:00,0.31299,0.31337,0.31236,0.31242
2025-10-12T09:30:00+09:00,0.31242,0.31336,0.31207,0.31219
2025-10-12T09:45:00+09:00,0.3121,0.31251,0.31072,0.31102
2025-10-12T10:00:00+09:00,0.31102,0.31149,0.3108,0.31132
2025-10-12T10:15:00+09:00,0.31135,0.31164,0.31091,0.3113
2025-10-12T10:30:00+09:00,0.31132,0.31163,0.3109,0.31151
2025-10-12T10:45:00+09:00,0.31153,0.31164,0.31093,0.31105
2025-10-12T11:00:00+09:00,0.31108,0.31185,0.31093,0.31158
2025-10-12T11:15:00+09:00,0.31165,0.31248,0.31159,0.31245
2025-10-12T11:30:00+09:00,0.3124,0.31269,0.31192,0.31221
2025-10-12T11:45:00+09:00,0.31218,0.3124,0.31131,0.31196
2025-10-12T12:00:00+09:00,0.31195,0.31347,0.31192,0.31335
2025-10-12T12:15:00+09:00,0.31329,0.31399,0.31309,0.31384
2025-10-12T12:30:00+09:00,0.31386,0.3146,0.31379,0.31422
2025-10-12T12:45:00+09:00,0.31428,0.31437,0.31343,0.31377
2025-10-12T13:00:00+09:00,0.31378,0.3149,0.31361,0.31481
2025-10-12T13:15:00+09:00,0.31484,0.31558,0.3146,0.3146
2025-10-12T13:30:00+09:00,0.31466,0.31487,0.31438,0.31464
2025-10-12T13:45:00+09:00,0.31457,0.31512,0.31457,0.31511
2025-10-12T14:00:00+09:00,0.31511,0.31526,0.31488,0.31513
2025-10-12T14:15:00+09:00,0.31514,0.3153,0.3148,0.31506
2025-10-12T14:30:00+09:00,0.31506,0.31523,0.31494,0.31521
2025-10-12T14:45:00+09:00,0.31524,0.31549,0.31482,0.31482
2025-10-12T15:00:00+09:00,0.31474,0.31566,0.31468,0.31566
2025-10-12T15:15:00+09:00,0.31565,0.31588,0.31542,0.31576
2025-10-12T15:30:00+09:00,0.31579,0.31579,0.31536,0.31561
2025-10-12T15:45:00+09:00,0.31562,0.31577,0.3155,0.31569
2025-10-12T16:00:00+09:00,0.3156,0.31565,0.31509,0.3151
2025-10-12T16:15:00+09:00,0.3151,0.31558,0.31501,0.31529
2025-10-12T16:30:00+09:00,0.3153,0.31579,0.31512,0.31547
2025-10-12T16:45:00+09:00,0.31548,0.31595,0.31522,0.31557
2025-10-12T17:00:00+09:00,0.31558,0.31564,0.31403,0.31492
2025-10-12T17:15:00+09:00,0.31492,0.31532,0.31486,0.31526
2025-10-12T17:30:00+09:00,0.31526,0.31526,0.31452,0.31454
2025-10-12T17:45:00+09:00,0.3145,0.31468,0.31422,0.31449
2025-10-12T18:00:00+09:00,0.3145,0.31457,0.31384,0.31423
2025-10-12T18:15:00+09:00,0.31423,0.31483,0.31421,0.31465
2025-10-12T18:30:00+09:00,0.31464,0.31479,0.31425,0.31429
2025-10-12T18:45:00+09:00,0.31435,0.31494,0.31416,0.31477
2025-10-12T19:00:00+09:00,0.3149,0.3153,0.3146,0.31475
2025-10-12T19:15:00+09:00,0.3147,0.31476,0.31444,0.31456
2025-10-12T19:30:00+09:00,0.31455,0.31467,0.31431,0.31436
2025-10-12T19:45:00+09:00,0.31436,0.31439,0.31412,0.31429
2025-10-12T20:00:00+09:00,0.31429,0.31468,0.31429,0.31446
2025-10-12T20:15:00+09:00,0.31445,0.31464,0.31425,0.3144
2025-10-12T20:30:00+09:00,0.31441,0.31463,0.31422,0.31429
2025-10-12T20:45:00+09:00,0.31428,0.31448,0.31418,0.3143
2025-10-12T21:00:00+09:00,0.31432,0.31525,0.31419,0.31517
2025-10-12T21:15:00+09:00,0.31509,0.3153,0.3147,0.31514
2025-10-12T21:30:00+09:00,0.31514,0.316,0.31514,0.31569
2025-10-12T21:45:00+09:00,0.31569,0.31634,0.31551,0.31594
2025-10-12T22:00:00+09:00,0.3159,0.31605,0.31552,0.31594
2025-10-12T22:15:00+09:00,0.31595,0.31605,0.31519,0.3155
2025-10-12T22:30:00+09:00,0.3155,0.31575,0.31502,0.31571
2025-10-12T22:45:00+09:00,0.31577,0.31577,0.31509,0.31526
2025-10-12T23:00:00+09:00,0.31534,0.31697,0.3153,0.31623
2025-10-12T23:15:00+09:00,0.31622,0.31628,0.31578,0.31601
2025-10-12T23:30:00+09:00,0.31601,0.31615,0.31545,0.3159
2025-10-12T23:45:00+09:00,0.31587,0.32046,0.31587,0.31868
2025-10-13T00:00:00+09:00,0.31876,0.32069,0.31857,0.32067
2025-10-13T00:15:00+09:00,0.32067,0.32171,0.32019,0.32168
2025-10-13T00:30:00+09:00,0.32168,0.32172,0.32063,0.32161
2025-10-13T00:45:00+09:00,0.32161,0.32318,0.32161,0.3229
2025-10-13T01:00:00+09:00,0.32288,0.32392,0.32288,0.3234
2025-10-13T01:15:00+09:00,0.3234,0.3234,0.32236,0.32266
2025-10-13T01:30:00+09:00,0.32275,0.32346,0.32246,0.32339
2025-10-13T01:45:00+09:00,0.32338,0.32411,0.32262,0.32266
2025-10-13T02:00:00+09:00,0.32274,0.3236,0.3226,0.32351
2025-10-13T02:15:00+09:00,0.32355,0.32399,0.32301,0.3234
2025-10-13T02:30:00+09:00,0.3234,0.32355,0.32287,0.323
2025-10-13T02:45:00+09:00,0.323,0.32343,0.32262,0.32318
2025-10-13T03:00:00+09:00,0.3232,0.32339,0.32276,0.3228
2025-10-13T03:15:00+09:00,0.32283,0.32322,0.32266,0.32292
2025-10-13T03:30:00+09:00,0.32291,0.32324,0.32222,0.32222
2025-10-13T03:45:00+09:00,0.32222,0.32243,0.32212,0.32237
2025-10-13T04:00:00+09:00,0.32237,0.32261,0.32233,0.32261
2025-10-13T04:15:00+09:00,0.32257,0.32257,0.32223,0.32225
2025-10-13T04:30:00+09:00,0.32223,0.32243,0.32205,0.32242
2025-10-13T04:45:00+09:00,0.32245,0.32256,0.32241,0.32242
2025-10-13T05:00:00+09:00,0.32242,0.32269,0.32224,0.32224
2025-10-13T05:15:00+09:00,0.32222,0.3226,0.32202,0.3226
2025-10-13T05:30:00+09:00,0.32257,0.32294,0.32249,0.32274
2025-10-13T05:45:00+09:00,0.32271,0.32299,0.32223,0.3223
2025-10-13T06:00:00+09:00,0.32231,0.32249,0.32191,0.32243
2025-10-13T06:15:00+09:00,0.32238,0.32242,0.32157,0.32201
2025-10-13T06:30:00+09:00,0.322,0.322,0.32136,0.32178
2025-10-13T06:45:00+09:00,0.32182,0.32255,0.32178,0.32246
2025-10-13T07:00:00+09:00,0.32249,0.32314,0.32191,0.32244
2025-10-13T07:15:00+09:00,0.32245,0.32276,0.32205,0.32215
2025-10-13T07:30:00+09:00,0.32226,0.32247,0.3221,0.32243
2025-10-13T07:45:00+09:00,0.32247,0.32256,0.32232,0.32251
2025-10-13T08:00:00+09:00,0.3225,0.32254,0.32226,0.32226
2025-10-13T08:15:00+09:00,0.32227,0.32265,0.32193,0.32261
2025-10-13T08:30:00+09:00,0.32263,0.32285,0.32237,0.32259
2025-10-13T08:45:00+09:00,0.32259,0.32294,0.32259,0.32285
2025-10-13T09:00:00+09:00,0.32281,0.32296,0.3222,0.32275
2025-10-13T09:15:00+09:00,0.32275,0.32349,0.32275,0.32326
2025-10-13T09:30:00+09:00,0.32312,0.32315,0.32235,0.32274
2025-10-13T09:45:00+09:00,0.32276,0.32298,0.32235,0.32268
2025-10-13T10:00:00+09:00,0.32267,0.3227,0.32209,0.32231
2025-10-13T10:15:00+09:00,0.32226,0.32292,0.3222,0.32263
2025-10-13T10:30:00+09:00,0.32261,0.3231,0.32248,0.32279
2025-10-13T10:45:00+09:00,0.32284,0.32379,0.32276,0.32379
2025-10-13T11:00:00+09:00,0.32379,0.32431,0.32351,0.32367
2025-10-13T11:15:00+09:00,0.32361,0.32388,0.32346,0.3237
2025-10-13T11:30:00+09:00,0.32373,0.32378,0.32346,0.32374
2025-10-13T11:45:00+09:00,0.3237,0.32376,0.32328,0.32336
2025-10-13T12:00:00+09:00,0.32339,0.32434,0.32338,0.32352
2025-10-13T12:15:00+09:00,0.32351,0.32393,0.32349,0.32382
2025-10-13T12:30:00+09:00,0.3238,0.32387,0.32331,0.3234
2025-10-13T12:45:00+09:00,0.32338,0.32391,0.32331,0.32373
2025-10-13T13:00:00+09:00,0.32373,0.32378,0.32319,0.32322
2025-10-13T13:15:00+09:00,0.32323,0.3236,0.32318,0.3233
2025-10-13T13:30:00+09:00,0.32337,0.32359,0.32312,0.32321
2025-10-13T13:45:00+09:00,0.32327,0.32336,0.32308,0.32327
2025-10-13T14:00:00+09:00,0.32324,0.32325,0.32261,0.32287
2025-10-13T14:15:00+09:00,0.32282,0.32296,0.32265,0.32278
2025-10-13T14:30:00+09:00,0.32279,0.32297,0.3226,0.32261
2025-10-13T14:45:00+09:00,0.3226,0.32267,0.3223,0.32239
2025-10-13T15:00:00+09:00,0.32245,0.32264,0.32216,0.32247
2025-10-13T15:15:00+09:00,0.32246,0.32283,0.32238,0.32281
2025-10-13T15:30:00+09:00,0.3228,0.32325,0.32256,0.3226
2025-10-13T15:45:00+09:00,0.32259,0.32306,0.32242,0.32283
2025-10-13T16:00:00+09:00,0.32285,0.3235,0.32263,0.3234
2025-10-13T16:15:00+09:00,0.32341,0.32361,0.32325,0.32361
2025-10-13T16:30:00+09:00,0.32361,0.32374,0.32343,0.32351
2025-10-13T16:45:00+09:00,0.32346,0.32347,0.32278,0.32302
2025-10-13T17:00:00+09:00,0.32302,0.32348,0.32278,0.32297
2025-10-13T17:15:00+09:00,0.32293,0.32329,0.32292,0.32313
2025-10-13T17:30:00+09:00,0.32312,0.32314,0.32263,0.32271
2025-10-13T17:45:00+09:00,0.32271,0.32294,0.32245,0.32264
2025-10-13T18:00:00+09:00,0.32262,0.32286,0.3217,0.32215
2025-10-13T18:15:00+09:00,0.32212,0.3226,0.32205,0.32237
2025-10-13T18:30:00+09:00,0.32245,0.32245,0.32196,0.322
2025-10-13T18:45:00+09:00,0.322,0.32209,0.3211,0.32161
2025-10-13T19:00:00+09:00,0.32161,0.32191,0.32111,0.32129
2025-10-13T19:15:00+09:00,0.32129,0.32138,0.32071,0.3211
2025-10-13T19:30:00+09:00,0.3211,0.32131,0.32076,0.32116
2025-10-13T19:45:00+09:00,0.32115,0.32173,0.32115,0.32163
2025-10-13T20:00:00+09:00,0.32162,0.32201,0.32094,0.3217
2025-10-13T20:15:00+09:00,0.32164,0.32164,0.32,0.32
2025-10-13T20:30:00+09:00,0.32,0.32091,0.32,0.32025
2025-10-13T20:45:00+09:00,0.32026,0.32064,0.32012,0.32053
2025-10-13T21:00:00+09:00,0.32053,0.32128,0.3201,0.3211
2025-10-13T21:15:00+09:00,0.32109,0.32134,0.32086,0.32134
2025-10-13T21:30:00+09:00,0.3213,0.32152,0.32111,0.32122
2025-10-13T21:45:00+09:00,0.3212,0.32132,0.32055,0.32079
2025-10-13T22:00:00+09:00,0.32079,0.32099,0.32041,0.32049
2025-10-13T22:15:00+09:00,0.32051,0.32089,0.32036,0.32055
2025-10-13T22:30:00+09:00,0.32059,0.32209,0.32054,0.32152
2025-10-13T22:45:00+09:00,0.32153,0.32211,0.32112,0.32195
2025-10-13T23:00:00+09:00,0.32194,0.32231,0.32173,0.32192
2025-10-13T23:15:00+09:00,0.32191,0.32199,0.32074,0.32095
2025-10-13T23:30:00+09:00,0.32084,0.32176,0.32051,0.32127
2025-10-13T23:45:00+09:00,0.32132,0.32133,0.31987,0.32012
2025-10-14T00:00:00+09:00,0.32013,0.32092,0.32004,0.32059
2025-10-14T00:15:00+09:00,0.32063,0.32084,0.32041,0.32071
2025-10-14T00:30:00+09:00,0.32065,0.32113,0.32065,0.32074
2025-10-14T00:45:00+09:00,0.32074,0.32126,0.3205,0.3208
2025-10-14T01:00:00+09:00,0.32084,0.32112,0.32064,0.32103
2025-10-14T01:15:00+09:00,0.32103,0.32168,0.32033,0.32094
2025-10-14T01:30:00+09:00,0.3209,0.321,0.32057,0.32067
2025-10-14T01:45:00+09:00,0.32067,0.32101,0.32045,0.32079
2025-10-14T02:00:00+09:00,0.32078,0.32175,0.32065,0.32153
2025-10-14T02:15:00+09:00,0.32153,0.32169,0.32135,0.32157
2025-10-14T02:30:00+09:00,0.32154,0.32178,0.32144,0.3217
2025-10-14T02:45:00+09:00,0.32171,0.32326,0.32124,0.32326
2025-10-14T03:00:00+09:00,0.32324,0.3236,0.32265,0.32266
2025-10-14T03:15:00+09:00,0.32276,0.3233,0.32267,0.32328
2025-10-14T03:30:00+09:00,0.32329,0.32355,0.32312,0.32347
2025-10-14T03:45:00+09:00,0.32349,0.32353,0.32237,0.3225
2025-10-14T04:00:00+09:00,0.32247,0.32338,0.32244,0.32333
2025-10-14T04:15:00+09:00,0.32335,0.32386,0.323,0.32319
2025-10-14T04:30:00+09:00,0.32329,0.32365,0.32313,0.32348
2025-10-14T04:45:00+09:00,0.32352,0.32371,0.32317,0.32346
2025-10-14T05:00:00+09:00,0.3235,0.32356,0.32319,0.32341
2025-10-14T05:15:00+09:00,0.32343,0.32351,0.32322,0.32348
2025-10-14T05:30:00+09:00,0.32344,0.32358,0.32323,0.32341
2025-10-14T05:45:00+09:00,0.3234,0.324,0.32332,0.32398
2025-10-14T06:00:00+09:00,0.32398,0.32421,0.32366,0.32398
2025-10-14T06:15:00+09:00,0.3239,0.32398,0.32371,0.32377
2025-10-14T06:30:00+09:00,0.32372,0.32373,0.32353,0.32369
2025-10-14T06:45:00+09:00,0.3237,0.3237,0.32347,0.32361
2025-10-14T07:00:00+09:00,0.32363,0.32388,0.3236,0.32363
2025-10-14T07:15:00+09:00,0.32363,0.32377,0.32311,0.32311
2025-10-14T07:30:00+09:00,0.32311,0.32322,0.3228,0.32311
2025-10-14T07:45:00+09:00,0.32311,0.3234,0.32297,0.32332
2025-10-14T08:00:00+09:00,0.32333,0.32333,0.32304,0.32306
2025-10-14T08:15:00+09:00,0.32306,0.32318,0.323,0.32303
2025-10-14T08:30:00+09:00,0.32299,0.32328,0.32284,0.32292
2025-10-14T08:45:00+09:00,0.32286,0.32286,0.3224,0.32264
2025-10-14T09:00:00+09:00,0.32264,0.32265,0.32133,0.32256
2025-10-14T09:15:00+09:00,0.32256,0.32316,0.32256,0.32265
2025-10-14T09:30:00+09:00,0.32266,0.3229,0.32227,0.32245
2025-10-14T09:45:00+09:00,0.32251,0.32254,0.32199,0.32253
2025-10-14T10:00:00+09:00,0.32254,0.32268,0.32219,0.32242
2025-10-14T10:15:00+09:00,0.32241,0.32257,0.32229,0.32229
2025-10-14T10:30:00+09:00,0.3223,0.32254,0.32226,0.32238
2025-10-14T10:45:00+09:00,0.32237,0.32263,0.322,0.32224
2025-10-14T11:00:00+09:00,0.32224,0.32238,0.32202,0.32213
2025-10-14T11:15:00+09:00,0.3221,0.32215,0.32149,0.32183
2025-10-14T11:30:00+09:00,0.32183,0.3223,0.32169,0.32172
2025-10-14T11:45:00+09:00,0.32172,0.32182,0.32141,0.32147
2025-10-14T12:00:00+09:00,0.3215,0.32154,0.32041,0.32055
2025-10-14T12:15:00+09:00,0.32054,0.32092,0.32011,0.32025
2025-10-14T12:30:00+09:00,0.32027,0.32072,0.32024,0.32062
2025-10-14T12:45:00+09:00,0.32061,0.32092,0.32047,0.32051
2025-10-14T13:00:00+09:00,0.32051,0.32053,0.31957,0.31967
2025-10-14T13:15:00+09:00,0.31964,0.32009,0.31961,0.31963
2025-10-14T13:30:00+09:00,0.31965,0.31965,0.31855,0.31876
2025-10-14T13:45:00+09:00,0.31871,0.31907,0.31787,0.31899
2025-10-14T14:00:00+09:00,0.31893,0.31934,0.31873,0.31895
2025-10-14T14:15:00+09:00,0.31889,0.31958,0.31889,0.31901
2025-10-14T14:30:00+09:00,0.31903,0.31903,0.31688,0.31707
2025-10-14T14:45:00+09:00,0.31708,0.3177,0.31693,0.31705
2025-10-14T15:00:00+09:00,0.31705,0.31747,0.31671,0.31697
2025-10-14T15:15:00+09:00,0.31696,0.31697,0.31421,0.31422
2025-10-14T15:30:00+09:00,0.31423,0.31491,0.31291,0.31305
2025-10-14T15:45:00+09:00,0.31305,0.31364,0.31134,0.31291
2025-10-14T16:00:00+09:00,0.31288,0.31312,0.31191,0.31261
2025-10-14T16:15:00+09:00,0.31263,0.31362,0.31246,0.31331
2025-10-14T16:30:00+09:00,0.31327,0.31327,0.31088,0.31129
2025-10-14T16:45:00+09:00,0.31119,0.31186,0.31091,0.31178
2025-10-14T17:00:00+09:00,0.31179,0.31181,0.31055,0.31153
2025-10-14T17:15:00+09:00,0.31146,0.31198,0.31081,0.31188
2025-10-14T17:30:00+09:00,0.31194,0.31226,0.3111,0.31199
2025-10-14T17:45:00+09:00,0.3121,0.31227,0.31126,0.31191
2025-10-14T18:00:00+09:00,0.31186,0.31218,0.3113,0.31166
2025-10-14T18:15:00+09:00,0.3117,0.31244,0.3114,0.31204
2025-10-14T18:30:00+09:00,0.31206,0.31241,0.31167,0.31191
2025-10-14T18:45:00+09:00,0.31191,0.31205,0.311,0.31143
2025-10-14T19:00:00+09:00,0.3114,0.3114,0.31042,0.31065
2025-10-14T19:15:00+09:00,0.3106,0.3106,0.309,0.30901
2025-10-14T19:30:00+09:00,0.309,0.30914,0.30745,0.30856
2025-10-14T19:45:00+09:00,0.30848,0.30914,0.30822,0.30879
2025-10-14T20:00:00+09:00,0.3088,0.31133,0.30877,0.31056
2025-10-14T20:15:00+09:00,0.31062,0.31071,0.31015,0.31026
2025-10-14T20:30:00+09:00,0.3102,0.31168,0.3102,0.31127
2025-10-14T20:45:00+09:00,0.31128,0.31167,0.3111,0.31123
2025-10-14T21:00:00+09:00,0.31123,0.31169,0.31042,0.31161
2025-10-14T21:15:00+09:00,0.31148,0.31159,0.30998,0.311
2025-10-14T21:30:00+09:00,0.31094,0.31099,0.30973,0.3108
2025-10-14T21:45:00+09:00,0.31076,0.31096,0.30978,0.31006
2025-10-14T22:00:00+09:00,0.31004,0.31057,0.30982,0.31027
2025-10-14T22:15:00+09:00,0.31025,0.31072,0.30973,0.31067
2025-10-14T22:30:00+09:00,0.31068,0.311,0.30827,0.30946
2025-10-14T22:45:00+09:00,0.30947,0.31083,0.30919,0.31043
2025-10-14T23:00:00+09:00,0.31032,0.31133,0.31003,0.31115
2025-10-14T23:15:00+09:00,0.31119,0.3121,0.31105,0.31183
2025-10-14T23:30:00+09:00,0.31183,0.31276,0.31064,0.31249
2025-10-14T23:45:00+09:00,0.31249,0.31332,0.31151,0.31162
2025-10-15T00:00:00+09:00,0.3117,0.31217,0.31054,0.31087
2025-10-15T00:15:00+09:00,0.31092,0.31175,0.31063,0.31149
2025-10-15T00:30:00+09:00,0.31149,0.31257,0.31145,0.31232
2025-10-15T00:45:00+09:00,0.31232,0.31401,0.31203,0.31401
2025-10-15T01:00:00+09:00,0.31402,0.31457,0.31323,0.31445
2025-10-15T01:15:00+09:00,0.31443,0.31776,0.31417,0.3161
2025-10-15T01:30:00+09:00,0.31612,0.31725,0.3155,0.31661
2025-10-15T01:45:00+09:00,0.31668,0.31709,0.31534,0.31583
2025-10-15T02:00:00+09:00,0.31584,0.3181,0.31457,0.31779
2025-10-15T02:15:00+09:00,0.31776,0.31835,0.31668,0.31688
2025-10-15T02:30:00+09:00,0.31703,0.3173,0.31619,0.31657
2025-10-15T02:45:00+09:00,0.31668,0.31702,0.31626,0.31635
2025-10-15T03:00:00+09:00,0.31642,0.3176,0.31634,0.31744
2025-10-15T03:15:00+09:00,0.31756,0.31756,0.31673,0.31688
2025-10-15T03:30:00+09:00,0.31683,0.31731,0.31633,0.31639
2025-10-15T03:45:00+09:00,0.31635,0.3169,0.31617,0.31657
2025-10-15T04:00:00+09:00,0.31665,0.31694,0.31643,0.31694
2025-10-15T04:15:00+09:00,0.31693,0.31728,0.31648,0.31653
2025-10-15T04:30:00+09:00,0.31654,0.31668,0.31392,0.31396
2025-10-15T04:45:00+09:00,0.31399,0.31575,0.3134,0.31504
2025-10-15T05:00:00+09:00,0.3151,0.31598,0.31501,0.31548
2025-10-15T05:15:00+09:00,0.31552,0.31604,0.31527,0.31546
2025-10-15T05:30:00+09:00,0.31546,0.31615,0.31527,0.31608
2025-10-15T05:45:00+09:00,0.31608,0.31613,0.31542,0.3157
2025-10-15T06:00:00+09:00,0.31573,0.31624,0.31529,0.3154
2025-10-15T06:15:00+09:00,0.31539,0.31604,0.31512,0.31603
2025-10-15T06:30:00+09:00,0.31606,0.31631,0.31586,0.31631
2025-10-15T06:45:00+09:00,0.31632,0.31685,0.31592,0.31667
2025-10-15T07:00:00+09:00,0.3167,0.31721,0.3167,0.31693
2025-10-15T07:15:00+09:00,0.31689,0.31694,0.31646,0.31646
2025-10-15T07:30:00+09:00,0.31647,0.31664,0.3162,0.31642
2025-10-15T07:45:00+09:00,0.31641,0.31655,0.31607,0.31654
2025-10-15T08:00:00+09:00,0.31654,0.31689,0.31648,0.3168
2025-10-15T08:15:00+09:00,0.31681,0.31761,0.31681,0.31727
2025-10-15T08:30:00+09:00,0.31728,0.31729,0.31694,0.31698
2025-10-15T08:45:00+09:00,0.31695,0.31711,0.31665,0.31678
2025-10-15T09:00:00+09:00,0.3168,0.31711,0.31647,0.31677
2025-10-15T09:15:00+09:00,0.31663,0.31679,0.31632,0.3165
2025-10-15T09:30:00+09:00,0.31649,0.31668,0.31618,0.31661
2025-10-15T09:45:00+09:00,0.31659,0.31749,0.31659,0.31735
2025-10-15T10:00:00+09:00,0.31738,0.31757,0.31658,0.3169
2025-10-15T10:15:00+09:00,0.31691,0.31708,0.31656,0.31656
2025-10-15T10:30:00+09:00,0.31655,0.31682,0.31649,0.31675
2025-10-15T10:45:00+09:00,0.31679,0.3173,0.31664,0.31728
2025-10-15T11:00:00+09:00,0.31727,0.31785,0.31726,0.31785
2025-10-15T11:15:00+09:00,0.31787,0.31864,0.31773,0.31852
2025-10-15T11:30:00+09:00,0.31852,0.31857,0.31768,0.31781
2025-10-15T11:45:00+09:00,0.31782,0.31796,0.31771,0.31781
2025-10-15T12:00:00+09:00,0.31782,0.31797,0.31738,0.31753
2025-10-15T12:15:00+09:00,0.31753,0.31779,0.31723,0.31773
2025-10-15T12:30:00+09:00,0.31773,0.31781,0.31693,0.31703
2025-10-15T12:45:00+09:00,0.31703,0.31703,0.31628,0.31673
2025-10-15T13:00:00+09:00,0.31672,0.31704,0.31632,0.31699
2025-10-15T13:15:00+09:00,0.31699,0.31761,0.31697,0.31733
2025-10-15T13:30:00+09:00,0.31733,0.31744,0.31705,0.31737
2025-10-15T13:45:00+09:00,0.31738,0.3181,0.3173,0.31778
2025-10-15T14:00:00+09:00,0.31778,0.31845,0.31778,0.31794
2025-10-15T14:15:00+09:00,0.31794,0.31818,0.31769,0.31774
2025-10-15T14:30:00+09:00,0.31772,0.31773,0.31715,0.31764
2025-10-15T14:45:00+09:00,0.31762,0.3177,0.31739,0.31752
2025-10-15T15:00:00+09:00,0.31752,0.31772,0.31709,0.31739
2025-10-15T15:15:00+09:00,0.31738,0.31742,0.31658,0.31679
2025-10-15T15:30:00+09:00,0.31679,0.31799,0.3166,0.31706
2025-10-15T15:45:00+09:00,0.31706,0.31772,0.31692,0.31769
2025-10-15T16:00:00+09:00,0.31773,0.31799,0.31704,0.31768
2025-10-15T16:15:00+09:00,0.31771,0.31811,0.31733,0.31733
2025-10-15T16:30:00+09:00,0.31733,0.3177,0.31725,0.31753
2025-10-15T16:45:00+09:00,0.31754,0.31853,0.31748,0.31817
2025-10-15T17:00:00+09:00,0.31815,0.31869,0.31798,0.31868
2025-10-15T17:15:00+09:00,0.3187,0.31988,0.31866,0.31988
2025-10-15T17:30:00+09:00,0.3199,0.321,0.3199,0.32016
2025-10-15T17:45:00+09:00,0.32009,0.32052,0.31972,0.32016
2025-10-15T18:00:00+09:00,0.32015,0.32083,0.31999,0.32034
2025-10-15T18:15:00+09:00,0.32033,0.32067,0.31965,0.32065
2025-10-15T18:30:00+09:00,0.32063,0.32096,0.32038,0.32056
2025-10-15T18:45:00+09:00,0.32057,0.32073,0.32006,0.32073
2025-10-15T19:00:00+09:00,0.32074,0.32153,0.32016,0.32054
2025-10-15T19:15:00+09:00,0.32054,0.3206,0.31991,0.32004
2025-10-15T19:30:00+09:00,0.32004,0.32006,0.31827,0.31924
2025-10-15T19:45:00+09:00,0.31922,0.31924,0.31842,0.31852
2025-10-15T20:00:00+09:00,0.31854,0.3187,0.31823,0.31848
2025-10-15T20:15:00+09:00,0.31849,0.31849,0.31765,0.3178
2025-10-15T20:30:00+09:00,0.3178,0.31893,0.31771,0.31876
2025-10-15T20:45:00+09:00,0.31875,0.31881,0.31775,0.31796
2025-10-15T21:00:00+09:00,0.31799,0.31839,0.31795,0.31814
2025-10-15T21:15:00+09:00,0.31812,0.31825,0.31732,0.31735
2025-10-15T21:30:00+09:00,0.31745,0.31763,0.31642,0.31666
2025-10-15T21:45:00+09:00,0.31667,0.31739,0.31665,0.31733
2025-10-15T22:00:00+09:00,0.31734,0.31753,0.31667,0.3171
2025-10-15T22:15:00+09:00,0.31707,0.31728,0.3167,0.31706
2025-10-15T22:30:00+09:00,0.31698,0.3183,0.3167,0.31757
2025-10-15T22:45:00+09:00,0.31757,0.31784,0.31563,0.31694
2025-10-15T23:00:00+09:00,0.31695,0.3177,0.31679,0.31748
2025-10-15T23:15:00+09:00,0.3175,0.31772,0.31675,0.3168
2025-10-15T23:30:00+09:00,0.31678,0.31685,0.31552,0.31569
2025-10-15T23:45:00+09:00,0.31575,0.31575,0.31395,0.31451
2025-10-16T00:00:00+09:00,0.31454,0.31495,0.31359,0.31402
2025-10-16T00:15:00+09:00,0.31401,0.31489,0.31349,0.31416
2025-10-16T00:30:00+09:00,0.3141,0.31443,0.31214,0.3128
2025-10-16T00:45:00+09:00,0.31274,0.31276,0.31151,0.31203
2025-10-16T01:00:00+09:00,0.31204,0.31258,0.3114,0.31222
2025-10-16T01:15:00+09:00,0.31222,0.31314,0.31168,0.31295
2025-10-16T01:30:00+09:00,0.31293,0.31374,0.31228,0.31362
2025-10-16T01:45:00+09:00,0.31362,0.31567,0.31344,0.31437
2025-10-16T02:00:00+09:00,0.31438,0.3152,0.3136,0.31493
2025-10-16T02:15:00+09:00,0.31494,0.31559,0.31435,0.31496
2025-10-16T02:30:00+09:00,0.31494,0.31649,0.31464,0.31609
2025-10-16T02:45:00+09:00,0.31609,0.31698,0.31604,0.31692
2025-10-16T03:00:00+09:00,0.3169,0.31728,0.31616,0.31647
2025-10-16T03:15:00+09:00,0.31639,0.31824,0.31614,0.31717
2025-10-16T03:30:00+09:00,0.31707,0.31732,0.31641,0.31688
2025-10-16T03:45:00+09:00,0.31688,0.31807,0.31674,0.31794
2025-10-16T04:00:00+09:00,0.31796,0.31796,0.31674,0.3174
2025-10-16T04:15:00+09:00,0.31737,0.31802,0.31726,0.3176
2025-10-16T04:30:00+09:00,0.31755,0.31764,0.31684,0.31726
2025-10-16T04:45:00+09:00,0.31725,0.31784,0.31701,0.31741
2025-10-16T05:00:00+09:00,0.31738,0.31844,0.31738,0.31789
2025-10-16T05:15:00+09:00,0.31787,0.31828,0.3176,0.3176
2025-10-16T05:30:00+09:00,0.31754,0.31793,0.31646,0.31787
2025-10-16T05:45:00+09:00,0.31797,0.3185,0.31752,0.31771
2025-10-16T06:00:00+09:00,0.31771,0.31793,0.31696,0.31764
2025-10-16T06:15:00+09:00,0.31769,0.3186,0.31713,0.31848
2025-10-16T06:30:00+09:00,0.31847,0.31895,0.31814,0.31878
2025-10-16T06:45:00+09:00,0.31875,0.31881,0.31793,0.31827
2025-10-16T07:00:00+09:00,0.31829,0.31902,0.31829,0.31902
2025-10-16T07:15:00+09:00,0.31902,0.31933,0.31877,0.3191
2025-10-16T07:30:00+09:00,0.31909,0.31944,0.31904,0.31943
2025-10-16T07:45:00+09:00,0.31937,0.31942,0.3186,0.31887
2025-10-16T08:00:00+09:00,0.31887,0.31931,0.31874,0.31924
2025-10-16T08:15:00+09:00,0.3192,0.31943,0.31893,0.31923
2025-10-16T08:30:00+09:00,0.31917,0.31996,0.31889,0.31963
2025-10-16T08:45:00+09:00,0.31963,0.31965,0.31905,0.31931
2025-10-16T09:00:00+09:00,0.31935,0.32039,0.31932,0.32014
2025-10-16T09:15:00+09:00,0.32023,0.32073,0.3195,0.32016
2025-10-16T09:30:00+09:00,0.3201,0.3201,0.31908,0.31951
2025-10-16T09:45:00+09:00,0.31952,0.31988,0.31942,0.31977
2025-10-16T10:00:00+09:00,0.31978,0.32058,0.31967,0.32027
2025-10-16T10:15:00+09:00,0.32025,0.32025,0.31979,0.32007
2025-10-16T10:30:00+09:00,0.32003,0.32022,0.3198,0.32008
2025-10-16T10:45:00+09:00,0.32006,0.32046,0.31991,0.32038
2025-10-16T11:00:00+09:00,0.32032,0.32109,0.32,0.32042
2025-10-16T11:15:00+09:00,0.32042,0.32043,0.31994,0.32012
2025-10-16T11:30:00+09:00,0.32012,0.3205,0.31997,0.3202
2025-10-16T11:45:00+09:00,0.32017,0.321,0.32014,0.32089
2025-10-16T12:00:00+09:00,0.32089,0.32146,0.32083,0.321
2025-10-16T12:15:00+09:00,0.321,0.32143,0.32091,0.32135
2025-10-16T12:30:00+09:00,0.32134,0.3224,0.32122,0.32164
2025-10-16T12:45:00+09:00,0.32168,0.32183,0.32126,0.32144
2025-10-16T13:00:00+09:00,0.32142,0.32193,0.3214,0.32161
2025-10-16T13:15:00+09:00,0.32163,0.3217,0.32148,0.32163
2025-10-16T13:30:00+09:00,0.32162,0.32162,0.32118,0.32135
2025-10-16T13:45:00+09:00,0.32135,0.32135,0.32083,0.32089
2025-10-16T14:00:00+09:00,0.3209,0.32095,0.32032,0.32091
2025-10-16T14:15:00+09:00,0.32092,0.32095,0.32068,0.32073
2025-10-16T14:30:00+09:00,0.32073,0.32112,0.32068,0.32107
2025-10-16T14:45:00+09:00,0.32106,0.32113,0.32018,0.3204
2025-10-16T15:00:00+09:00,0.32041,0.32106,0.32041,0.32106
2025-10-16T15:15:00+09:00,0.32103,0.32122,0.32089,0.32116
2025-10-16T15:30:00+09:00,0.32124,0.3222,0.32124,0.32194
2025-10-16T15:45:00+09:00,0.32194,0.32282,0.32194,0.32249
2025-10-16T16:00:00+09:00,0.3225,0.32273,0.32179,0.32208
2025-10-16T16:15:00+09:00,0.32208,0.32208,0.32153,0.3218
2025-10-16T16:30:00+09:00,0.32178,0.32215,0.32164,0.32182
2025-10-16T16:45:00+09:00,0.32184,0.32207,0.32151,0.32172
2025-10-16T17:00:00+09:00,0.32172,0.32185,0.32141,0.32178
2025-10-16T17:15:00+09:00,0.32174,0.3219,0.32142,0.32166
2025-10-16T17:30:00+09:00,0.32166,0.32183,0.32117,0.32143
2025-10-16T17:45:00+09:00,0.32139,0.3217,0.32131,0.32164
2025-10-16T18:00:00+09:00,0.32168,0.3223,0.32154,0.32229
2025-10-16T18:15:00+09:00,0.32229,0.32236,0.32167,0.32168
2025-10-16T18:30:00+09:00,0.32165,0.32165,0.31957,0.32072
2025-10-16T18:45:00+09:00,0.32078,0.32251,0.32078,0.32211
2025-10-16T19:00:00+09:00,0.32213,0.32313,0.32213,0.32274
2025-10-16T19:15:00+09:00,0.32277,0.32318,0.3227,0.323
2025-10-16T19:30:00+09:00,0.32301,0.32356,0.32278,0.32328
2025-10-16T19:45:00+09:00,0.32327,0.32351,0.32278,0.32309
2025-10-16T20:00:00+09:00,0.32308,0.32347,0.32292,0.32312
2025-10-16T20:15:00+09:00,0.3231,0.32328,0.32278,0.32291
2025-10-16T20:30:00+09:00,0.3229,0.32304,0.32263,0.32292
2025-10-16T20:45:00+09:00,0.32292,0.3231,0.32273,0.32307
2025-10-16T21:00:00+09:00,0.32306,0.32366,0.32306,0.32321
2025-10-16T21:15:00+09:00,0.32316,0.32345,0.32306,0.32327
2025-10-16T21:30:00+09:00,0.32326,0.32328,0.3229,0.32297
2025-10-16T21:45:00+09:00,0.32296,0.32312,0.3224,0.32243
2025-10-16T22:00:00+09:00,0.32243,0.32247,0.32201,0.32229
2025-10-16T22:15:00+09:00,0.32235,0.32235,0.32172,0.32195
2025-10-16T22:30:00+09:00,0.32191,0.322,0.32144,0.32166
2025-10-16T22:45:00+09:00,0.32165,0.32184,0.32106,0.32115
2025-10-16T23:00:00+09:00,0.32113,0.32134,0.32083,0.3209
2025-10-16T23:15:00+09:00,0.32089,0.32128,0.32037,0.32124
2025-10-16T23:30:00+09:00,0.32127,0.32252,0.32124,0.32252
2025-10-16T23:45:00+09:00,0.32257,0.32268,0.32163,0.32176
2025-10-17T00:00:00+09:00,0.32176,0.32224,0.32142,0.32218
2025-10-17T00:15:00+09:00,0.3222,0.32225,0.32108,0.32121
2025-10-17T00:30:00+09:00,0.32109,0.32121,0.31985,0.32012
2025-10-17T00:45:00+09:00,0.31993,0.31995,0.31764,0.31777
2025-10-17T01:00:00+09:00,0.31774,0.31888,0.31694,0.31825
2025-10-17T01:15:00+09:00,0.31825,0.31868,0.31732,0.31848
2025-10-17T01:30:00+09:00,0.31847,0.31897,0.31767,0.31842
2025-10-17T01:45:00+09:00,0.31844,0.3206,0.31836,0.3206
2025-10-17T02:00:00+09:00,0.32062,0.32065,0.31965,0.31965
2025-10-17T02:15:00+09:00,0.31969,0.32086,0.31958,0.31999
2025-10-17T02:30:00+09:00,0.32007,0.3204,0.31963,0.31983
2025-10-17T02:45:00+09:00,0.31984,0.31996,0.31942,0.31957
2025-10-17T03:00:00+09:00,0.31959,0.31959,0.31601,0.31636
2025-10-17T03:15:00+09:00,0.31636,0.31667,0.31531,0.31592
2025-10-17T03:30:00+09:00,0.3159,0.31699,0.31564,0.31633
2025-10-17T03:45:00+09:00,0.31647,0.31745,0.31612,0.31728
2025-10-17T04:00:00+09:00,0.31728,0.31785,0.31655,0.31731
2025-10-17T04:15:00+09:00,0.31734,0.31784,0.31668,0.31726
2025-10-17T04:30:00+09:00,0.31736,0.3174,0.31526,0.31641
2025-10-17T04:45:00+09:00,0.31641,0.31717,0.31519,0.31527
2025-10-17T05:00:00+09:00,0.31535,0.31593,0.31506,0.31509
2025-10-17T05:15:00+09:00,0.31507,0.31552,0.31424,0.31471
2025-10-17T05:30:00+09:00,0.31472,0.31472,0.3132,0.31373
2025-10-17T05:45:00+09:00,0.31374,0.31465,0.31374,0.31409
2025-10-17T06:00:00+09:00,0.31415,0.31464,0.31355,0.31456
2025-10-17T06:15:00+09:00,0.31444,0.31494,0.31435,0.31481
2025-10-17T06:30:00+09:00,0.31492,0.31519,0.31485,0.31497
2025-10-17T06:45:00+09:00,0.31489,0.31564,0.3148,0.31564
2025-10-17T07:00:00+09:00,0.31565,0.31591,0.31529,0.3153
2025-10-17T07:15:00+09:00,0.31532,0.31552,0.31484,0.31518
2025-10-17T07:30:00+09:00,0.31519,0.31543,0.31434,0.3146
2025-10-17T07:45:00+09:00,0.31456,0.31478,0.31417,0.31425
2025-10-17T08:00:00+09:00,0.31417,0.31474,0.31399,0.31472
2025-10-17T08:15:00+09:00,0.31469,0.31605,0.31469,0.3155
2025-10-17T08:30:00+09:00,0.31549,0.31572,0.31522,0.31526
2025-10-17T08:45:00+09:00,0.31524,0.3161,0.31514,0.31609
2025-10-17T09:00:00+09:00,0.31611,0.31616,0.3156,0.31579
2025-10-17T09:15:00+09:00,0.31579,0.31597,0.31556,0.31591
2025-10-17T09:30:00+09:00,0.3159,0.31709,0.31567,0.31649
2025-10-17T09:45:00+09:00,0.31639,0.31687,0.31596,0.31687
2025-10-17T10:00:00+09:00,0.31688,0.31809,0.31688,0.31722
2025-10-17T10:15:00+09:00,0.3172,0.31742,0.31679,0.31683
2025-10-17T10:30:00+09:00,0.31679,0.31701,0.31618,0.31676
2025-10-17T10:45:00+09:00,0.31687,0.31699,0.31626,0.31679
2025-10-17T11:00:00+09:00,0.31673,0.317,0.3163,0.31642
2025-10-17T11:15:00+09:00,0.31639,0.31676,0.31595,0.31595
2025-10-17T11:30:00+09:00,0.31588,0.31695,0.31568,0.3167
2025-10-17T11:45:00+09:00,0.31673,0.31736,0.31664,0.31673
2025-10-17T12:00:00+09:00,0.31675,0.31735,0.31671,0.31693
2025-10-17T12:15:00+09:00,0.31696,0.31698,0.31651,0.31666
2025-10-17T12:30:00+09:00,0.31661,0.31684,0.31615,0.31615
2025-10-17T12:45:00+09:00,0.31623,0.31674,0.31623,0.31664
2025-10-17T13:00:00+09:00,0.3167,0.31729,0.31666,0.31718
2025-10-17T13:15:00+09:00,0.31713,0.31721,0.31689,0.31703
2025-10-17T13:30:00+09:00,0.3171,0.31738,0.31693,0.31693
2025-10-17T13:45:00+09:00,0.31693,0.31746,0.31689,0.31714
2025-10-17T14:00:00+09:00,0.31716,0.31723,0.31673,0.31702
2025-10-17T14:15:00+09:00,0.31697,0.31758,0.31672,0.31751
2025-10-17T14:30:00+09:00,0.31756,0.3178,0.31677,0.31677
2025-10-17T14:45:00+09:00,0.31677,0.31698,0.31649,0.31674
2025-10-17T15:00:00+09:00,0.31677,0.31678,0.31647,0.31665
2025-10-17T15:15:00+09:00,0.31668,0.31678,0.31528,0.31534
2025-10-17T15:30:00+09:00,0.31536,0.31539,0.31249,0.313
2025-10-17T15:45:00+09:00,0.31311,0.31348,0.31175,0.31196
2025-10-17T16:00:00+09:00,0.31196,0.31215,0.3102,0.3102
2025-10-17T16:15:00+09:00,0.31022,0.3109,0.30976,0.31018
2025-10-17T16:30:00+09:00,0.31018,0.31075,0.30913,0.30969
2025-10-17T16:45:00+09:00,0.30968,0.30986,0.30766,0.30772
2025-10-17T17:00:00+09:00,0.3077,0.30788,0.30672,0.30688
2025-10-17T17:15:00+09:00,0.30674,0.3071,0.30563,0.30659
2025-10-17T17:30:00+09:00,0.30653,0.30763,0.30615,0.30628
2025-10-17T17:45:00+09:00,0.30628,0.30665,0.3055,0.30579
2025-10-17T18:00:00+09:00,0.30579,0.30706,0.30568,0.30625
2025-10-17T18:15:00+09:00,0.30634,0.30707,0.3062,0.30707
2025-10-17T18:30:00+09:00,0.30708,0.30835,0.30708,0.30772
2025-10-17T18:45:00+09:00,0.30771,0.3082,0.30767,0.30793
2025-10-17T19:00:00+09:00,0.30788,0.3081,0.30739,0.30786
2025-10-17T19:15:00+09:00,0.3079,0.3079,0.3064,0.30668
2025-10-17T19:30:00+09:00,0.30665,0.30759,0.30653,0.30684
2025-10-17T19:45:00+09:00,0.30688,0.30749,0.30672,0.30723
2025-10-17T20:00:00+09:00,0.3073,0.30934,0.30723,0.30934
2025-10-17T20:15:00+09:00,0.30932,0.31058,0.30932,0.31006
2025-10-17T20:30:00+09:00,0.31003,0.31088,0.30971,0.31038
2025-10-17T20:45:00+09:00,0.31038,0.31086,0.31005,0.31058
2025-10-17T21:00:00+09:00,0.31062,0.31067,0.30983,0.31004
2025-10-17T21:15:00+09:00,0.31009,0.31033,0.30951,0.30979
2025-10-17T21:30:00+09:00,0.30981,0.30988,0.30892,0.30892
2025-10-17T21:45:00+09:00,0.30898,0.30917,0.30836,0.30837
2025-10-17T22:00:00+09:00,0.30837,0.30871,0.30628,0.30628
2025-10-17T22:15:00+09:00,0.30626,0.30786,0.30585,0.30717
2025-10-17T22:30:00+09:00,0.30714,0.30852,0.30692,0.30713
2025-10-17T22:45:00+09:00,0.30712,0.30862,0.30658,0.30777
2025-10-17T23:00:00+09:00,0.30772,0.30819,0.30713,0.3074
2025-10-17T23:15:00+09:00,0.30741,0.30767,0.30594,0.30599
2025-10-17T23:30:00+09:00,0.30598,0.30615,0.30446,0.30551
2025-10-17T23:45:00+09:00,0.30546,0.30684,0.30546,0.30587
2025-10-18T00:00:00+09:00,0.30583,0.30653,0.30571,0.30577
2025-10-18T00:15:00+09:00,0.30577,0.30821,0.30569,0.30736
2025-10-18T00:30:00+09:00,0.30738,0.30823,0.30667,0.3077
2025-10-18T00:45:00+09:00,0.3077,0.30904,0.30754,0.30904
2025-10-18T01:00:00+09:00,0.30905,0.31056,0.30896,0.30978
2025-10-18T01:15:00+09:00,0.30979,0.31044,0.30929,0.30946
2025-10-18T01:30:00+09:00,0.30947,0.30986,0.30899,0.30929
2025-10-18T01:45:00+09:00,0.30923,0.30949,0.30858,0.30896
2025-10-18T02:00:00+09:00,0.30896,0.30954,0.30868,0.3092
2025-10-18T02:15:00+09:00,0.30922,0.30936,0.30839,0.30853
2025-10-18T02:30:00+09:00,0.30849,0.30937,0.30847,0.30888
2025-10-18T02:45:00+09:00,0.30885,0.30945,0.3084,0.30918
2025-10-18T03:00:00+09:00,0.30918,0.31014,0.30911,0.30911
2025-10-18T03:15:00+09:00,0.30915,0.30992,0.30891,0.30947
2025-10-18T03:30:00+09:00,0.30947,0.30977,0.30918,0.30932
2025-10-18T03:45:00+09:00,0.30931,0.30935,0.30851,0.30867
2025-10-18T04:00:00+09:00,0.30866,0.30944,0.30861,0.30944
2025-10-18T04:15:00+09:00,0.30944,0.30953,0.30831,0.30844
2025-10-18T04:30:00+09:00,0.30845,0.30848,0.30755,0.30785
2025-10-18T04:45:00+09:00,0.30786,0.30801,0.30767,0.30797
2025-10-18T05:00:00+09:00,0.308,0.30834,0.3076,0.30827
2025-10-18T05:15:00+09:00,0.30828,0.3098,0.30828,0.30955
2025-10-18T05:30:00+09:00,0.30954,0.30972,0.30914,0.30936
2025-10-18T05:45:00+09:00,0.30937,0.31009,0.30937,0.30955
2025-10-18T06:00:00+09:00,0.30953,0.31036,0.30946,0.31014
2025-10-18T06:15:00+09:00,0.31015,0.31057,0.30968,0.30992
2025-10-18T06:30:00+09:00,0.30992,0.31006,0.30959,0.30975
2025-10-18T06:45:00+09:00,0.30975,0.30991,0.30966,0.30987
2025-10-18T07:00:00+09:00,0.30987,0.3102,0.30959,0.30963
2025-10-18T07:15:00+09:00,0.30962,0.30974,0.30943,0.30953
2025-10-18T07:30:00+09:00,0.3095,0.3095,0.30901,0.30906
2025-10-18T07:45:00+09:00,0.30902,0.30931,0.309,0.30929
2025-10-18T08:00:00+09:00,0.30929,0.30929,0.30888,0.30888
2025-10-18T08:15:00+09:00,0.30888,0.30901,0.30881,0.30896
2025-10-18T08:30:00+09:00,0.30893,0.30916,0.30893,0.30909
2025-10-18T08:45:00+09:00,0.30908,0.30909,0.30891,0.30895
2025-10-18T09:00:00+09:00,0.30895,0.30913,0.30863,0.30867
2025-10-18T09:15:00+09:00,0.30865,0.31094,0.30865,0.31016
2025-10-18T09:30:00+09:00,0.3101,0.31024,0.30987,0.31018
2025-10-18T09:45:00+09:00,0.31019,0.31045,0.30974,0.3098
2025-10-18T10:00:00+09:00,0.30981,0.31006,0.30976,0.31
2025-10-18T10:15:00+09:00,0.31,0.31075,0.30999,0.31073
2025-10-18T10:30:00+09:00,0.31071,0.31138,0.3104,0.3106
2025-10-18T10:45:00+09:00,0.31059,0.31183,0.31057,0.31166
2025-10-18T11:00:00+09:00,0.31171,0.31214,0.3107,0.3107
2025-10-18T11:15:00+09:00,0.31072,0.31129,0.3104,0.31124
2025-10-18T11:30:00+09:00,0.31124,0.31153,0.31051,0.31064
2025-10-18T11:45:00+09:00,0.31065,0.31083,0.31049,0.31083
2025-10-18T12:00:00+09:00,0.31083,0.31195,0.31076,0.31178
2025-10-18T12:15:00+09:00,0.31177,0.31243,0.3116,0.31225
2025-10-18T12:30:00+09:00,0.31224,0.3128,0.31224,0.31267
2025-10-18T12:45:00+09:00,0.31265,0.3127,0.31212,0.3123
2025-10-18T13:00:00+09:00,0.31231,0.31242,0.31163,0.31172
2025-10-18T13:15:00+09:00,0.3117,0.31217,0.3116,0.3119
2025-10-18T13:30:00+09:00,0.31188,0.31192,0.3112,0.31121
2025-10-18T13:45:00+09:00,0.3112,0.31136,0.31117,0.31122
2025-10-18T14:00:00+09:00,0.31122,0.31159,0.31122,0.31158
2025-10-18T14:15:00+09:00,0.31159,0.31188,0.3113,0.3113
2025-10-18T14:30:00+09:00,0.31141,0.31192,0.31119,0.31173
2025-10-18T14:45:00+09:00,0.3118,0.31217,0.3118,0.31217
2025-10-18T15:00:00+09:00,0.31217,0.31302,0.31192,0.31285
2025-10-18T15:15:00+09:00,0.31283,0.31289,0.31256,0.31278
2025-10-18T15:30:00+09:00,0.31282,0.31292,0.31231,0.31241
2025-10-18T15:45:00+09:00,0.31239,0.31263,0.312,0.31223
2025-10-18T16:00:00+09:00,0.31225,0.31306,0.31143,0.3126
2025-10-18T16:15:00+09:00,0.3126,0.31271,0.31206,0.31231
2025-10-18T16:30:00+09:00,0.31231,0.3128,0.31216,0.31276
2025-10-18T16:45:00+09:00,0.31277,0.31283,0.31217,0.31245
2025-10-18T17:00:00+09:00,0.31243,0.31345,0.31241,0.31341
2025-10-18T17:15:00+09:00,0.3134,0.31382,0.31265,0.31282
2025-10-18T17:30:00+09:00,0.31281,0.31288,0.31253,0.31254
2025-10-18T17:45:00+09:00,0.31253,0.31288,0.31249,0.3127
2025-10-18T18:00:00+09:00,0.31271,0.31332,0.31204,0.31287
2025-10-18T18:15:00+09:00,0.31287,0.31357,0.31261,0.31333
2025-10-18T18:30:00+09:00,0.31335,0.31341,0.3128,0.3131
2025-10-18T18:45:00+09:00,0.31313,0.31351,0.31294,0.3133
2025-10-18T19:00:00+09:00,0.3133,0.31348,0.31284,0.31293
2025-10-18T19:15:00+09:00,0.31293,0.31293,0.31252,0.3128
2025-10-18T19:30:00+09:00,0.31278,0.31353,0.31278,0.3135
2025-10-18T19:45:00+09:00,0.31346,0.31346,0.31273,0.31304
2025-10-18T20:00:00+09:00,0.313,0.31349,0.31289,0.31323
2025-10-18T20:15:00+09:00,0.31323,0.31338,0.31291,0.31292
2025-10-18T20:30:00+09:00,0.31292,0.31378,0.31289,0.31361
2025-10-18T20:45:00+09:00,0.31366,0.31378,0.31332,0.31351
2025-10-18T21:00:00+09:00,0.31352,0.3139,0.31336,0.31389
2025-10-18T21:15:00+09:00,0.31389,0.31427,0.31302,0.31319
2025-10-18T21:30:00+09:00,0.31318,0.3134,0.31287,0.31326
2025-10-18T21:45:00+09:00,0.31324,0.31334,0.31314,0.31329
2025-10-18T22:00:00+09:00,0.31329,0.31329,0.3126,0.31312
2025-10-18T22:15:00+09:00,0.31308,0.31319,0.31275,0.31318
2025-10-18T22:30:00+09:00,0.31317,0.31317,0.31259,0.31276
2025-10-18T22:45:00+09:00,0.31274,0.31311,0.31262,0.31262
2025-10-18T23:00:00+09:00,0.31262,0.3129,0.31202,0.31213
2025-10-18T23:15:00+09:00,0.31212,0.31307,0.31208,0.31296
2025-10-18T23:30:00+09:00,0.313,0.31352,0.313,0.31341
2025-10-18T23:45:00+09:00,0.31344,0.31371,0.31342,0.3136
2025-10-19T00:00:00+09:00,0.31363,0.31395,0.31357,0.31369
2025-10-19T00:15:00+09:00,0.31367,0.31381,0.31351,0.31363
2025-10-19T00:30:00+09:00,0.3136,0.3136,0.31258,0.31339
2025-10-19T00:45:00+09:00,0.31345,0.31387,0.31345,0.3138
2025-10-19T01:00:00+09:00,0.3138,0.3139,0.31323,0.31329
2025-10-19T01:15:00+09:00,0.31334,0.31368,0.31316,0.31318
2025-10-19T01:30:00+09:00,0.31318,0.31332,0.3129,0.31314
2025-10-19T01:45:00+09:00,0.31313,0.31379,0.31307,0.31372
2025-10-19T02:00:00+09:00,0.31371,0.31384,0.3134,0.31384
2025-10-19T02:15:00+09:00,0.31385,0.31439,0.31385,0.31421
2025-10-19T02:30:00+09:00,0.31421,0.31435,0.31401,0.31424
2025-10-19T02:45:00+09:00,0.31419,0.31451,0.31412,0.31444
2025-10-19T03:00:00+09:00,0.31445,0.31455,0.3139,0.3141
2025-10-19T03:15:00+09:00,0.3141,0.31427,0.31399,0.31423
2025-10-19T03:30:00+09:00,0.31423,0.31448,0.31419,0.31431
2025-10-19T03:45:00+09:00,0.3143,0.31445,0.31419,0.31436
2025-10-19T04:00:00+09:00,0.31436,0.31476,0.31409,0.31456
2025-10-19T04:15:00+09:00,0.31461,0.31472,0.31424,0.3144
2025-10-19T04:30:00+09:00,0.31437,0.31462,0.31426,0.31426
2025-10-19T04:45:00+09:00,0.31431,0.31448,0.31398,0.31423
2025-10-19T05:00:00+09:00,0.31426,0.31428,0.31375,0.31379
2025-10-19T05:15:00+09:00,0.31375,0.3142,0.31375,0.31418
2025-10-19T05:30:00+09:00,0.3142,0.31438,0.31369,0.31372
2025-10-19T05:45:00+09:00,0.31372,0.31382,0.31313,0.31317
2025-10-19T06:00:00+09:00,0.31312,0.31346,0.3128,0.3129
2025-10-19T06:15:00+09:00,0.3129,0.31301,0.31249,0.31297
2025-10-19T06:30:00+09:00,0.31299,0.31317,0.31274,0.31309
2025-10-19T06:45:00+09:00,0.31311,0.31332,0.31288,0.31322
2025-10-19T07:00:00+09:00,0.31322,0.31342,0.31311,0.31325
2025-10-19T07:15:00+09:00,0.31326,0.31329,0.31302,0.31319
2025-10-19T07:30:00+09:00,0.31318,0.3134,0.3131,0.3131
2025-10-19T07:45:00+09:00,0.31309,0.31309,0.31265,0.3128
2025-10-19T08:00:00+09:00,0.3128,0.3129,0.31264,0.31272
2025-10-19T08:15:00+09:00,0.31273,0.31303,0.3126,0.313
2025-10-19T08:30:00+09:00,0.31304,0.31314,0.31298,0.31302
2025-10-19T08:45:00+09:00,0.31303,0.3131,0.31293,0.31297
2025-10-19T09:00:00+09:00,0.31298,0.31331,0.31294,0.31303
2025-10-19T09:15:00+09:00,0.31305,0.31321,0.3129,0.31301
2025-10-19T09:30:00+09:00,0.31299,0.31299,0.31255,0.31258
2025-10-19T09:45:00+09:00,0.31258,0.31277,0.3125,0.31261
2025-10-19T10:00:00+09:00,0.31262,0.31269,0.31228,0.31269
2025-10-19T10:15:00+09:00,0.31269,0.31337,0.31268,0.3133
2025-10-19T10:30:00+09:00,0.31331,0.31376,0.31296,0.31367
2025-10-19T10:45:00+09:00,0.31374,0.31381,0.31359,0.31373
2025-10-19T11:00:00+09:00,0.31374,0.31398,0.31371,0.31375
2025-10-19T11:15:00+09:00,0.31376,0.31402,0.31375,0.314
2025-10-19T11:30:00+09:00,0.314,0.31407,0.31359,0.31359
2025-10-19T11:45:00+09:00,0.31358,0.31538,0.31358,0.31521
2025-10-19T12:00:00+09:00,0.31526,0.31531,0.3147,0.31493
2025-10-19T12:15:00+09:00,0.31494,0.315,0.31388,0.31394
2025-10-19T12:30:00+09:00,0.31403,0.31423,0.31369,0.3142
2025-10-19T12:45:00+09:00,0.31421,0.31424,0.31387,0.31423
2025-10-19T13:00:00+09:00,0.31423,0.31468,0.31423,0.31447
2025-10-19T13:15:00+09:00,0.31442,0.31469,0.3144,0.31466
2025-10-19T13:30:00+09:00,0.31467,0.31507,0.31466,0.31472
2025-10-19T13:45:00+09:00,0.3147,0.31492,0.3146,0.3146
2025-10-19T14:00:00+09:00,0.31466,0.31485,0.31451,0.31451
2025-10-19T14:15:00+09:00,0.3145,0.31466,0.31449,0.31453
2025-10-19T14:30:00+09:00,0.31454,0.31461,0.31404,0.31411
2025-10-19T14:45:00+09:00,0.31405,0.31443,0.31401,0.31443
2025-10-19T15:00:00+09:00,0.31443,0.31454,0.31412,0.31413
2025-10-19T15:15:00+09:00,0.31415,0.31426,0.31379,0.31379
2025-10-19T15:30:00+09:00,0.31379,0.31379,0.31339,0.31341
2025-10-19T15:45:00+09:00,0.31339,0.31353,0.31316,0.31343
2025-10-19T16:00:00+09:00,0.31343,0.31365,0.31332,0.3136
2025-10-19T16:15:00+09:00,0.31359,0.31381,0.31355,0.31362
2025-10-19T16:30:00+09:00,0.3136,0.31375,0.31348,0.31359
2025-10-19T16:45:00+09:00,0.31355,0.31421,0.31348,0.31416
2025-10-19T17:00:00+09:00,0.31416,0.31455,0.31398,0.31441
2025-10-19T17:15:00+09:00,0.31444,0.31551,0.31387,0.31451
2025-10-19T17:30:00+09:00,0.3145,0.31463,0.314,0.3142
2025-10-19T17:45:00+09:00,0.31417,0.31482,0.31397,0.31453
2025-10-19T18:00:00+09:00,0.31451,0.31455,0.31412,0.31438
2025-10-19T18:15:00+09:00,0.31432,0.31501,0.31419,0.31435
2025-10-19T18:30:00+09:00,0.31435,0.31542,0.31435,0.31533
2025-10-19T18:45:00+09:00,0.31538,0.3169,0.31527,0.31666
2025-10-19T19:00:00+09:00,0.31671,0.31742,0.31653,0.31728
2025-10-19T19:15:00+09:00,0.31729,0.31794,0.31729,0.31767
2025-10-19T19:30:00+09:00,0.31766,0.31792,0.3171,0.31779
2025-10-19T19:45:00+09:00,0.31773,0.31788,0.31711,0.31758
2025-10-19T20:00:00+09:00,0.31761,0.31844,0.3176,0.3183
2025-10-19T20:15:00+09:00,0.31832,0.31846,0.31807,0.31836
2025-10-19T20:30:00+09:00,0.31837,0.31876,0.3183,0.31832
2025-10-19T20:45:00+09:00,0.3183,0.31831,0.31765,0.3181
2025-10-19T21:00:00+09:00,0.31811,0.3184,0.31743,0.31769
2025-10-19T21:15:00+09:00,0.31765,0.31813,0.3176,0.31813
2025-10-19T21:30:00+09:00,0.31812,0.31862,0.31801,0.31809
2025-10-19T21:45:00+09:00,0.31808,0.3184,0.31791,0.31833
2025-10-19T22:00:00+09:00,0.31834,0.31852,0.31794,0.31801
2025-10-19T22:15:00+09:00,0.31805,0.31817,0.31792,0.31816
2025-10-19T22:30:00+09:00,0.31815,0.31877,0.31813,0.31856
2025-10-19T22:45:00+09:00,0.31855,0.31944,0.31847,0.31902
2025-10-19T23:00:00+09:00,0.31904,0.31947,0.3188,0.31912
2025-10-19T23:15:00+09:00,0.31912,0.32015,0.3191,0.32015
2025-10-19T23:30:00+09:00,0.32011,0.32024,0.31931,0.31985
2025-10-19T23:45:00+09:00,0.31984,0.32007,0.3196,0.32007
2025-10-20T00:00:00+09:00,0.3201,0.32011,0.31946,0.31976
2025-10-20T00:15:00+09:00,0.31975,0.32006,0.31967,0.31967
2025-10-20T00:30:00+09:00,0.31973,0.32007,0.3196,0.31995
2025-10-20T00:45:00+09:00,0.31994,0.31998,0.31974,0.31991
2025-10-20T01:00:00+09:00,0.3199,0.32041,0.31969,0.31969
2025-10-20T01:15:00+09:00,0.31963,0.31966,0.31877,0.31887
2025-10-20T01:30:00+09:00,0.31886,0.31886,0.31832,0.31883
2025-10-20T01:45:00+09:00,0.31882,0.31885,0.31803,0.31811
2025-10-20T02:00:00+09:00,0.31811,0.31895,0.31795,0.3185
2025-10-20T02:15:00+09:00,0.3185,0.31893,0.31829,0.31891
2025-10-20T02:30:00+09:00,0.31892,0.31916,0.31869,0.31908
2025-10-20T02:45:00+09:00,0.31909,0.31909,0.31888,0.31904
2025-10-20T03:00:00+09:00,0.31904,0.31954,0.31904,0.31937
2025-10-20T03:15:00+09:00,0.31934,0.31955,0.31911,0.31933
2025-10-20T03:30:00+09:00,0.31932,0.31984,0.3193,0.31984
2025-10-20T03:45:00+09:00,0.31984,0.32064,0.31967,0.32047
2025-10-20T04:00:00+09:00,0.32047,0.32058,0.32026,0.32054
2025-10-20T04:15:00+09:00,0.32054,0.3206,0.32032,0.32051
2025-10-20T04:30:00+09:00,0.32052,0.32081,0.32036,0.32038
2025-10-20T04:45:00+09:00,0.32039,0.32045,0.32021,0.32027
2025-10-20T05:00:00+09:00,0.32027,0.32054,0.32023,0.32033
2025-10-20T05:15:00+09:00,0.32033,0.32046,0.32019,0.32043
2025-10-20T05:30:00+09:00,0.32044,0.32074,0.32044,0.32069
2025-10-20T05:45:00+09:00,0.32069,0.32096,0.32024,0.32029
2025-10-20T06:00:00+09:00,0.32029,0.32031,0.32008,0.32019
2025-10-20T06:15:00+09:00,0.32019,0.32027,0.31991,0.32004
2025-10-20T06:30:00+09:00,0.32003,0.32048,0.31998,0.32016
2025-10-20T06:45:00+09:00,0.32013,0.32045,0.32012,0.32045
2025-10-20T07:00:00+09:00,0.32047,0.3205,0.32004,0.32025
2025-10-20T07:15:00+09:00,0.32021,0.32071,0.32014,0.32067
2025-10-20T07:30:00+09:00,0.32068,0.32095,0.32052,0.32077
2025-10-20T07:45:00+09:00,0.32081,0.32131,0.32061,0.32103
2025-10-20T08:00:00+09:00,0.32104,0.32104,0.32043,0.32045
2025-10-20T08:15:00+09:00,0.32046,0.32068,0.32034,0.32067
2025-10-20T08:30:00+09:00,0.32066,0.32075,0.32009,0.32019
2025-10-20T08:45:00+09:00,0.3202,0.32065,0.3202,0.32059
2025-10-20T09:00:00+09:00,0.32057,0.32057,0.31991,0.32017
2025-10-20T09:15:00+09:00,0.32019,0.32019,0.31894,0.3191
2025-10-20T09:30:00+09:00,0.31908,0.31949,0.3178,0.31942
2025-10-20T09:45:00+09:00,0.31942,0.3208,0.31942,0.32047
2025-10-20T10:00:00+09:00,0.32047,0.32123,0.32038,0.32086
2025-10-20T10:15:00+09:00,0.32088,0.32123,0.32049,0.3207
2025-10-20T10:30:00+09:00,0.32069,0.32078,0.32022,0.3204
2025-10-20T10:45:00+09:00,0.32039,0.32044,0.32006,0.32033
2025-10-20T11:00:00+09:00,0.32034,0.32036,0.31917,0.31943
2025-10-20T11:15:00+09:00,0.31942,0.32008,0.31934,0.32
2025-10-20T11:30:00+09:00,0.31999,0.32084,0.31999,0.3207
2025-10-20T11:45:00+09:00,0.3207,0.32133,0.32046,0.32119
2025-10-20T12:00:00+09:00,0.3212,0.32132,0.32088,0.32105
2025-10-20T12:15:00+09:00,0.32105,0.32132,0.32043,0.32085
2025-10-20T12:30:00+09:00,0.32081,0.32109,0.32032,0.32099
2025-10-20T12:45:00+09:00,0.32097,0.32156,0.32081,0.32095
2025-10-20T13:00:00+09:00,0.32097,0.3212,0.32069,0.32113
2025-10-20T13:15:00+09:00,0.32112,0.3213,0.32075,0.32095
2025-10-20T13:30:00+09:00,0.32092,0.32129,0.32081,0.32113
2025-10-20T13:45:00+09:00,0.32113,0.3219,0.32111,0.3219
2025-10-20T14:00:00+09:00,0.32191,0.32216,0.32153,0.32189
2025-10-20T14:15:00+09:00,0.3219,0.32235,0.32172,0.32216
2025-10-20T14:30:00+09:00,0.32217,0.32312,0.32211,0.32301
2025-10-20T14:45:00+09:00,0.323,0.32323,0.32259,0.32292
2025-10-20T15:00:00+09:00,0.32294,0.32341,0.32288,0.32301
2025-10-20T15:15:00+09:00,0.32301,0.32345,0.3228,0.32281
2025-10-20T15:30:00+09:00,0.32284,0.32314,0.32251,0.32276
2025-10-20T15:45:00+09:00,0.3228,0.32314,0.32268,0.32278
2025-10-20T16:00:00+09:00,0.32278,0.32294,0.32236,0.32281
2025-10-20T16:15:00+09:00,0.32282,0.323,0.32273,0.32297
2025-10-20T16:30:00+09:00,0.32294,0.32307,0.32277,0.32297
2025-10-20T16:45:00+09:00,0.32297,0.3233,0.32287,0.32329
2025-10-20T17:00:00+09:00,0.32327,0.32327,0.32286,0.32324
2025-10-20T17:15:00+09:00,0.32324,0.32327,0.32274,0.32312
2025-10-20T17:30:00+09:00,0.32315,0.32432,0.32315,0.3239
2025-10-20T17:45:00+09:00,0.32393,0.32406,0.32313,0.32348
2025-10-20T18:00:00+09:00,0.32345,0.32356,0.32321,0.32333
2025-10-20T18:15:00+09:00,0.32337,0.32385,0.32305,0.32382
2025-10-20T18:30:00+09:00,0.32376,0.32442,0.32375,0.32406
2025-10-20T18:45:00+09:00,0.32403,0.32423,0.32353,0.32391
2025-10-20T19:00:00+09:00,0.32396,0.32419,0.32388,0.3241
2025-10-20T19:15:00+09:00,0.32408,0.32421,0.32333,0.32346
2025-10-20T19:30:00+09:00,0.32342,0.32375,0.32304,0.32315
2025-10-20T19:45:00+09:00,0.32314,0.32338,0.32289,0.32333
2025-10-20T20:00:00+09:00,0.32336,0.3236,0.32308,0.32333
2025-10-20T20:15:00+09:00,0.32329,0.32343,0.32311,0.32317
2025-10-20T20:30:00+09:00,0.32317,0.32318,0.32283,0.32291
2025-10-20T20:45:00+09:00,0.32292,0.32339,0.32284,0.32291
2025-10-20T21:00:00+09:00,0.323,0.323,0.32253,0.32286
2025-10-20T21:15:00+09:00,0.32288,0.32298,0.32263,0.32263
2025-10-20T21:30:00+09:00,0.32274,0.32283,0.32212,0.32223
2025-10-20T21:45:00+09:00,0.32219,0.32258,0.32216,0.32258
2025-10-20T22:00:00+09:00,0.32258,0.32306,0.3225,0.32293
2025-10-20T22:15:00+09:00,0.32292,0.32304,0.32272,0.32298
2025-10-20T22:30:00+09:00,0.32291,0.32306,0.32278,0.32284
2025-10-20T22:45:00+09:00,0.3228,0.323,0.32263,0.32292
2025-10-20T23:00:00+09:00,0.32293,0.32308,0.3227,0.32296
2025-10-20T23:15:00+09:00,0.32296,0.32312,0.32246,0.32312
2025-10-20T23:30:00+09:00,0.3231,0.32343,0.32252,0.32268
2025-10-20T23:45:00+09:00,0.32264,0.32293,0.32256,0.32277
2025-10-21T00:00:00+09:00,0.32282,0.32299,0.32232,0.32232
2025-10-21T00:15:00+09:00,0.32229,0.32269,0.32218,0.32256
2025-10-21T00:30:00+09:00,0.32252,0.32269,0.32242,0.32254
2025-10-21T00:45:00+09:00,0.32254,0.32289,0.32193,0.32193
2025-10-21T01:00:00+09:00,0.32197,0.32197,0.32084,0.32171
2025-10-21T01:15:00+09:00,0.32163,0.32235,0.32144,0.32181
2025-10-21T01:30:00+09:00,0.32184,0.32196,0.32124,0.32137
2025-10-21T01:45:00+09:00,0.32134,0.32141,0.32081,0.3214
2025-10-21T02:00:00+09:00,0.3214,0.32178,0.32138,0.32142
2025-10-21T02:15:00+09:00,0.32143,0.32164,0.32109,0.32115
2025-10-21T02:30:00+09:00,0.32114,0.32116,0.32081,0.32106
2025-10-21T02:45:00+09:00,0.32105,0.32148,0.32105,0.32115
2025-10-21T03:00:00+09:00,0.32115,0.3214,0.32103,0.32126
2025-10-21T03:15:00+09:00,0.32131,0.32158,0.32114,0.32154
2025-10-21T03:30:00+09:00,0.32151,0.32151,0.32121,0.32131
2025-10-21T03:45:00+09:00,0.32133,0.32191,0.32131,0.32191
2025-10-21T04:00:00+09:00,0.32191,0.32201,0.32171,0.32197
2025-10-21T04:15:00+09:00,0.32197,0.32231,0.32194,0.32225
2025-10-21T04:30:00+09:00,0.32227,0.32251,0.32204,0.32244
2025-10-21T04:45:00+09:00,0.32245,0.32246,0.32216,0.32232
2025-10-21T05:00:00+09:00,0.3223,0.32249,0.32202,0.32248
2025-10-21T05:15:00+09:00,0.32248,0.3225,0.32212,0.32221
2025-10-21T05:30:00+09:00,0.32221,0.32239,0.322,0.32237
2025-10-21T05:45:00+09:00,0.32237,0.32247,0.32222,0.32227
2025-10-21T06:00:00+09:00,0.32227,0.32239,0.32204,0.32208
2025-10-21T06:15:00+09:00,0.32208,0.32209,0.32171,0.32203
2025-10-21T06:30:00+09:00,0.32214,0.32237,0.32203,0.32234
2025-10-21T06:45:00+09:00,0.32235,0.32238,0.32209,0.32209
2025-10-21T07:00:00+09:00,0.3221,0.32252,0.32191,0.32252
2025-10-21T07:15:00+09:00,0.32251,0.32252,0.3222,0.32233
2025-10-21T07:30:00+09:00,0.32234,0.32282,0.32234,0.32275
2025-10-21T07:45:00+09:00,0.32278,0.32278,0.32244,0.32249
2025-10-21T08:00:00+09:00,0.3225,0.32277,0.32239,0.32274
2025-10-21T08:15:00+09:00,0.32277,0.32302,0.32269,0.32293
2025-10-21T08:30:00+09:00,0.32294,0.32294,0.32258,0.32285
2025-10-21T08:45:00+09:00,0.32285,0.32287,0.32241,0.32241
2025-10-21T09:00:00+09:00,0.32244,0.32259,0.32212,0.32212
2025-10-21T09:15:00+09:00,0.32217,0.32261,0.32215,0.32255
2025-10-21T09:30:00+09:00,0.32259,0.3226,0.32222,0.32231
2025-10-21T09:45:00+09:00,0.32234,0.32235,0.32223,0.32223
2025-10-21T10:00:00+09:00,0.32223,0.32237,0.322,0.32221
2025-10-21T10:15:00+09:00,0.3222,0.3226,0.32214,0.32251
2025-10-21T10:30:00+09:00,0.32251,0.32276,0.32245,0.32251
2025-10-21T10:45:00+09:00,0.32253,0.32265,0.32197,0.32218
2025-10-21T11:00:00+09:00,0.32218,0.32221,0.32106,0.32141
2025-10-21T11:15:00+09:00,0.32139,0.32139,0.32074,0.32116
2025-10-21T11:30:00+09:00,0.32114,0.32158,0.32104,0.3212
2025-10-21T11:45:00+09:00,0.32113,0.3212,0.32082,0.32083
2025-10-21T12:00:00+09:00,0.32083,0.32128,0.32083,0.32086
2025-10-21T12:15:00+09:00,0.32085,0.32137,0.32085,0.32125
2025-10-21T12:30:00+09:00,0.3212,0.3213,0.32104,0.32121
2025-10-21T12:45:00+09:00,0.32126,0.32128,0.32081,0.3209
2025-10-21T13:00:00+09:00,0.32089,0.32097,0.31934,0.31949
2025-10-21T13:15:00+09:00,0.31952,0.31979,0.31931,0.31967
2025-10-21T13:30:00+09:00,0.3197,0.3197,0.3183,0.31843
2025-10-21T13:45:00+09:00,0.31843,0.31863,0.31762,0.31786
2025-10-21T14:00:00+09:00,0.31785,0.31804,0.31729,0.31768
2025-10-21T14:15:00+09:00,0.31763,0.31826,0.31751,0.31802
2025-10-21T14:30:00+09:00,0.31796,0.31854,0.3178,0.31825
2025-10-21T14:45:00+09:00,0.31824,0.31845,0.31782,0.31834
2025-10-21T15:00:00+09:00,0.31834,0.31894,0.31826,0.31852
2025-10-21T15:15:00+09:00,0.31846,0.31944,0.31833,0.31944
2025-10-21T15:30:00+09:00,0.31944,0.3205,0.31944,0.31995
2025-10-21T15:45:00+09:00,0.31993,0.32013,0.31978,0.31984
2025-10-21T16:00:00+09:00,0.31984,0.31985,0.31908,0.3192
2025-10-21T16:15:00+09:00,0.3192,0.32096,0.3192,0.32072
2025-10-21T16:30:00+09:00,0.32074,0.32075,0.32025,0.3204
2025-10-21T16:45:00+09:00,0.32038,0.32056,0.32021,0.32036
2025-10-21T17:00:00+09:00,0.32037,0.32037,0.31997,0.32008
2025-10-21T17:15:00+09:00,0.32018,0.32076,0.32014,0.3207
2025-10-21T17:30:00+09:00,0.32071,0.32075,0.32004,0.32008
2025-10-21T17:45:00+09:00,0.32006,0.32054,0.32,0.3201
2025-10-21T18:00:00+09:00,0.3201,0.32015,0.31961,0.32005
2025-10-21T18:15:00+09:00,0.32004,0.32065,0.32004,0.32034
2025-10-21T18:30:00+09:00,0.32034,0.32048,0.32017,0.32031
2025-10-21T18:45:00+09:00,0.32031,0.32079,0.32031,0.32067
2025-10-21T19:00:00+09:00,0.3206,0.32087,0.32052,0.32082
2025-10-21T19:15:00+09:00,0.32082,0.32114,0.32025,0.32044
2025-10-21T19:30:00+09:00,0.32044,0.32073,0.32032,0.32055
2025-10-21T19:45:00+09:00,0.3206,0.32171,0.32055,0.3213
2025-10-21T20:00:00+09:00,0.32143,0.3216,0.32113,0.32159
2025-10-21T20:15:00+09:00,0.32159,0.32221,0.32152,0.32154
2025-10-21T20:30:00+09:00,0.3216,0.32203,0.32129,0.32148
2025-10-21T20:45:00+09:00,0.32149,0.32179,0.32137,0.32157
2025-10-21T21:00:00+09:00,0.32157,0.32187,0.32152,0.32186
2025-10-21T21:15:00+09:00,0.32186,0.32253,0.32171,0.32225
2025-10-21T21:30:00+09:00,0.32227,0.3227,0.32216,0.32265
2025-10-21T21:45:00+09:00,0.32264,0.32266,0.32201,0.32208
2025-10-21T22:00:00+09:00,0.32209,0.32261,0.32165,0.32223
2025-10-21T22:15:00+09:00,0.32224,0.32265,0.32203,0.32262
2025-10-21T22:30:00+09:00,0.32259,0.32328,0.32228,0.32256
2025-10-21T22:45:00+09:00,0.32256,0.32256,0.32181,0.32242
2025-10-21T23:00:00+09:00,0.32243,0.32322,0.3223,0.32254
2025-10-21T23:15:00+09:00,0.32253,0.32359,0.3223,0.3234
2025-10-21T23:30:00+09:00,0.32347,0.32402,0.3229,0.32393
2025-10-21T23:45:00+09:00,0.32394,0.32466,0.3237,0.32466
2025-10-22T00:00:00+09:00,0.32467,0.32499,0.32392,0.3243
2025-10-22T00:15:00+09:00,0.32432,0.3246,0.32403,0.3243
2025-10-22T00:30:00+09:00,0.32425,0.3249,0.32421,0.32485
2025-10-22T00:45:00+09:00,0.32485,0.325,0.32473,0.325
2025-10-22T01:00:00+09:00,0.325,0.32543,0.3247,0.32515
2025-10-22T01:15:00+09:00,0.32508,0.32513,0.32462,0.32469
2025-10-22T01:30:00+09:00,0.32472,0.32503,0.32462,0.32495
2025-10-22T01:45:00+09:00,0.32498,0.32541,0.32396,0.32413
2025-10-22T02:00:00+09:00,0.32416,0.32491,0.32402,0.3246
2025-10-22T02:15:00+09:00,0.32465,0.32486,0.3235,0.32418
2025-10-22T02:30:00+09:00,0.32419,0.3244,0.32387,0.32407
2025-10-22T02:45:00+09:00,0.32407,0.32415,0.32378,0.32388
2025-10-22T03:00:00+09:00,0.32389,0.32422,0.32325,0.32351
2025-10-22T03:15:00+09:00,0.32348,0.32409,0.32339,0.32374
2025-10-22T03:30:00+09:00,0.32374,0.32409,0.32363,0.32385
2025-10-22T03:45:00+09:00,0.32391,0.32426,0.32389,0.32414
2025-10-22T04:00:00+09:00,0.32413,0.32434,0.32393,0.32429
2025-10-22T04:15:00+09:00,0.32427,0.32437,0.324,0.32419
2025-10-22T04:30:00+09:00,0.32415,0.3249,0.32415,0.32488
2025-10-22T04:45:00+09:00,0.32487,0.32502,0.32461,0.32469
2025-10-22T05:00:00+09:00,0.32468,0.32474,0.32396,0.3242
2025-10-22T05:15:00+09:00,0.32413,0.32413,0.32323,0.32345
2025-10-22T05:30:00+09:00,0.32343,0.32375,0.32327,0.32362
2025-10-22T05:45:00+09:00,0.32357,0.32366,0.32336,0.32348
2025-10-22T06:00:00+09:00,0.32353,0.32412,0.32348,0.32411
2025-10-22T06:15:00+09:00,0.32411,0.32421,0.32283,0.32308
2025-10-22T06:30:00+09:00,0.32309,0.3234,0.323,0.32333
2025-10-22T06:45:00+09:00,0.32332,0.32392,0.32332,0.32388
2025-10-22T07:00:00+09:00,0.32389,0.32444,0.32377,0.32439
2025-10-22T07:15:00+09:00,0.32444,0.32447,0.3234,0.32347
2025-10-22T07:30:00+09:00,0.32339,0.32361,0.32234,0.32273
2025-10-22T07:45:00+09:00,0.32266,0.32315,0.32248,0.32255
2025-10-22T08:00:00+09:00,0.32268,0.32326,0.3225,0.32307
2025-10-22T08:15:00+09:00,0.32307,0.32334,0.32277,0.32303
2025-10-22T08:30:00+09:00,0.3229,0.3229,0.32131,0.32151
2025-10-22T08:45:00+09:00,0.32156,0.32184,0.3213,0.32169
2025-10-22T09:00:00+09:00,0.3217,0.3226,0.32165,0.32233
2025-10-22T09:15:00+09:00,0.32234,0.32234,0.3216,0.32166
2025-10-22T09:30:00+09:00,0.32167,0.32198,0.32119,0.32167
2025-10-22T09:45:00+09:00,0.3217,0.32211,0.32169,0.32169
2025-10-22T10:00:00+09:00,0.32176,0.32265,0.32174,0.3226
2025-10-22T10:15:00+09:00,0.32261,0.32261,0.32199,0.3223
2025-10-22T10:30:00+09:00,0.3223,0.32266,0.32201,0.32263
2025-10-22T10:45:00+09:00,0.32261,0.32302,0.32237,0.3228
2025-10-22T11:00:00+09:00,0.32285,0.32338,0.32278,0.32329
2025-10-22T11:15:00+09:00,0.32328,0.32354,0.32295,0.32342
2025-10-22T11:30:00+09:00,0.32339,0.32351,0.32313,0.32345
2025-10-22T11:45:00+09:00,0.32347,0.32384,0.32326,0.32359
2025-10-22T12:00:00+09:00,0.32355,0.32355,0.32282,0.32282
2025-10-22T12:15:00+09:00,0.32286,0.32297,0.32212,0.32254
2025-10-22T12:30:00+09:00,0.32249,0.32262,0.32215,0.32243
2025-10-22T12:45:00+09:00,0.32247,0.3227,0.32243,0.32263
2025-10-22T13:00:00+09:00,0.32265,0.323,0.3225,0.32295
2025-10-22T13:15:00+09:00,0.3229,0.32304,0.3228,0.32287
2025-10-22T13:30:00+09:00,0.3229,0.32359,0.32285,0.32345
2025-10-22T13:45:00+09:00,0.32343,0.32356,0.32325,0.3233
2025-10-22T14:00:00+09:00,0.3233,0.32334,0.32309,0.32315
2025-10-22T14:15:00+09:00,0.3232,0.32338,0.32199,0.3224
2025-10-22T14:30:00+09:00,0.32241,0.32247,0.32206,0.32241
2025-10-22T14:45:00+09:00,0.32237,0.3232,0.32234,0.32297
2025-10-22T15:00:00+09:00,0.32287,0.32315,0.32271,0.32315
2025-10-22T15:15:00+09:00,0.32317,0.32365,0.32304,0.32305
2025-10-22T15:30:00+09:00,0.32305,0.32353,0.32303,0.32313
2025-10-22T15:45:00+09:00,0.32313,0.32334,0.32281,0.32298
2025-10-22T16:00:00+09:00,0.32299,0.323,0.32229,0.3223
2025-10-22T16:15:00+09:00,0.3223,0.32284,0.3223,0.32278
2025-10-22T16:30:00+09:00,0.32279,0.32282,0.32228,0.32233
2025-10-22T16:45:00+09:00,0.32229,0.32296,0.32197,0.32276
2025-10-22T17:00:00+09:00,0.32282,0.32293,0.3227,0.3228
2025-10-22T17:15:00+09:00,0.32281,0.3252,0.3226,0.32428
2025-10-22T17:30:00+09:00,0.32438,0.32483,0.32365,0.32388
2025-10-22T17:45:00+09:00,0.32386,0.32434,0.32378,0.32387
2025-10-22T18:00:00+09:00,0.32387,0.32396,0.32345,0.32379
2025-10-22T18:15:00+09:00,0.32376,0.32442,0.3236,0.32434
2025-10-22T18:30:00+09:00,0.32432,0.32453,0.32364,0.32364
2025-10-22T18:45:00+09:00,0.32365,0.3239,0.32348,0.32388
2025-10-22T19:00:00+09:00,0.32386,0.32439,0.32376,0.3241
2025-10-22T19:15:00+09:00,0.32413,0.32416,0.32297,0.32316
2025-10-22T19:30:00+09:00,0.32326,0.32329,0.32035,0.32057
2025-10-22T19:45:00+09:00,0.32057,0.32067,0.31806,0.31848
2025-10-22T20:00:00+09:00,0.3185,0.31865,0.31716,0.31854
2025-10-22T20:15:00+09:00,0.3185,0.31949,0.31808,0.31852
2025-10-22T20:30:00+09:00,0.31848,0.31908,0.31843,0.31888
2025-10-22T20:45:00+09:00,0.31888,0.32035,0.31875,0.32035
2025-10-22T21:00:00+09:00,0.32036,0.32056,0.31977,0.31994
2025-10-22T21:15:00+09:00,0.31995,0.32035,0.31976,0.31982
2025-10-22T21:30:00+09:00,0.31982,0.32122,0.31978,0.31999
2025-10-22T21:45:00+09:00,0.32006,0.3202,0.31943,0.32003
2025-10-22T22:00:00+09:00,0.32005,0.32115,0.31972,0.32093
2025-10-22T22:15:00+09:00,0.32091,0.321,0.3204,0.32041
2025-10-22T22:30:00+09:00,0.32049,0.32077,0.31992,0.3203
2025-10-22T22:45:00+09:00,0.32026,0.32177,0.32016,0.32156
2025-10-22T23:00:00+09:00,0.32158,0.32201,0.32095,0.32149
2025-10-22T23:15:00+09:00,0.3215,0.3215,0.31997,0.32
2025-10-22T23:30:00+09:00,0.31996,0.32054,0.31949,0.32036
2025-10-22T23:45:00+09:00,0.32033,0.32186,0.31999,0.3217
2025-10-23T00:00:00+09:00,0.32172,0.3226,0.32144,0.32172
2025-10-23T00:15:00+09:00,0.32175,0.32181,0.32068,0.32088
2025-10-23T00:30:00+09:00,0.32095,0.32175,0.32083,0.32155
2025-10-23T00:45:00+09:00,0.32156,0.32222,0.32147,0.32177
2025-10-23T01:00:00+09:00,0.32175,0.32202,0.32136,0.3216
2025-10-23T01:15:00+09:00,0.32156,0.32239,0.3213,0.32218
2025-10-23T01:30:00+09:00,0.32217,0.32235,0.32102,0.32185
2025-10-23T01:45:00+09:00,0.32183,0.32204,0.32144,0.32144
2025-10-23T02:00:00+09:00,0.32146,0.32178,0.32136,0.32146
2025-10-23T02:15:00+09:00,0.32145,0.32149,0.32109,0.32115
2025-10-23T02:30:00+09:00,0.32114,0.32135,0.3206,0.32076
2025-10-23T02:45:00+09:00,0.32074,0.32078,0.31982,0.32004
2025-10-23T03:00:00+09:00,0.32001,0.32026,0.31946,0.31972
2025-10-23T03:15:00+09:00,0.31969,0.31991,0.31935,0.31964
2025-10-23T03:30:00+09:00,0.31966,0.32067,0.31966,0.32053
2025-10-23T03:45:00+09:00,0.32053,0.32075,0.32048,0.32071
2025-10-23T04:00:00+09:00,0.32073,0.32154,0.32068,0.32136
2025-10-23T04:15:00+09:00,0.32145,0.32154,0.32124,0.32132
2025-10-23T04:30:00+09:00,0.32136,0.32181,0.32114,0.32129
2025-10-23T04:45:00+09:00,0.32128,0.32128,0.32041,0.32098
2025-10-23T05:00:00+09:00,0.32097,0.3212,0.32073,0.32074
2025-10-23T05:15:00+09:00,0.32072,0.32072,0.32048,0.3205
2025-10-23T05:30:00+09:00,0.32048,0.32084,0.32014,0.32074
2025-10-23T05:45:00+09:00,0.32074,0.32094,0.32025,0.32033
2025-10-23T06:00:00+09:00,0.32033,0.32041,0.3183,0.31859
2025-10-23T06:15:00+09:00,0.31863,0.31893,0.31819,0.31829
2025-10-23T06:30:00+09:00,0.31828,0.31913,0.31815,0.31849
2025-10-23T06:45:00+09:00,0.31844,0.31909,0.31838,0.31858
2025-10-23T07:00:00+09:00,0.31861,0.3197,0.31848,0.3197
2025-10-23T07:15:00+09:00,0.3197,0.31984,0.31913,0.31916
2025-10-23T07:30:00+09:00,0.31912,0.3194,0.31883,0.31913
2025-10-23T07:45:00+09:00,0.31911,0.31945,0.31902,0.31935
2025-10-23T08:00:00+09:00,0.31936,0.32048,0.31929,0.32039
2025-10-23T08:15:00+09:00,0.32037,0.32111,0.32037,0.321
2025-10-23T08:30:00+09:00,0.32105,0.32201,0.32105,0.32175
2025-10-23T08:45:00+09:00,0.32175,0.32291,0.32175,0.32264
2025-10-23T09:00:00+09:00,0.32265,0.32279,0.32198,0.32263
2025-10-23T09:15:00+09:00,0.32263,0.32264,0.32196,0.32241
2025-10-23T09:30:00+09:00,0.32248,0.3225,0.32213,0.32214
2025-10-23T09:45:00+09:00,0.32214,0.32234,0.32186,0.32193
2025-10-23T10:00:00+09:00,0.32193,0.32249,0.32189,0.32247
2025-10-23T10:15:00+09:00,0.32244,0.32251,0.3221,0.32231
2025-10-23T10:30:00+09:00,0.32228,0.32234,0.32201,0.32224
2025-10-23T10:45:00+09:00,0.32222,0.32234,0.32191,0.32196
2025-10-23T11:00:00+09:00,0.32201,0.32215,0.32179,0.32211
2025-10-23T11:15:00+09:00,0.32212,0.32244,0.32211,0.32215
2025-10-23T11:30:00+09:00,0.32216,0.32235,0.32196,0.32198
2025-10-23T11:45:00+09:00,0.32192,0.322,0.32175,0.322
2025-10-23T12:00:00+09:00,0.322,0.32259,0.322,0.32246
2025-10-23T12:15:00+09:00,0.32246,0.3227,0.32215,0.32235
2025-10-23T12:30:00+09:00,0.32234,0.32244,0.32206,0.32229
2025-10-23T12:45:00+09:00,0.32226,0.32233,0.3221,0.32221
2025-10-23T13:00:00+09:00,0.32222,0.32226,0.32179,0.32209
2025-10-23T13:15:00+09:00,0.32209,0.32244,0.32208,0.32224
2025-10-23T13:30:00+09:00,0.32224,0.32231,0.32199,0.32225
2025-10-23T13:45:00+09:00,0.32223,0.32223,0.32178,0.32182
2025-10-23T14:00:00+09:00,0.32181,0.32227,0.32177,0.32221
2025-10-23T14:15:00+09:00,0.3222,0.32321,0.32216,0.32285
2025-10-23T14:30:00+09:00,0.32285,0.32305,0.32265,0.3228
2025-10-23T14:45:00+09:00,0.3228,0.32345,0.32272,0.32278
2025-10-23T15:00:00+09:00,0.3228,0.32283,0.32252,0.32255
2025-10-23T15:15:00+09:00,0.32254,0.32369,0.32254,0.32336
2025-10-23T15:30:00+09:00,0.32337,0.32337,0.32281,0.32289
2025-10-23T15:45:00+09:00,0.32289,0.32332,0.32284,0.32313
2025-10-23T16:00:00+09:00,0.32313,0.32317,0.32234,0.32238
2025-10-23T16:15:00+09:00,0.32238,0.32268,0.32227,0.32262
2025-10-23T16:30:00+09:00,0.32261,0.32275,0.32222,0.32255
2025-10-23T16:45:00+09:00,0.32254,0.32289,0.3225,0.32289
2025-10-23T17:00:00+09:00,0.32289,0.3231,0.32247,0.32263
2025-10-23T17:15:00+09:00,0.32263,0.32286,0.32225,0.32271
2025-10-23T17:30:00+09:00,0.32271,0.32273,0.32229,0.32261
2025-10-23T17:45:00+09:00,0.32261,0.32337,0.32239,0.32265
2025-10-23T18:00:00+09:00,0.32265,0.32294,0.32256,0.32285
2025-10-23T18:15:00+09:00,0.32285,0.32304,0.32261,0.32261
2025-10-23T18:30:00+09:00,0.32262,0.32286,0.3225,0.32277
2025-10-23T18:45:00+09:00,0.32279,0.32289,0.32231,0.32284
2025-10-23T19:00:00+09:00,0.32285,0.32286,0.32251,0.32265
2025-10-23T19:15:00+09:00,0.32261,0.32265,0.32221,0.32233
2025-10-23T19:30:00+09:00,0.3223,0.32232,0.32145,0.32197
2025-10-23T19:45:00+09:00,0.322,0.32231,0.32183,0.32208
2025-10-23T20:00:00+09:00,0.3221,0.32231,0.32209,0.3222
2025-10-23T20:15:00+09:00,0.32217,0.32217,0.32194,0.32194
2025-10-23T20:30:00+09:00,0.32193,0.32193,0.32149,0.3216
2025-10-23T20:45:00+09:00,0.3216,0.32195,0.32155,0.32189
2025-10-23T21:00:00+09:00,0.32188,0.32188,0.32136,0.32164
2025-10-23T21:15:00+09:00,0.32164,0.32206,0.32162,0.32201
2025-10-23T21:30:00+09:00,0.32199,0.32248,0.32167,0.32239
2025-10-23T21:45:00+09:00,0.32242,0.32292,0.32224,0.32239
2025-10-23T22:00:00+09:00,0.32239,0.32249,0.32207,0.32242
2025-10-23T22:15:00+09:00,0.32242,0.32242,0.32167,0.32177
2025-10-23T22:30:00+09:00,0.32179,0.32189,0.32075,0.32116
2025-10-23T22:45:00+09:00,0.32115,0.3213,0.3208,0.32086
2025-10-23T23:00:00+09:00,0.32085,0.32121,0.32,0.32003
2025-10-23T23:15:00+09:00,0.32004,0.32058,0.31998,0.32016
2025-10-23T23:30:00+09:00,0.32016,0.32069,0.32012,0.32023
2025-10-23T23:45:00+09:00,0.32025,0.32036,0.32009,0.32027
2025-10-24T00:00:00+09:00,0.32029,0.32035,0.31856,0.31869
2025-10-24T00:15:00+09:00,0.31866,0.31872,0.31552,0.31589
2025-10-24T00:30:00+09:00,0.31594,0.31707,0.31561,0.3163
2025-10-24T00:45:00+09:00,0.3162,0.31668,0.31601,0.31603
2025-10-24T01:00:00+09:00,0.31607,0.31608,0.314,0.31486
2025-10-24T01:15:00+09:00,0.31482,0.31491,0.31314,0.31329
2025-10-24T01:30:00+09:00,0.31326,0.31462,0.31325,0.31344
2025-10-24T01:45:00+09:00,0.31341,0.315,0.31339,0.31494
2025-10-24T02:00:00+09:00,0.31497,0.31501,0.31431,0.31475
2025-10-24T02:15:00+09:00,0.31477,0.31559,0.31442,0.31559
2025-10-24T02:30:00+09:00,0.3156,0.3178,0.3156,0.3173
2025-10-24T02:45:00+09:00,0.31729,0.31785,0.31612,0.31612
2025-10-24T03:00:00+09:00,0.31621,0.31625,0.31534,0.31534
2025-10-24T03:15:00+09:00,0.31533,0.31613,0.31525,0.31562
2025-10-24T03:30:00+09:00,0.31559,0.3158,0.31538,0.31539
2025-10-24T03:45:00+09:00,0.31537,0.3156,0.31524,0.31525
2025-10-24T04:00:00+09:00,0.31526,0.31552,0.3151,0.31542
2025-10-24T04:15:00+09:00,0.31539,0.31551,0.3151,0.3152
2025-10-24T04:30:00+09:00,0.31516,0.31516,0.31485,0.31509
2025-10-24T04:45:00+09:00,0.31505,0.31613,0.31505,0.31613
2025-10-24T05:00:00+09:00,0.31615,0.31656,0.31584,0.31631
2025-10-24T05:15:00+09:00,0.31633,0.31675,0.3163,0.31632
2025-10-24T05:30:00+09:00,0.31629,0.31664,0.31611,0.31662
2025-10-24T05:45:00+09:00,0.31664,0.31677,0.31562,0.31584
2025-10-24T06:00:00+09:00,0.31589,0.31644,0.31578,0.31636
2025-10-24T06:15:00+09:00,0.31637,0.31649,0.31565,0.31571
2025-10-24T06:30:00+09:00,0.31575,0.31621,0.3157,0.31574
2025-10-24T06:45:00+09:00,0.31575,0.31584,0.31505,0.31507
2025-10-24T07:00:00+09:00,0.31509,0.31513,0.31435,0.31435
2025-10-24T07:15:00+09:00,0.31434,0.31435,0.31384,0.31406
2025-10-24T07:30:00+09:00,0.31408,0.31426,0.31374,0.31387
2025-10-24T07:45:00+09:00,0.31386,0.31428,0.31378,0.31382
2025-10-24T08:00:00+09:00,0.31382,0.31382,0.31304,0.31307
2025-10-24T08:15:00+09:00,0.31307,0.31353,0.31288,0.31336
2025-10-24T08:30:00+09:00,0.31333,0.314,0.31324,0.314
2025-10-24T08:45:00+09:00,0.314,0.31419,0.31352,0.3139
2025-10-24T09:00:00+09:00,0.3139,0.31391,0.31249,0.31303
2025-10-24T09:15:00+09:00,0.31303,0.31331,0.31262,0.31284
2025-10-24T09:30:00+09:00,0.31283,0.31327,0.31281,0.31313
2025-10-24T09:45:00+09:00,0.31313,0.31355,0.31296,0.31311
2025-10-24T10:00:00+09:00,0.31308,0.31349,0.31299,0.31313
2025-10-24T10:15:00+09:00,0.31313,0.31346,0.31292,0.31346
2025-10-24T10:30:00+09:00,0.31344,0.3144,0.31321,0.31425
2025-10-24T10:45:00+09:00,0.31427,0.31428,0.31347,0.31369
2025-10-24T11:00:00+09:00,0.31367,0.31429,0.31328,0.31416
2025-10-24T11:15:00+09:00,0.31416,0.31435,0.31395,0.31409
2025-10-24T11:30:00+09:00,0.31404,0.31503,0.31371,0.31377
2025-10-24T11:45:00+09:00,0.31377,0.31381,0.31201,0.3122
2025-10-24T12:00:00+09:00,0.31219,0.31231,0.3113,0.3119
2025-10-24T12:15:00+09:00,0.31193,0.3134,0.31193,0.31308
2025-10-24T12:30:00+09:00,0.3131,0.3131,0.31203,0.31236
2025-10-24T12:45:00+09:00,0.31226,0.31241,0.31198,0.31212
2025-10-24T13:00:00+09:00,0.31211,0.31291,0.31197,0.3129
2025-10-24T13:15:00+09:00,0.3129,0.31339,0.31268,0.31323
2025-10-24T13:30:00+09:00,0.31332,0.31436,0.31314,0.3133
2025-10-24T13:45:00+09:00,0.3133,0.31392,0.31318,0.31366
2025-10-24T14:00:00+09:00,0.31377,0.31381,0.31305,0.31372
2025-10-24T14:15:00+09:00,0.3137,0.31378,0.31323,0.31345
2025-10-24T14:30:00+09:00,0.31343,0.31366,0.3132,0.31342
2025-10-24T14:45:00+09:00,0.31342,0.31406,0.31341,0.31391
2025-10-24T15:00:00+09:00,0.314,0.314,0.31316,0.31332
2025-10-24T15:15:00+09:00,0.31329,0.31359,0.31313,0.31358
2025-10-24T15:30:00+09:00,0.31358,0.31395,0.31331,0.31348
2025-10-24T15:45:00+09:00,0.31347,0.31365,0.31323,0.31359
2025-10-24T16:00:00+09:00,0.31361,0.31383,0.31332,0.31345
2025-10-24T16:15:00+09:00,0.31342,0.31351,0.31323,0.31346
2025-10-24T16:30:00+09:00,0.31346,0.31346,0.31309,0.31318
2025-10-24T16:45:00+09:00,0.31317,0.31324,0.31278,0.31317
2025-10-24T17:00:00+09:00,0.31318,0.31334,0.3125,0.31288
2025-10-24T17:15:00+09:00,0.31288,0.31288,0.31222,0.31223
2025-10-24T17:30:00+09:00,0.31222,0.31273,0.31216,0.31263
2025-10-24T17:45:00+09:00,0.31263,0.31286,0.31245,0.31258
2025-10-24T18:00:00+09:00,0.31257,0.31295,0.31235,0.31266
2025-10-24T18:15:00+09:00,0.31264,0.31272,0.31218,0.3123
2025-10-24T18:30:00+09:00,0.3123,0.31235,0.31166,0.31183
2025-10-24T18:45:00+09:00,0.31182,0.31182,0.31106,0.31114
2025-10-24T19:00:00+09:00,0.31114,0.31137,0.31059,0.31067
2025-10-24T19:15:00+09:00,0.31068,0.3109,0.3099,0.3103
2025-10-24T19:30:00+09:00,0.31029,0.31042,0.31,0.31018
2025-10-24T19:45:00+09:00,0.31016,0.31046,0.31002,0.31045
2025-10-24T20:00:00+09:00,0.31044,0.3111,0.31018,0.31108
2025-10-24T20:15:00+09:00,0.31111,0.31131,0.31046,0.31092
2025-10-24T20:30:00+09:00,0.31094,0.31147,0.31073,0.31144
2025-10-24T20:45:00+09:00,0.31149,0.31244,0.31143,0.31145
2025-10-24T21:00:00+09:00,0.31145,0.31161,0.31117,0.3116
2025-10-24T21:15:00+09:00,0.3116,0.31183,0.3113,0.31159
2025-10-24T21:30:00+09:00,0.31161,0.31436,0.31161,0.31239
2025-10-24T21:45:00+09:00,0.31238,0.31245,0.31171,0.31185
2025-10-24T22:00:00+09:00,0.31187,0.31243,0.31048,0.31065
2025-10-24T22:15:00+09:00,0.31055,0.31101,0.31034,0.31075
2025-10-24T22:30:00+09:00,0.31074,0.31074,0.30939,0.31073
2025-10-24T22:45:00+09:00,0.31073,0.31108,0.30903,0.31009
2025-10-24T23:00:00+09:00,0.31009,0.31009,0.30881,0.30928
2025-10-24T23:15:00+09:00,0.30921,0.30928,0.30769,0.30807
2025-10-24T23:30:00+09:00,0.30808,0.3086,0.30789,0.30854
2025-10-24T23:45:00+09:00,0.30853,0.30854,0.30775,0.30804
2025-10-25T00:00:00+09:00,0.30796,0.30817,0.30777,0.30803
2025-10-25T00:15:00+09:00,0.308,0.30809,0.30731,0.30779
2025-10-25T00:30:00+09:00,0.3078,0.30836,0.30749,0.30781
2025-10-25T00:45:00+09:00,0.30777,0.30777,0.30701,0.3074
2025-10-25T01:00:00+09:00,0.3074,0.3074,0.30492,0.30515
2025-10-25T01:15:00+09:00,0.30515,0.30545,0.30467,0.30519
2025-10-25T01:30:00+09:00,0.3052,0.30539,0.3038,0.30403
2025-10-25T01:45:00+09:00,0.30406,0.30479,0.30389,0.30479
2025-10-25T02:00:00+09:00,0.30477,0.30499,0.30394,0.30394
2025-10-25T02:15:00+09:00,0.30393,0.30426,0.30347,0.30386
2025-10-25T02:30:00+09:00,0.30386,0.30396,0.303,0.30351
2025-10-25T02:45:00+09:00,0.30352,0.30361,0.303,0.30328
2025-10-25T03:00:00+09:00,0.30328,0.30408,0.30326,0.30377
2025-10-25T03:15:00+09:00,0.30377,0.30476,0.30367,0.30392
2025-10-25T03:30:00+09:00,0.30394,0.30415,0.30366,0.30371
2025-10-25T03:45:00+09:00,0.30375,0.30408,0.30341,0.30372
2025-10-25T04:00:00+09:00,0.30371,0.30492,0.30361,0.30434
2025-10-25T04:15:00+09:00,0.30433,0.30514,0.30429,0.30461
2025-10-25T04:30:00+09:00,0.30462,0.30486,0.30433,0.30486
2025-10-25T04:45:00+09:00,0.30484,0.30553,0.30458,0.30482
2025-10-25T05:00:00+09:00,0.30482,0.30534,0.30462,0.30479
2025-10-25T05:15:00+09:00,0.30478,0.30547,0.30477,0.30499
2025-10-25T05:30:00+09:00,0.30499,0.30526,0.30474,0.30481
2025-10-25T05:45:00+09:00,0.30481,0.30538,0.30478,0.305
2025-10-25T06:00:00+09:00,0.30501,0.30563,0.30484,0.30488
2025-10-25T06:15:00+09:00,0.30486,0.30583,0.30485,0.30538
2025-10-25T06:30:00+09:00,0.3055,0.30563,0.30515,0.3054
2025-10-25T06:45:00+09:00,0.3054,0.30593,0.3054,0.30587
2025-10-25T07:00:00+09:00,0.30585,0.30657,0.30584,0.3062
2025-10-25T07:15:00+09:00,0.30621,0.30627,0.30583,0.30603
2025-10-25T07:30:00+09:00,0.30603,0.30627,0.30526,0.30527
2025-10-25T07:45:00+09:00,0.30527,0.30527,0.30432,0.30435
2025-10-25T08:00:00+09:00,0.30434,0.30434,0.30366,0.30366
2025-10-25T08:15:00+09:00,0.30365,0.30434,0.30326,0.30416
2025-10-25T08:30:00+09:00,0.30415,0.3045,0.30338,0.30338
2025-10-25T08:45:00+09:00,0.30341,0.30393,0.30341,0.30373
2025-10-25T09:00:00+09:00,0.3038,0.30403,0.30339,0.30341
2025-10-25T09:15:00+09:00,0.3034,0.30386,0.30321,0.30367
2025-10-25T09:30:00+09:00,0.30361,0.30361,0.301,0.30134
2025-10-25T09:45:00+09:00,0.30129,0.30188,0.298,0.29844
2025-10-25T10:00:00+09:00,0.29844,0.29851,0.2969,0.29771
2025-10-25T10:15:00+09:00,0.29768,0.29975,0.2965,0.29782
2025-10-25T10:30:00+09:00,0.29783,0.29881,0.29782,0.29792
2025-10-25T10:45:00+09:00,0.29793,0.29871,0.29782,0.29833
2025-10-25T11:00:00+09:00,0.29834,0.29846,0.29792,0.29792
2025-10-25T11:15:00+09:00,0.29799,0.30071,0.29798,0.29906
2025-10-25T11:30:00+09:00,0.29902,0.29935,0.29849,0.29872
2025-10-25T11:45:00+09:00,0.29858,0.29858,0.2981,0.29829
2025-10-25T12:00:00+09:00,0.29832,0.29933,0.29832,0.29882
2025-10-25T12:15:00+09:00,0.29881,0.30008,0.29881,0.29974
2025-10-25T12:30:00+09:00,0.2997,0.29996,0.29911,0.2994
2025-10-25T12:45:00+09:00,0.29939,0.29974,0.29917,0.2997
2025-10-25T13:00:00+09:00,0.29964,0.30013,0.29903,0.29987
2025-10-25T13:15:00+09:00,0.29987,0.30046,0.29938,0.29946
2025-10-25T13:30:00+09:00,0.29935,0.29935,0.29815,0.29852
2025-10-25T13:45:00+09:00,0.29847,0.29861,0.29443,0.29534
2025-10-25T14:00:00+09:00,0.29534,0.29597,0.29405,0.29434
2025-10-25T14:15:00+09:00,0.29438,0.29469,0.29406,0.29428
2025-10-25T14:30:00+09:00,0.29429,0.29578,0.29426,0.29491
2025-10-25T14:45:00+09:00,0.29491,0.29576,0.29463,0.29545
2025-10-25T15:00:00+09:00,0.29548,0.29628,0.2951,0.29513
2025-10-25T15:15:00+09:00,0.29514,0.29569,0.29506,0.29562
2025-10-25T15:30:00+09:00,0.29565,0.29569,0.29494,0.29504
2025-10-25T15:45:00+09:00,0.29503,0.29567,0.295,0.29533
2025-10-25T16:00:00+09:00,0.29535,0.29553,0.295,0.29529
2025-10-25T16:15:00+09:00,0.29534,0.2985,0.29524,0.29767
2025-10-25T16:30:00+09:00,0.29771,0.29848,0.29771,0.29827
2025-10-25T16:45:00+09:00,0.29826,0.2988,0.29805,0.29845
2025-10-25T17:00:00+09:00,0.29845,0.29904,0.29783,0.29811
2025-10-25T17:15:00+09:00,0.29813,0.29854,0.29782,0.29797
2025-10-25T17:30:00+09:00,0.29799,0.29842,0.29775,0.29798
2025-10-25T17:45:00+09:00,0.29799,0.29826,0.29788,0.29817
2025-10-25T18:00:00+09:00,0.29822,0.29856,0.298,0.29812
2025-10-25T18:15:00+09:00,0.29809,0.29827,0.29716,0.29745
2025-10-25T18:30:00+09:00,0.29749,0.29793,0.29742,0.29757
2025-10-25T18:45:00+09:00,0.29757,0.2978,0.29747,0.29765
2025-10-25T19:00:00+09:00,0.29764,0.29811,0.29746,0.29762
2025-10-25T19:15:00+09:00,0.29764,0.2981,0.29764,0.29794
2025-10-25T19:30:00+09:00,0.29799,0.29864,0.29793,0.29816
2025-10-25T19:45:00+09:00,0.29817,0.29837,0.29815,0.29826
2025-10-25T20:00:00+09:00,0.29824,0.29866,0.29776,0.29789
2025-10-25T20:15:00+09:00,0.29789,0.29817,0.29784,0.29802
2025-10-25T20:30:00+09:00,0.29805,0.29824,0.29792,0.29822
2025-10-25T20:45:00+09:00,0.29822,0.29843,0.298,0.29815
2025-10-25T21:00:00+09:00,0.29814,0.29816,0.29757,0.29789
2025-10-25T21:15:00+09:00,0.29788,0.29865,0.2977,0.29831
2025-10-25T21:30:00+09:00,0.29833,0.29893,0.29829,0.29859
2025-10-25T21:45:00+09:00,0.29857,0.29966,0.29829,0.29859
2025-10-25T22:00:00+09:00,0.2986,0.29901,0.29844,0.29871
2025-10-25T22:15:00+09:00,0.2987,0.29879,0.29843,0.29857
2025-10-25T22:30:00+09:00,0.29862,0.29876,0.29848,0.29848
2025-10-25T22:45:00+09:00,0.29846,0.29856,0.29832,0.2985
2025-10-25T23:00:00+09:00,0.2985,0.29866,0.29788,0.29793
2025-10-25T23:15:00+09:00,0.29791,0.29818,0.29778,0.29778
2025-10-25T23:30:00+09:00,0.29776,0.29781,0.29742,0.29752
2025-10-25T23:45:00+09:00,0.29751,0.29805,0.29726,0.29796
2025-10-26T00:00:00+09:00,0.29796,0.29827,0.29764,0.2981
2025-10-26T00:15:00+09:00,0.2981,0.29843,0.29785,0.29815
2025-10-26T00:30:00+09:00,0.29821,0.29831,0.29769,0.29803
2025-10-26T00:45:00+09:00,0.29801,0.29816,0.29779,0.29802
2025-10-26T01:00:00+09:00,0.29806,0.29813,0.29772,0.29772
2025-10-26T01:15:00+09:00,0.29775,0.2978,0.29728,0.29758
2025-10-26T01:30:00+09:00,0.29759,0.29764,0.29731,0.29741
2025-10-26T01:45:00+09:00,0.2974,0.29769,0.29733,0.29757
2025-10-26T02:00:00+09:00,0.29762,0.29773,0.29744,0.29744
2025-10-26T02:15:00+09:00,0.29744,0.29778,0.29739,0.2977
2025-10-26T02:30:00+09:00,0.2977,0.29798,0.29768,0.29796
2025-10-26T02:45:00+09:00,0.29795,0.29816,0.29795,0.29812
2025-10-26T03:00:00+09:00,0.29812,0.29823,0.29747,0.29777
2025-10-26T03:15:00+09:00,0.29774,0.2981,0.29757,0.29796
2025-10-26T03:30:00+09:00,0.29797,0.29809,0.29769,0.29783
2025-10-26T03:45:00+09:00,0.29787,0.29789,0.29738,0.29754
2025-10-26T04:00:00+09:00,0.29751,0.29819,0.29697,0.29817
2025-10-26T04:15:00+09:00,0.29821,0.29889,0.29818,0.29867
2025-10-26T04:30:00+09:00,0.29865,0.29897,0.29857,0.29894
2025-10-26T04:45:00+09:00,0.29894,0.29904,0.29878,0.299
2025-10-26T05:00:00+09:00,0.29899,0.29904,0.29809,0.29814
2025-10-26T05:15:00+09:00,0.29821,0.29821,0.29801,0.29804
2025-10-26T05:30:00+09:00,0.29805,0.29821,0.29756,0.29792
2025-10-26T05:45:00+09:00,0.29794,0.29804,0.29753,0.29757
2025-10-26T06:00:00+09:00,0.2976,0.29805,0.2976,0.29771
2025-10-26T06:15:00+09:00,0.29764,0.29796,0.2975,0.29781
2025-10-26T06:30:00+09:00,0.29781,0.29801,0.29761,0.2979
2025-10-26T06:45:00+09:00,0.29791,0.29875,0.29769,0.2985
2025-10-26T07:00:00+09:00,0.29849,0.29872,0.29764,0.29798
2025-10-26T07:15:00+09:00,0.29797,0.29807,0.29777,0.29803
2025-10-26T07:30:00+09:00,0.29805,0.29805,0.29788,0.29805
2025-10-26T07:45:00+09:00,0.29805,0.2983,0.29803,0.29812
2025-10-26T08:00:00+09:00,0.29812,0.29812,0.29797,0.29804
2025-10-26T08:15:00+09:00,0.29811,0.29829,0.29794,0.29828
2025-10-26T08:30:00+09:00,0.29829,0.29829,0.29707,0.2972
2025-10-26T08:45:00+09:00,0.29721,0.29737,0.29684,0.29715
2025-10-26T09:00:00+09:00,0.29712,0.29717,0.29663,0.2971
2025-10-26T09:15:00+09:00,0.29713,0.29713,0.29674,0.29696
2025-10-26T09:30:00+09:00,0.29696,0.29715,0.29683,0.29692
2025-10-26T09:45:00+09:00,0.29691,0.29693,0.29592,0.29626
2025-10-26T10:00:00+09:00,0.29625,0.29675,0.29615,0.29647
2025-10-26T10:15:00+09:00,0.2965,0.29712,0.29638,0.29698
2025-10-26T10:30:00+09:00,0.29699,0.29783,0.29699,0.29773
2025-10-26T10:45:00+09:00,0.29768,0.29792,0.2969,0.29717
2025-10-26T11:00:00+09:00,0.29717,0.29722,0.29682,0.29682
2025-10-26T11:15:00+09:00,0.29681,0.29693,0.29658,0.29692
2025-10-26T11:30:00+09:00,0.29691,0.29698,0.29648,0.29648
2025-10-26T11:45:00+09:00,0.29647,0.29745,0.29645,0.29716
2025-10-26T12:00:00+09:00,0.29717,0.29717,0.29664,0.29685
2025-10-26T12:15:00+09:00,0.29684,0.29717,0.29671,0.29711
2025-10-26T12:30:00+09:00,0.2971,0.2971,0.29674,0.29675
2025-10-26T12:45:00+09:00,0.29674,0.29683,0.29623,0.29643
2025-10-26T13:00:00+09:00,0.29643,0.29674,0.29551,0.29584
2025-10-26T13:15:00+09:00,0.29585,0.29588,0.29455,0.29488
2025-10-26T13:30:00+09:00,0.29491,0.29515,0.29428,0.29458
2025-10-26T13:45:00+09:00,0.29458,0.29491,0.29415,0.29482
2025-10-26T14:00:00+09:00,0.2948,0.2948,0.29414,0.29459
2025-10-26T14:15:00+09:00,0.29456,0.29467,0.29433,0.29467
2025-10-26T14:30:00+09:00,0.29464,0.29482,0.29446,0.29478
2025-10-26T14:45:00+09:00,0.29478,0.29491,0.29455,0.29467
2025-10-26T15:00:00+09:00,0.29465,0.29509,0.29438,0.29489
2025-10-26T15:15:00+09:00,0.2949,0.29561,0.29489,0.29558
2025-10-26T15:30:00+09:00,0.29559,0.29563,0.29534,0.2954
2025-10-26T15:45:00+09:00,0.29543,0.29547,0.29517,0.29535
2025-10-26T16:00:00+09:00,0.29536,0.29563,0.29523,0.29558
2025-10-26T16:15:00+09:00,0.29558,0.29647,0.29558,0.29576
2025-10-26T16:30:00+09:00,0.29576,0.2961,0.29576,0.29587
2025-10-26T16:45:00+09:00,0.29587,0.2961,0.29521,0.29542
2025-10-26T17:00:00+09:00,0.29543,0.29563,0.29543,0.29556
2025-10-26T17:15:00+09:00,0.29556,0.29597,0.29556,0.29593
2025-10-26T17:30:00+09:00,0.29595,0.29603,0.29524,0.29565
2025-10-26T17:45:00+09:00,0.29565,0.29625,0.29564,0.29615
2025-10-26T18:00:00+09:00,0.29615,0.29672,0.29575,0.296
2025-10-26T18:15:00+09:00,0.296,0.29861,0.29596,0.29779
2025-10-26T18:30:00+09:00,0.29779,0.29807,0.29716,0.29731
2025-10-26T18:45:00+09:00,0.2974,0.2976,0.29718,0.2974
2025-10-26T19:00:00+09:00,0.2974,0.2979,0.29726,0.29788
2025-10-26T19:15:00+09:00,0.29785,0.29791,0.29672,0.29693
2025-10-26T19:30:00+09:00,0.29689,0.29715,0.29649,0.29691
2025-10-26T19:45:00+09:00,0.29682,0.29715,0.29668,0.29698
2025-10-26T20:00:00+09:00,0.29699,0.29715,0.29667,0.29702
2025-10-26T20:15:00+09:00,0.29706,0.29749,0.29691,0.29742
2025-10-26T20:30:00+09:00,0.29742,0.29885,0.29734,0.2988
2025-10-26T20:45:00+09:00,0.2988,0.29974,0.29858,0.29916
2025-10-26T21:00:00+09:00,0.29916,0.30034,0.29913,0.30026
2025-10-26T21:15:00+09:00,0.30028,0.30054,0.29928,0.29964
2025-10-26T21:30:00+09:00,0.29961,0.29999,0.29947,0.29958
2025-10-26T21:45:00+09:00,0.29955,0.30054,0.29955,0.30047
2025-10-26T22:00:00+09:00,0.30047,0.3012,0.30008,0.30013
2025-10-26T22:15:00+09:00,0.30013,0.30095,0.29985,0.30086