time,open,high,low,close
2025-10-01T00:00:00+09:00,113750,113770,113310,113380
2025-10-01T00:15:00+09:00,113390,113430,113090,113190
2025-10-01T00:30:00+09:00,113200,113390,113170,113190
2025-10-01T00:45:00+09:00,113190,113330,113140,113260
2025-10-01T01:00:00+09:00,113260,113330,113110,113170
2025-10-01T01:15:00+09:00,113170,113480,113150,113200
2025-10-01T01:30:00+09:00,113200,113200,112900,113030
2025-10-01T01:45:00+09:00,113040,113040,112880,112950
2025-10-01T02:00:00+09:00,112950,113260,112930,113210
2025-10-01T02:15:00+09:00,113250,113410,113250,113310
2025-10-01T02:30:00+09:00,113320,113590,113250,113370
2025-10-01T02:45:00+09:00,113370,113450,113330,113340
2025-10-01T03:00:00+09:00,113330,113610,113270,113590
2025-10-01T03:15:00+09:00,113600,113610,113450,113550
2025-10-01T03:30:00+09:00,113550,113550,113410,113520
2025-10-01T03:45:00+09:00,113530,113750,113530,113740
2025-10-01T04:00:00+09:00,113750,113960,113750,113910
2025-10-01T04:15:00+09:00,113910,114040,113850,113970
2025-10-01T04:30:00+09:00,113970,114290,113970,114280
2025-10-01T04:45:00+09:00,114270,114580,114230,114360
2025-10-01T05:00:00+09:00,114380,114500,114140,114170
2025-10-01T05:15:00+09:00,114170,114470,114170,114390
2025-10-01T05:30:00+09:00,114400,114410,114330,114330
2025-10-01T05:45:00+09:00,114330,114740,114320,114620
2025-10-01T06:00:00+09:00,114630,114750,114400,114420
2025-10-01T06:15:00+09:00,114390,114520,114300,114320
2025-10-01T06:30:00+09:00,114310,114500,114210,114370
2025-10-01T06:45:00+09:00,114370,114370,114160,114160
2025-10-01T07:00:00+09:00,114170,114360,114130,114140
2025-10-01T07:15:00+09:00,114150,114180,113980,113980
2025-10-01T07:30:00+09:00,113970,114040,113890,113900
2025-10-01T07:45:00+09:00,113900,114010,113900,113930
2025-10-01T08:00:00+09:00,113930,113930,113780,113810
2025-10-01T08:15:00+09:00,113830,114010,113770,113970
2025-10-01T08:30:00+09:00,113970,113970,113850,113950
2025-10-01T08:45:00+09:00,113950,114020,113950,114020
2025-10-01T09:00:00+09:00,114030,114270,114030,114140
2025-10-01T09:15:00+09:00,114140,114140,113970,114010
2025-10-01T09:30:00+09:00,114010,114190,113950,113950
2025-10-01T09:45:00+09:00,113960,114220,113960,114220
2025-10-01T10:00:00+09:00,114220,114360,114140,114310
2025-10-01T10:15:00+09:00,114310,114380,114190,114330
2025-10-01T10:30:00+09:00,114330,114440,114190,114410
2025-10-01T10:45:00+09:00,114410,114510,114400,114500
2025-10-01T11:00:00+09:00,114500,114530,114440,114480
2025-10-01T11:15:00+09:00,114480,114480,114400,114410
2025-10-01T11:30:00+09:00,114410,114420,114310,114330
2025-10-01T11:45:00+09:00,114310,114350,114250,114260
2025-10-01T12:00:00+09:00,114260,114390,114180,114380
2025-10-01T12:15:00+09:00,114380,114500,114330,114440
2025-10-01T12:30:00+09:00,114440,114480,114290,114310
2025-10-01T12:45:00+09:00,114280,114280,114100,114160
2025-10-01T13:00:00+09:00,114160,114400,114150,114320
2025-10-01T13:15:00+09:00,114320,114550,114320,114550
2025-10-01T13:30:00+09:00,114550,114650,114480,114510
2025-10-01T13:45:00+09:00,114520,114530,114230,114240
2025-10-01T14:00:00+09:00,114250,114700,114240,114610
2025-10-01T14:15:00+09:00,114610,114690,114550,114580
2025-10-01T14:30:00+09:00,114600,114600,114540,114550
2025-10-01T14:45:00+09:00,114550,114620,114510,114540
2025-10-01T15:00:00+09:00,114540,114580,114470,114540
2025-10-01T15:15:00+09:00,114540,114610,114340,114420
2025-10-01T15:30:00+09:00,114420,114500,114340,114470
2025-10-01T15:45:00+09:00,114500,114500,114230,114280
2025-10-01T16:00:00+09:00,114280,114440,114280,114390
2025-10-01T16:15:00+09:00,114410,114590,114410,114590
2025-10-01T16:30:00+09:00,114590,114600,114510,114600
2025-10-01T16:45:00+09:00,114590,114620,114570,114620
2025-10-01T17:00:00+09:00,114600,114620,114540,114620
2025-10-01T17:15:00+09:00,114620,115150,114620,115080
2025-10-01T17:30:00+09:00,115120,115720,115120,115720
2025-10-01T17:45:00+09:00,115710,116700,115570,116160
2025-10-01T18:00:00+09:00,116170,116390,116020,116310
2025-10-01T18:15:00+09:00,116290,116350,116210,116280
2025-10-01T18:30:00+09:00,116270,116540,116190,116420
2025-10-01T18:45:00+09:00,116440,116480,116380,116460
2025-10-01T19:00:00+09:00,116490,116600,116100,116290
2025-10-01T19:15:00+09:00,116290,116430,116280,116310
2025-10-01T19:30:00+09:00,116310,116360,116250,116290
2025-10-01T19:45:00+09:00,116290,116360,116230,116300
2025-10-01T20:00:00+09:00,116300,116450,116300,116390
2025-10-01T20:15:00+09:00,116430,116440,116340,116350
2025-10-01T20:30:00+09:00,116380,116590,116330,116590
2025-10-01T20:45:00+09:00,116540,116780,116540,116780
2025-10-01T21:00:00+09:00,116790,116890,116650,116680
2025-10-01T21:15:00+09:00,116690,116930,116680,116680
2025-10-01T21:30:00+09:00,116680,116680,116510,116520
2025-10-01T21:45:00+09:00,116520,116530,116390,116460
2025-10-01T22:00:00+09:00,116480,116610,116470,116570
2025-10-01T22:15:00+09:00,116580,116680,116580,116680
2025-10-01T22:30:00+09:00,116630,116750,116500,116560
2025-10-01T22:45:00+09:00,116560,116840,116510,116820
2025-10-01T23:00:00+09:00,116840,117270,116760,117190
2025-10-01T23:15:00+09:00,117240,117480,117130,117280
2025-10-01T23:30:00+09:00,117190,117460,117160,117390
2025-10-01T23:45:00+09:00,117370,117370,117130,117370
2025-10-02T00:00:00+09:00,117380,117390,117190,117270
2025-10-02T00:15:00+09:00,117290,117710,117270,117610
2025-10-02T00:30:00+09:00,117580,117580,117430,117570
2025-10-02T00:45:00+09:00,117580,117590,117410,117480
2025-10-02T01:00:00+09:00,117510,117830,117440,117830
2025-10-02T01:15:00+09:00,117830,117990,117790,117990
2025-10-02T01:30:00+09:00,117960,118260,117900,118000
2025-10-02T01:45:00+09:00,118010,118060,117640,117690
2025-10-02T02:00:00+09:00,117660,117750,117440,117440
2025-10-02T02:15:00+09:00,117480,117630,117410,117470
2025-10-02T02:30:00+09:00,117500,117590,117280,117280
2025-10-02T02:45:00+09:00,117270,117270,116850,116900
2025-10-02T03:00:00+09:00,116940,117150,116870,117150
2025-10-02T03:15:00+09:00,117150,117150,116950,117120
2025-10-02T03:30:00+09:00,117110,117260,117110,117190
2025-10-02T03:45:00+09:00,117200,117390,117200,117310
2025-10-02T04:00:00+09:00,117330,117470,117290,117470
2025-10-02T04:15:00+09:00,117470,117560,117470,117540
2025-10-02T04:30:00+09:00,117560,117680,117440,117570
2025-10-02T04:45:00+09:00,117580,117640,117440,117480
2025-10-02T05:00:00+09:00,117500,117500,117260,117310
2025-10-02T05:15:00+09:00,117330,117500,117330,117500
2025-10-02T05:30:00+09:00,117500,117520,117420,117480
2025-10-02T05:45:00+09:00,117470,117620,117410,117620
2025-10-02T06:00:00+09:00,117630,117670,117580,117670
2025-10-02T06:15:00+09:00,117670,117670,117560,117590
2025-10-02T06:30:00+09:00,117590,117590,117450,117460
2025-10-02T06:45:00+09:00,117470,117650,117460,117650
2025-10-02T07:00:00+09:00,117660,118150,117660,117930
2025-10-02T07:15:00+09:00,117920,117980,117860,117890
2025-10-02T07:30:00+09:00,117880,117900,117730,117750
2025-10-02T07:45:00+09:00,117770,117940,117760,117830
2025-10-02T08:00:00+09:00,117830,118050,117770,118050
2025-10-02T08:15:00+09:00,118030,118530,118030,118470
2025-10-02T08:30:00+09:00,118460,118500,118240,118450
2025-10-02T08:45:00+09:00,118460,118810,118410,118630
2025-10-02T09:00:00+09:00,118730,119530,118730,119310
2025-10-02T09:15:00+09:00,119270,119270,119020,119020
2025-10-02T09:30:00+09:00,119030,119030,118600,118660
2025-10-02T09:45:00+09:00,118720,118810,118540,118550
2025-10-02T10:00:00+09:00,118540,118770,118500,118770
2025-10-02T10:15:00+09:00,118740,118750,118530,118570
2025-10-02T10:30:00+09:00,118580,118780,118570,118780
2025-10-02T10:45:00+09:00,118790,118980,118680,118680
2025-10-02T11:00:00+09:00,118700,118810,118600,118730
2025-10-02T11:15:00+09:00,118730,118810,118550,118550
2025-10-02T11:30:00+09:00,118620,118790,118540,118770
2025-10-02T11:45:00+09:00,118780,118830,118750,118800
2025-10-02T12:00:00+09:00,118790,119070,118780,118950
2025-10-02T12:15:00+09:00,118930,119120,118850,119010
2025-10-02T12:30:00+09:00,119010,119060,118870,119030
2025-10-02T12:45:00+09:00,119030,119030,118790,118810
2025-10-02T13:00:00+09:00,118810,118970,118720,118950
2025-10-02T13:15:00+09:00,118950,118950,118670,118690
2025-10-02T13:30:00+09:00,118690,118690,118550,118650
2025-10-02T13:45:00+09:00,118650,118750,118610,118740
2025-10-02T14:00:00+09:00,118750,118750,118620,118620
2025-10-02T14:15:00+09:00,118630,118690,118530,118690
2025-10-02T14:30:00+09:00,118650,118660,118500,118590
2025-10-02T14:45:00+09:00,118590,118600,118390,118460
2025-10-02T15:00:00+09:00,118460,118570,118440,118570
2025-10-02T15:15:00+09:00,118520,118590,118500,118580
2025-10-02T15:30:00+09:00,118580,118720,118560,118720
2025-10-02T15:45:00+09:00,118690,118700,118630,118700
2025-10-02T16:00:00+09:00,118680,118720,118650,118720
2025-10-02T16:15:00+09:00,118720,118720,118580,118580
2025-10-02T16:30:00+09:00,118580,118580,118540,118540
2025-10-02T16:45:00+09:00,118550,118570,118520,118540
2025-10-02T17:00:00+09:00,118560,118620,118400,118420
2025-10-02T17:15:00+09:00,118420,118670,118420,118670
2025-10-02T17:30:00+09:00,118670,118700,118620,118650
2025-10-02T17:45:00+09:00,118650,118720,118650,118710
2025-10-02T18:00:00+09:00,118700,118700,118620,118640
2025-10-02T18:15:00+09:00,118640,118720,118640,118710
2025-10-02T18:30:00+09:00,118700,118750,118640,118750
2025-10-02T18:45:00+09:00,118760,118930,118760,118910
2025-10-02T19:00:00+09:00,118910,118940,118730,118770
2025-10-02T19:15:00+09:00,118780,118820,118660,118670
2025-10-02T19:30:00+09:00,118660,118800,118660,118770
2025-10-02T19:45:00+09:00,118780,118810,118650,118670
2025-10-02T20:00:00+09:00,118670,118730,118600,118610
2025-10-02T20:15:00+09:00,118610,118760,118600,118720
2025-10-02T20:30:00+09:00,118740,118770,118720,118770
2025-10-02T20:45:00+09:00,118770,118900,118770,118810
2025-10-02T21:00:00+09:00,118810,118920,118800,118920
2025-10-02T21:15:00+09:00,118920,119190,118920,119140
2025-10-02T21:30:00+09:00,119170,119370,119000,119300
2025-10-02T21:45:00+09:00,119300,119470,119300,119450
2025-10-02T22:00:00+09:00,119470,119470,119230,119240
2025-10-02T22:15:00+09:00,119230,119340,119030,119260
2025-10-02T22:30:00+09:00,119250,119600,119180,119600
2025-10-02T22:45:00+09:00,119600,119860,119600,119710
2025-10-02T23:00:00+09:00,119690,119720,119360,119490
2025-10-02T23:15:00+09:00,119490,119770,119490,119750
2025-10-02T23:30:00+09:00,119760,119840,119040,119050
2025-10-02T23:45:00+09:00,119060,119130,118700,118870
2025-10-03T00:00:00+09:00,118870,119270,118620,119270
2025-10-03T00:15:00+09:00,119260,119600,119090,119510
2025-10-03T00:30:00+09:00,119450,119690,119290,119690
2025-10-03T00:45:00+09:00,119640,120000,119640,119980
2025-10-03T01:00:00+09:00,119970,120320,119810,120200
2025-10-03T01:15:00+09:00,120260,120260,119980,120070
2025-10-03T01:30:00+09:00,120070,120140,119770,119840
2025-10-03T01:45:00+09:00,119830,119940,119670,119790
2025-10-03T02:00:00+09:00,119780,119810,119610,119810
2025-10-03T02:15:00+09:00,119830,119840,119450,119490
2025-10-03T02:30:00+09:00,119470,119650,119450,119620
2025-10-03T02:45:00+09:00,119620,119980,119610,119970
2025-10-03T03:00:00+09:00,119970,120260,119960,120220
2025-10-03T03:15:00+09:00,120190,120320,120020,120230
2025-10-03T03:30:00+09:00,120190,120230,120060,120150
2025-10-03T03:45:00+09:00,120160,120700,120160,120620
2025-10-03T04:00:00+09:00,120590,121090,120550,121080
2025-10-03T04:15:00+09:00,121080,121080,120740,120780
2025-10-03T04:30:00+09:00,120810,121010,120780,120780
2025-10-03T04:45:00+09:00,120770,120910,120630,120890
2025-10-03T05:00:00+09:00,120880,120950,120730,120740
2025-10-03T05:15:00+09:00,120730,120810,120540,120620
2025-10-03T05:30:00+09:00,120610,120610,120390,120520
2025-10-03T05:45:00+09:00,120520,120680,120480,120680
2025-10-03T06:00:00+09:00,120680,120770,120610,120750
2025-10-03T06:15:00+09:00,120770,120770,120490,120490
2025-10-03T06:30:00+09:00,120490,120490,120260,120300
2025-10-03T06:45:00+09:00,120310,120410,120210,120210
2025-10-03T07:00:00+09:00,120210,120410,120170,120410
2025-10-03T07:15:00+09:00,120420,120420,120280,120360
2025-10-03T07:30:00+09:00,120360,120420,120210,120220
2025-10-03T07:45:00+09:00,120220,120260,120130,120260
2025-10-03T08:00:00+09:00,120260,120490,120260,120490
2025-10-03T08:15:00+09:00,120500,120660,120440,120580
2025-10-03T08:30:00+09:00,120570,120630,120360,120360
2025-10-03T08:45:00+09:00,120370,120600,120340,120570
2025-10-03T09:00:00+09:00,120530,120560,120180,120210
2025-10-03T09:15:00+09:00,120210,120320,120170,120320
2025-10-03T09:30:00+09:00,120310,120310,120210,120230
2025-10-03T09:45:00+09:00,120260,120280,120170,120170
2025-10-03T10:00:00+09:00,120180,120300,120130,120260
2025-10-03T10:15:00+09:00,120260,120300,120080,120150
2025-10-03T10:30:00+09:00,120170,120190,120120,120150
2025-10-03T10:45:00+09:00,120150,120150,119880,119900
2025-10-03T11:00:00+09:00,119900,120140,119900,120120
2025-10-03T11:15:00+09:00,120150,120180,120030,120030
2025-10-03T11:30:00+09:00,120040,120110,120000,120110
2025-10-03T11:45:00+09:00,120110,120270,120100,120210
2025-10-03T12:00:00+09:00,120210,120490,120200,120350
2025-10-03T12:15:00+09:00,120360,120450,120230,120230
2025-10-03T12:30:00+09:00,120230,120460,120230,120440
2025-10-03T12:45:00+09:00,120400,120410,120260,120270
2025-10-03T13:00:00+09:00,120280,120340,120250,120270
2025-10-03T13:15:00+09:00,120290,120330,120240,120270
2025-10-03T13:30:00+09:00,120260,120260,120070,120070
2025-10-03T13:45:00+09:00,120080,120210,120080,120090
2025-10-03T14:00:00+09:00,120090,120120,119990,120040
2025-10-03T14:15:00+09:00,120040,120090,120030,120080
2025-10-03T14:30:00+09:00,120060,120070,119910,119910
2025-10-03T14:45:00+09:00,119910,119970,119810,119970
2025-10-03T15:00:00+09:00,119970,120100,119850,120100
2025-10-03T15:15:00+09:00,120100,120100,120020,120020
2025-10-03T15:30:00+09:00,120020,120060,119980,119980
2025-10-03T15:45:00+09:00,120000,120000,119870,119950
2025-10-03T16:00:00+09:00,119950,120060,119850,119930
2025-10-03T16:15:00+09:00,119920,119950,119870,119870
2025-10-03T16:30:00+09:00,119870,119870,119730,119730
2025-10-03T16:45:00+09:00,119730,119810,119730,119740
2025-10-03T17:00:00+09:00,119750,119790,119560,119570
2025-10-03T17:15:00+09:00,119570,119700,119340,119700
2025-10-03T17:30:00+09:00,119700,119990,119700,119980
2025-10-03T17:45:00+09:00,119980,120100,119930,120100
2025-10-03T18:00:00+09:00,120100,120270,120100,120140
2025-10-03T18:15:00+09:00,120130,120410,120090,120400
2025-10-03T18:30:00+09:00,120410,120410,120250,120270
2025-10-03T18:45:00+09:00,120290,120420,120280,120420
2025-10-03T19:00:00+09:00,120410,120420,120380,120410
2025-10-03T19:15:00+09:00,120410,120570,120410,120570
2025-10-03T19:30:00+09:00,120560,120590,120430,120590
2025-10-03T19:45:00+09:00,120580,120590,120490,120530
2025-10-03T20:00:00+09:00,120540,120560,120370,120370
2025-10-03T20:15:00+09:00,120360,120440,120220,120360
2025-10-03T20:30:00+09:00,120360,120420,120280,120420
2025-10-03T20:45:00+09:00,120420,120510,120400,120430
2025-10-03T21:00:00+09:00,120440,120460,120380,120430
2025-10-03T21:15:00+09:00,120430,120450,120300,120300
2025-10-03T21:30:00+09:00,120300,120360,120200,120330
2025-10-03T21:45:00+09:00,120320,120440,120320,120440
2025-10-03T22:00:00+09:00,120440,120440,120280,120350
2025-10-03T22:15:00+09:00,120340,120600,120300,120590
2025-10-03T22:30:00+09:00,120570,120770,120230,120370
2025-10-03T22:45:00+09:00,120350,120610,120350,120440
2025-10-03T23:00:00+09:00,120450,120450,120220,120220
2025-10-03T23:15:00+09:00,120220,120500,120000,120500
2025-10-03T23:30:00+09:00,120500,120790,120410,120680
2025-10-03T23:45:00+09:00,120680,121000,120680,120960
2025-10-04T00:00:00+09:00,120990,120990,120720,120960
2025-10-04T00:15:00+09:00,120960,121500,120960,121390
2025-10-04T00:30:00+09:00,121420,121820,121420,121740
2025-10-04T00:45:00+09:00,121760,122400,121720,122390
2025-10-04T01:00:00+09:00,122400,123340,122400,123190
2025-10-04T01:15:00+09:00,123210,123820,123030,123700
2025-10-04T01:30:00+09:00,123700,123890,123610,123810
2025-10-04T01:45:00+09:00,123810,123870,122500,122510
2025-10-04T02:00:00+09:00,122540,123120,121720,123040
2025-10-04T02:15:00+09:00,122990,122990,122330,122590
2025-10-04T02:30:00+09:00,122540,122970,122360,122590
2025-10-04T02:45:00+09:00,122600,122610,121700,122140
2025-10-04T03:00:00+09:00,122100,122150,121560,122090
2025-10-04T03:15:00+09:00,122050,122580,122050,122520
2025-10-04T03:30:00+09:00,122530,122710,122280,122670
2025-10-04T03:45:00+09:00,122660,122760,122380,122550
2025-10-04T04:00:00+09:00,122550,122570,122400,122490
2025-10-04T04:15:00+09:00,122490,122830,122490,122830
2025-10-04T04:30:00+09:00,122830,122940,122690,122760
2025-10-04T04:45:00+09:00,122760,122760,122590,122600
2025-10-04T05:00:00+09:00,122650,122650,122030,122090
2025-10-04T05:15:00+09:00,122090,122250,122060,122110
2025-10-04T05:30:00+09:00,122120,122640,122120,122630
2025-10-04T05:45:00+09:00,122640,122690,122500,122500
2025-10-04T06:00:00+09:00,122470,122470,122350,122420
2025-10-04T06:15:00+09:00,122410,122420,122290,122300
2025-10-04T06:30:00+09:00,122290,122310,122040,122140
2025-10-04T06:45:00+09:00,122150,122380,122000,122330
2025-10-04T07:00:00+09:00,122330,122450,122320,122430
2025-10-04T07:15:00+09:00,122430,122500,122420,122460
2025-10-04T07:30:00+09:00,122460,122620,122460,122580
2025-10-04T07:45:00+09:00,122580,122600,122420,122470
2025-10-04T08:00:00+09:00,122460,122470,122250,122280
2025-10-04T08:15:00+09:00,122270,122310,122250,122250
2025-10-04T08:30:00+09:00,122250,122300,122190,122260
2025-10-04T08:45:00+09:00,122270,122270,122130,122160
2025-10-04T09:00:00+09:00,122180,122230,122060,122150
2025-10-04T09:15:00+09:00,122170,122260,122140,122180
2025-10-04T09:30:00+09:00,122170,122170,122000,122030
2025-10-04T09:45:00+09:00,122030,122080,122000,122050
2025-10-04T10:00:00+09:00,122040,122080,122000,122030
2025-10-04T10:15:00+09:00,122060,122060,121960,121960
2025-10-04T10:30:00+09:00,121950,122000,121840,121870
2025-10-04T10:45:00+09:00,121860,121860,121700,121820
2025-10-04T11:00:00+09:00,121830,122010,121780,121780
2025-10-04T11:15:00+09:00,121860,121860,121650,121800
2025-10-04T11:30:00+09:00,121800,121800,121670,121730
2025-10-04T11:45:00+09:00,121730,121910,121700,121810
2025-10-04T12:00:00+09:00,121850,121870,121800,121840
2025-10-04T12:15:00+09:00,121860,122010,121860,122010
2025-10-04T12:30:00+09:00,122010,122050,122000,122020
2025-10-04T12:45:00+09:00,122020,122230,122000,122190
2025-10-04T13:00:00+09:00,122220,122290,122210,122250
2025-10-04T13:15:00+09:00,122240,122360,122200,122310
2025-10-04T13:30:00+09:00,122300,122450,122240,122440
2025-10-04T13:45:00+09:00,122430,122500,122400,122480
2025-10-04T14:00:00+09:00,122460,122680,122420,122650
2025-10-04T14:15:00+09:00,122640,122760,122580,122650
2025-10-04T14:30:00+09:00,122650,122670,122470,122470
2025-10-04T14:45:00+09:00,122470,122550,122400,122480
2025-10-04T15:00:00+09:00,122480,122500,122360,122380
2025-10-04T15:15:00+09:00,122390,122570,122390,122500
2025-10-04T15:30:00+09:00,122500,122540,122470,122490
2025-10-04T15:45:00+09:00,122500,122500,122410,122410
2025-10-04T16:00:00+09:00,122430,122430,122360,122420
2025-10-04T16:15:00+09:00,122420,122420,122300,122350
2025-10-04T16:30:00+09:00,122360,122390,122290,122300
2025-10-04T16:45:00+09:00,122300,122320,122250,122320
2025-10-04T17:00:00+09:00,122310,122520,122310,122510
2025-10-04T17:15:00+09:00,122500,122500,122400,122460
2025-10-04T17:30:00+09:00,122430,122430,122220,122220
2025-10-04T17:45:00+09:00,122220,122300,122210,122260
2025-10-04T18:00:00+09:00,122270,122380,122260,122380
2025-10-04T18:15:00+09:00,122390,122410,122330,122350
2025-10-04T18:30:00+09:00,122350,122350,122280,122310
2025-10-04T18:45:00+09:00,122310,122310,122190,122190
2025-10-04T19:00:00+09:00,122190,122250,122190,122210
2025-10-04T19:15:00+09:00,122210,122300,122210,122300
2025-10-04T19:30:00+09:00,122290,122310,122190,122190
2025-10-04T19:45:00+09:00,122210,122210,122110,122110
2025-10-04T20:00:00+09:00,122120,122200,122030,122030
2025-10-04T20:15:00+09:00,122030,122100,121990,122100
2025-10-04T20:30:00+09:00,122080,122110,122020,122090
2025-10-04T20:45:00+09:00,122070,122070,121980,122000
2025-10-04T21:00:00+09:00,121990,122110,121960,122090
2025-10-04T21:15:00+09:00,122080,122090,122030,122070
2025-10-04T21:30:00+09:00,122050,122060,121990,122030
2025-10-04T21:45:00+09:00,122010,122020,121960,122000
2025-10-04T22:00:00+09:00,122010,122470,121990,122380
2025-10-04T22:15:00+09:00,122390,122430,122290,122320
2025-10-04T22:30:00+09:00,122310,122450,122310,122410
2025-10-04T22:45:00+09:00,122410,122430,122370,122370
2025-10-04T23:00:00+09:00,122370,122380,122290,122380
2025-10-04T23:15:00+09:00,122400,122430,122300,122300
2025-10-04T23:30:00+09:00,122310,122310,122220,122260
2025-10-04T23:45:00+09:00,122260,122260,122000,122000
2025-10-05T00:00:00+09:00,122000,122070,121940,121940
2025-10-05T00:15:00+09:00,121940,121960,121740,121750
2025-10-05T00:30:00+09:00,121740,121870,121720,121870
2025-10-05T00:45:00+09:00,121880,121980,121780,121780
2025-10-05T01:00:00+09:00,121790,121920,121650,121660
2025-10-05T01:15:00+09:00,121660,121700,121640,121670
2025-10-05T01:30:00+09:00,121690,121850,121690,121790
2025-10-05T01:45:00+09:00,121830,121830,121640,121680
2025-10-05T02:00:00+09:00,121700,121820,121700,121810
2025-10-05T02:15:00+09:00,121810,121850,121760,121850
2025-10-05T02:30:00+09:00,121850,121880,121740,121740
2025-10-05T02:45:00+09:00,121730,121730,121700,121720
2025-10-05T03:00:00+09:00,121730,121810,121730,121750
2025-10-05T03:15:00+09:00,121750,121780,121740,121740
2025-10-05T03:30:00+09:00,121750,121750,121640,121690
2025-10-05T03:45:00+09:00,121680,121680,121560,121570
2025-10-05T04:00:00+09:00,121590,121800,121590,121790
2025-10-05T04:15:00+09:00,121800,121860,121760,121860
2025-10-05T04:30:00+09:00,121870,121950,121870,121930
2025-10-05T04:45:00+09:00,121920,121930,121920,121930
2025-10-05T05:00:00+09:00,121930,122050,121900,121950
2025-10-05T05:15:00+09:00,121950,122050,121950,122050
2025-10-05T05:30:00+09:00,122050,122060,121980,122050
2025-10-05T05:45:00+09:00,122030,122050,121920,121920
2025-10-05T06:00:00+09:00,121920,122090,121890,122090
2025-10-05T06:15:00+09:00,122100,122290,122090,122290
2025-10-05T06:30:00+09:00,122290,122310,122240,122300
2025-10-05T06:45:00+09:00,122310,122310,122170,122170
2025-10-05T07:00:00+09:00,122170,122200,122120,122170
2025-10-05T07:15:00+09:00,122170,122240,122170,122220
2025-10-05T07:30:00+09:00,122240,122310,122230,122250
2025-10-05T07:45:00+09:00,122280,122310,122210,122270
2025-10-05T08:00:00+09:00,122270,122270,122220,122220
2025-10-05T08:15:00+09:00,122220,122220,122180,122190
2025-10-05T08:30:00+09:00,122200,122310,122200,122310
2025-10-05T08:45:00+09:00,122320,122380,122320,122360
2025-10-05T09:00:00+09:00,122360,122380,122240,122240
2025-10-05T09:15:00+09:00,122250,122390,122250,122390
2025-10-05T09:30:00+09:00,122380,122390,122250,122250
2025-10-05T09:45:00+09:00,122250,122260,122140,122140
2025-10-05T10:00:00+09:00,122140,122290,122140,122290
2025-10-05T10:15:00+09:00,122290,122290,122130,122260
2025-10-05T10:30:00+09:00,122250,122380,122240,122380
2025-10-05T10:45:00+09:00,122370,122380,122300,122360
2025-10-05T11:00:00+09:00,122370,122390,122330,122380
2025-10-05T11:15:00+09:00,122380,122810,122380,122770
2025-10-05T11:30:00+09:00,122830,124280,122710,123640
2025-10-05T11:45:00+09:00,123680,124140,123620,124140
2025-10-05T12:00:00+09:00,124060,124130,123720,123720
2025-10-05T12:15:00+09:00,123710,123830,123430,123830
2025-10-05T12:30:00+09:00,123850,124200,123850,124050
2025-10-05T12:45:00+09:00,124060,124130,123770,123870
2025-10-05T13:00:00+09:00,123830,124090,123830,123910
2025-10-05T13:15:00+09:00,123940,124090,123910,124080
2025-10-05T13:30:00+09:00,124080,124470,124070,124340
2025-10-05T13:45:00+09:00,124330,125710,124330,125250
2025-10-05T14:00:00+09:00,125210,125430,124920,125240
2025-10-05T14:15:00+09:00,125240,125390,124930,125380
2025-10-05T14:30:00+09:00,125390,125390,125160,125170
2025-10-05T14:45:00+09:00,125160,125160,124940,125090
2025-10-05T15:00:00+09:00,125120,125190,124950,125070
2025-10-05T15:15:00+09:00,125070,125070,124780,124970
2025-10-05T15:30:00+09:00,124980,125030,124820,125030
2025-10-05T15:45:00+09:00,125020,125150,124940,124980
2025-10-05T16:00:00+09:00,124980,125020,124860,124990
2025-10-05T16:15:00+09:00,124990,125100,124790,124790
2025-10-05T16:30:00+09:00,124790,124810,124640,124670
2025-10-05T16:45:00+09:00,124680,124880,124670,124670
2025-10-05T17:00:00+09:00,124680,124750,124540,124630
2025-10-05T17:15:00+09:00,124640,124780,124630,124690
2025-10-05T17:30:00+09:00,124680,124710,124600,124650
2025-10-05T17:45:00+09:00,124650,124660,124570,124570
2025-10-05T18:00:00+09:00,124580,124640,124440,124440
2025-10-05T18:15:00+09:00,124430,124430,124000,124010
2025-10-05T18:30:00+09:00,124000,124000,122940,123000
2025-10-05T18:45:00+09:00,123000,123270,122830,123060
2025-10-05T19:00:00+09:00,123070,123070,122570,122900
2025-10-05T19:15:00+09:00,122890,123130,122890,123060
2025-10-05T19:30:00+09:00,123060,123060,122720,122880
2025-10-05T19:45:00+09:00,122890,123130,122890,123130
2025-10-05T20:00:00+09:00,123110,123280,122850,122880
2025-10-05T20:15:00+09:00,122920,123450,122920,123380
2025-10-05T20:30:00+09:00,123400,123400,123230,123340
2025-10-05T20:45:00+09:00,123370,123580,123370,123500
2025-10-05T21:00:00+09:00,123500,123500,123000,123180
2025-10-05T21:15:00+09:00,123170,123260,123130,123190
2025-10-05T21:30:00+09:00,123170,123200,123010,123080
2025-10-05T21:45:00+09:00,123100,123250,123100,123180
2025-10-05T22:00:00+09:00,123130,123320,123130,123280
2025-10-05T22:15:00+09:00,123280,123330,123230,123320
2025-10-05T22:30:00+09:00,123310,123380,123270,123310
2025-10-05T22:45:00+09:00,123300,123300,123190,123190
2025-10-05T23:00:00+09:00,123190,123350,123190,123310
2025-10-05T23:15:00+09:00,123310,123320,123180,123240
2025-10-05T23:30:00+09:00,123260,123260,122810,122920
2025-10-05T23:45:00+09:00,122930,123090,122910,123060
2025-10-06T00:00:00+09:00,123070,123070,122870,122950
2025-10-06T00:15:00+09:00,122980,123040,122900,122900
2025-10-06T00:30:00+09:00,122900,122940,122720,122800
2025-10-06T00:45:00+09:00,122800,122870,122800,122860
2025-10-06T01:00:00+09:00,122860,123120,122840,123090
2025-10-06T01:15:00+09:00,123090,123090,123020,123040
2025-10-06T01:30:00+09:00,123010,123140,122970,123090
2025-10-06T01:45:00+09:00,123040,123320,122340,123320
2025-10-06T02:00:00+09:00,123330,123490,123220,123270
2025-10-06T02:15:00+09:00,123280,123390,123190,123220
2025-10-06T02:30:00+09:00,123210,123210,122980,123130
2025-10-06T02:45:00+09:00,123150,123150,123050,123080
2025-10-06T03:00:00+09:00,123080,123170,122940,123090
2025-10-06T03:15:00+09:00,123080,123090,123010,123070
2025-10-06T03:30:00+09:00,123070,123200,123030,123030
2025-10-06T03:45:00+09:00,123030,123080,123010,123010
2025-10-06T04:00:00+09:00,123030,123030,122640,122800
2025-10-06T04:15:00+09:00,122800,122940,122750,122890
2025-10-06T04:30:00+09:00,122870,122910,122730,122800
2025-10-06T04:45:00+09:00,122760,122760,122580,122600
2025-10-06T05:00:00+09:00,122610,122750,122560,122730
2025-10-06T05:15:00+09:00,122740,122790,122700,122720
2025-10-06T05:30:00+09:00,122720,123060,122720,122940
2025-10-06T05:45:00+09:00,122960,122960,122790,122790
2025-10-06T06:00:00+09:00,122780,122780,122550,122600
2025-10-06T06:15:00+09:00,122620,122800,122620,122710
2025-10-06T06:30:00+09:00,122720,122720,122580,122700
2025-10-06T06:45:00+09:00,122680,122780,122680,122730
2025-10-06T07:00:00+09:00,122770,123120,122770,122950
2025-10-06T07:15:00+09:00,122960,123340,122960,123220
2025-10-06T07:30:00+09:00,123220,123230,123090,123180
2025-10-06T07:45:00+09:00,123180,123270,123140,123270
2025-10-06T08:00:00+09:00,123270,123480,123270,123480
2025-10-06T08:15:00+09:00,123490,123490,123450,123480
2025-10-06T08:30:00+09:00,123490,123500,123490,123500
2025-10-06T08:45:00+09:00,123500,123500,123460,123480
2025-10-06T09:00:00+09:00,123490,123510,123440,123510
2025-10-06T09:15:00+09:00,123520,124380,123520,123670
2025-10-06T09:30:00+09:00,123730,123860,123530,123670
2025-10-06T09:45:00+09:00,123710,123720,123170,123430
2025-10-06T10:00:00+09:00,123440,123660,123310,123600
2025-10-06T10:15:00+09:00,123570,124000,123440,123850
2025-10-06T10:30:00+09:00,123910,124270,123860,123930
2025-10-06T10:45:00+09:00,123890,124110,123840,124090
2025-10-06T11:00:00+09:00,124090,124170,123850,123900
2025-10-06T11:15:00+09:00,123900,124090,123870,123890
2025-10-06T11:30:00+09:00,123890,123940,123530,123850
2025-10-06T11:45:00+09:00,123850,124200,123850,124100
2025-10-06T12:00:00+09:00,124100,124100,123920,123970
2025-10-06T12:15:00+09:00,123980,124010,123860,123880
2025-10-06T12:30:00+09:00,123880,123930,123820,123840
2025-10-06T12:45:00+09:00,123840,123850,123700,123790
2025-10-06T13:00:00+09:00,123790,123840,123660,123840
2025-10-06T13:15:00+09:00,123840,123920,123840,123880
2025-10-06T13:30:00+09:00,123910,123910,123590,123610
2025-10-06T13:45:00+09:00,123640,123700,123550,123590
2025-10-06T14:00:00+09:00,123570,123570,123280,123300
2025-10-06T14:15:00+09:00,123310,123560,123310,123550
2025-10-06T14:30:00+09:00,123550,123550,123430,123460
2025-10-06T14:45:00+09:00,123470,123670,123460,123550
2025-10-06T15:00:00+09:00,123550,123790,123550,123750
2025-10-06T15:15:00+09:00,123770,123820,123640,123810
2025-10-06T15:30:00+09:00,123830,124090,123830,123980
2025-10-06T15:45:00+09:00,123970,123980,123800,123880
2025-10-06T16:00:00+09:00,123880,123960,123820,123960
2025-10-06T16:15:00+09:00,123970,123970,123800,123800
2025-10-06T16:30:00+09:00,123810,123810,123400,123410
2025-10-06T16:45:00+09:00,123450,123480,123310,123420
2025-10-06T17:00:00+09:00,123390,123670,123390,123630
2025-10-06T17:15:00+09:00,123610,123780,123580,123780
2025-10-06T17:30:00+09:00,123760,123850,123670,123670
2025-10-06T17:45:00+09:00,123690,123870,123690,123840
2025-10-06T18:00:00+09:00,123860,124050,123860,123960
2025-10-06T18:15:00+09:00,123950,123950,123870,123890
2025-10-06T18:30:00+09:00,123890,123920,123800,123800
2025-10-06T18:45:00+09:00,123800,124020,123790,123920
2025-10-06T19:00:00+09:00,123960,124070,123910,123960
2025-10-06T19:15:00+09:00,123970,124130,123930,124120
2025-10-06T19:30:00+09:00,124120,124120,124050,124070
2025-10-06T19:45:00+09:00,124070,124120,123970,123970
2025-10-06T20:00:00+09:00,123980,123990,123780,123780
2025-10-06T20:15:00+09:00,123780,124390,123770,124360
2025-10-06T20:30:00+09:00,124330,124500,124110,124330
2025-10-06T20:45:00+09:00,124340,124420,124190,124230
2025-10-06T21:00:00+09:00,124240,124490,124190,124460
2025-10-06T21:15:00+09:00,124460,124720,124400,124410
2025-10-06T21:30:00+09:00,124410,124440,124280,124320
2025-10-06T21:45:00+09:00,124330,124560,124330,124540
2025-10-06T22:00:00+09:00,124540,124790,124540,124660
2025-10-06T22:15:00+09:00,124640,124890,124560,124870
2025-10-06T22:30:00+09:00,124870,124920,124470,124480
2025-10-06T22:45:00+09:00,124530,125110,124430,125050
2025-10-06T23:00:00+09:00,125060,125310,124940,124950
2025-10-06T23:15:00+09:00,124950,125110,124550,124880
2025-10-06T23:30:00+09:00,124880,125020,124600,124730
2025-10-06T23:45:00+09:00,124720,124870,124310,124490
2025-10-07T00:00:00+09:00,124490,124700,124490,124690
2025-10-07T00:15:00+09:00,124710,125390,124710,125170
2025-10-07T00:30:00+09:00,125170,125200,124980,125030
2025-10-07T00:45:00+09:00,125060,125160,124980,124990
2025-10-07T01:00:00+09:00,124990,125050,124760,124850
2025-10-07T01:15:00+09:00,124850,125000,124800,124870
2025-10-07T01:30:00+09:00,124870,125240,124870,125200
2025-10-07T01:45:00+09:00,125200,125450,125100,125450
2025-10-07T02:00:00+09:00,125450,125550,125190,125410
2025-10-07T02:15:00+09:00,125400,125710,125390,125620
2025-10-07T02:30:00+09:00,125620,125680,125100,125160
2025-10-07T02:45:00+09:00,125130,125470,125100,125260
2025-10-07T03:00:00+09:00,125250,125270,125040,125210
2025-10-07T03:15:00+09:00,125210,125350,125110,125170
2025-10-07T03:30:00+09:00,125180,125410,125170,125410
2025-10-07T03:45:00+09:00,125400,126110,125390,126000
2025-10-07T04:00:00+09:00,125990,126100,125600,125600
2025-10-07T04:15:00+09:00,125630,125810,125230,125640
2025-10-07T04:30:00+09:00,125640,125740,125210,125290
2025-10-07T04:45:00+09:00,125290,125470,125230,125370
2025-10-07T05:00:00+09:00,125390,125490,125270,125340
2025-10-07T05:15:00+09:00,125330,125330,125030,125110
2025-10-07T05:30:00+09:00,125090,125310,125070,125190
2025-10-07T05:45:00+09:00,125190,125300,125170,125190
2025-10-07T06:00:00+09:00,125230,125270,125080,125080
2025-10-07T06:15:00+09:00,125070,125070,124540,124800
2025-10-07T06:30:00+09:00,124810,125010,124650,124950
2025-10-07T06:45:00+09:00,124960,125040,124860,125040
2025-10-07T07:00:00+09:00,125050,125210,125030,125120
2025-10-07T07:15:00+09:00,125120,125240,125120,125160
2025-10-07T07:30:00+09:00,125110,125110,124750,124830
2025-10-07T07:45:00+09:00,124840,125050,124840,124990
2025-10-07T08:00:00+09:00,125020,125060,124840,124860
2025-10-07T08:15:00+09:00,124840,124840,124640,124790
2025-10-07T08:30:00+09:00,124790,124830,124750,124760
2025-10-07T08:45:00+09:00,124760,124780,124640,124680
2025-10-07T09:00:00+09:00,124680,124800,124630,124740
2025-10-07T09:15:00+09:00,124740,124810,124610,124660
2025-10-07T09:30:00+09:00,124650,124810,124600,124810
2025-10-07T09:45:00+09:00,124820,124900,124790,124860
2025-10-07T10:00:00+09:00,124860,125030,124850,124880
2025-10-07T10:15:00+09:00,124880,124880,124500,124660
2025-10-07T10:30:00+09:00,124660,124760,124520,124740
2025-10-07T10:45:00+09:00,124740,124770,124560,124640
2025-10-07T11:00:00+09:00,124640,124670,124540,124540
2025-10-07T11:15:00+09:00,124550,124580,124160,124580
2025-10-07T11:30:00+09:00,124590,124600,124380,124470
2025-10-07T11:45:00+09:00,124470,124540,124300,124330
2025-10-07T12:00:00+09:00,124300,124530,124290,124530
2025-10-07T12:15:00+09:00,124520,124520,124100,124130
2025-10-07T12:30:00+09:00,124140,124270,124100,124230
2025-10-07T12:45:00+09:00,124220,124300,124220,124280
2025-10-07T13:00:00+09:00,124290,124290,124120,124130
2025-10-07T13:15:00+09:00,124140,124350,124090,124350
2025-10-07T13:30:00+09:00,124360,124600,124360,124530
2025-10-07T13:45:00+09:00,124550,124550,124460,124460
2025-10-07T14:00:00+09:00,124470,124480,124230,124450
2025-10-07T14:15:00+09:00,124440,124520,124340,124500
2025-10-07T14:30:00+09:00,124500,124620,124430,124500
2025-10-07T14:45:00+09:00,124520,124520,124270,124350
2025-10-07T15:00:00+09:00,124350,124400,124260,124290
2025-10-07T15:15:00+09:00,124290,124300,123910,123910
2025-10-07T15:30:00+09:00,123910,124020,123810,123880
2025-10-07T15:45:00+09:00,123860,123990,123860,123960
2025-10-07T16:00:00+09:00,123910,124010,123860,123860
2025-10-07T16:15:00+09:00,123860,123860,123670,123830
2025-10-07T16:30:00+09:00,123850,123850,123630,123700
2025-10-07T16:45:00+09:00,123690,123700,123660,123700
2025-10-07T17:00:00+09:00,123680,123690,123570,123580
2025-10-07T17:15:00+09:00,123610,123730,123410,123710
2025-10-07T17:30:00+09:00,123710,123840,123490,123830
2025-10-07T17:45:00+09:00,123840,123990,123830,123900
2025-10-07T18:00:00+09:00,123900,124200,123900,124200
2025-10-07T18:15:00+09:00,124170,124170,124060,124120
2025-10-07T18:30:00+09:00,124130,124250,124120,124120
2025-10-07T18:45:00+09:00,124120,124210,124110,124140
2025-10-07T19:00:00+09:00,124130,124320,124040,124320
2025-10-07T19:15:00+09:00,124320,124360,124210,124260
2025-10-07T19:30:00+09:00,124260,124360,124190,124280
2025-10-07T19:45:00+09:00,124280,124340,124220,124280
2025-10-07T20:00:00+09:00,124270,124300,124150,124150
2025-10-07T20:15:00+09:00,124170,124370,124150,124370
2025-10-07T20:30:00+09:00,124370,124500,124300,124360
2025-10-07T20:45:00+09:00,124360,124500,124350,124440
2025-10-07T21:00:00+09:00,124440,124540,124410,124450
2025-10-07T21:15:00+09:00,124450,124470,124380,124400
2025-10-07T21:30:00+09:00,124400,124550,124340,124540
2025-10-07T21:45:00+09:00,124550,125070,124550,124950
2025-10-07T22:00:00+09:00,124910,125000,124690,124750
2025-10-07T22:15:00+09:00,124740,124790,124600,124760
2025-10-07T22:30:00+09:00,124750,124750,123670,123750
2025-10-07T22:45:00+09:00,123740,123930,123390,123920
2025-10-07T23:00:00+09:00,123890,123900,122730,122800
2025-10-07T23:15:00+09:00,122800,123270,122740,122880
2025-10-07T23:30:00+09:00,122880,122990,122590,122740
2025-10-07T23:45:00+09:00,122740,122970,122610,122720
2025-10-08T00:00:00+09:00,122730,122800,121700,121980
2025-10-08T00:15:00+09:00,121920,122400,121900,122150
2025-10-08T00:30:00+09:00,122150,122150,121090,121760
2025-10-08T00:45:00+09:00,121720,121850,121140,121850
2025-10-08T01:00:00+09:00,121840,121850,121450,121520
2025-10-08T01:15:00+09:00,121520,121640,120850,121140
2025-10-08T01:30:00+09:00,121150,121830,121150,121740
2025-10-08T01:45:00+09:00,121740,122110,121700,121710
2025-10-08T02:00:00+09:00,121720,121840,121390,121530
2025-10-08T02:15:00+09:00,121530,121560,121290,121290
2025-10-08T02:30:00+09:00,121300,121470,121260,121410
2025-10-08T02:45:00+09:00,121420,121600,121160,121220
2025-10-08T03:00:00+09:00,121200,121370,120950,121310
2025-10-08T03:15:00+09:00,121270,121270,120660,120810
2025-10-08T03:30:00+09:00,120810,120990,120700,120890
2025-10-08T03:45:00+09:00,120900,121040,120890,120980
2025-10-08T04:00:00+09:00,120980,121620,120970,121530
2025-10-08T04:15:00+09:00,121550,121640,121350,121390
2025-10-08T04:30:00+09:00,121380,121620,121380,121480
2025-10-08T04:45:00+09:00,121510,122110,121480,121710
2025-10-08T05:00:00+09:00,121710,122230,121710,122210
2025-10-08T05:15:00+09:00,122150,122240,122080,122240
2025-10-08T05:30:00+09:00,122240,122260,122140,122150
2025-10-08T05:45:00+09:00,122170,122230,122030,122030
2025-10-08T06:00:00+09:00,122020,122250,121890,122100
2025-10-08T06:15:00+09:00,122090,122340,122030,122320
2025-10-08T06:30:00+09:00,122310,122310,121950,122100
2025-10-08T06:45:00+09:00,122060,122100,121910,122100
2025-10-08T07:00:00+09:00,122070,122080,121910,122080
2025-10-08T07:15:00+09:00,122090,122210,121990,122000
2025-10-08T07:30:00+09:00,122010,122090,121920,121990
2025-10-08T07:45:00+09:00,122010,122050,122010,122050
2025-10-08T08:00:00+09:00,122040,122040,121890,121900
2025-10-08T08:15:00+09:00,121900,121950,121700,121740
2025-10-08T08:30:00+09:00,121730,121730,121500,121520
2025-10-08T08:45:00+09:00,121540,121600,121390,121450
2025-10-08T09:00:00+09:00,121440,121700,121440,121630
2025-10-08T09:15:00+09:00,121630,121850,121630,121710
2025-10-08T09:30:00+09:00,121710,122030,121390,122000
2025-10-08T09:45:00+09:00,122010,122160,121920,122050
2025-10-08T10:00:00+09:00,122030,122090,121820,121860
2025-10-08T10:15:00+09:00,121810,122160,121750,121950
2025-10-08T10:30:00+09:00,121940,122050,121900,121910
2025-10-08T10:45:00+09:00,121930,122080,121930,122040
2025-10-08T11:00:00+09:00,122030,122120,121980,122100
2025-10-08T11:15:00+09:00,122090,122320,122090,122320
2025-10-08T11:30:00+09:00,122330,122330,122010,122010
2025-10-08T11:45:00+09:00,122060,122210,122010,122170
2025-10-08T12:00:00+09:00,122160,122160,121870,121880
2025-10-08T12:15:00+09:00,121880,121940,121580,121640
2025-10-08T12:30:00+09:00,121610,121610,121500,121500
2025-10-08T12:45:00+09:00,121500,121590,121420,121550
2025-10-08T13:00:00+09:00,121540,121610,121270,121520
2025-10-08T13:15:00+09:00,121520,121750,121520,121630
2025-10-08T13:30:00+09:00,121630,121960,121630,121770
2025-10-08T13:45:00+09:00,121800,122070,121800,122070
2025-10-08T14:00:00+09:00,122030,122030,121850,121910
2025-10-08T14:15:00+09:00,121920,121950,121480,121500
2025-10-08T14:30:00+09:00,121550,121670,121480,121480
2025-10-08T14:45:00+09:00,121480,121520,121350,121520
2025-10-08T15:00:00+09:00,121520,121560,121270,121520
2025-10-08T15:15:00+09:00,121490,121660,121360,121590
2025-10-08T15:30:00+09:00,121620,121760,121600,121760
2025-10-08T15:45:00+09:00,121770,122000,121770,121980
2025-10-08T16:00:00+09:00,121960,122020,121840,121840
2025-10-08T16:15:00+09:00,121870,121870,121730,121770
2025-10-08T16:30:00+09:00,121740,121740,121550,121670
2025-10-08T16:45:00+09:00,121680,121740,121550,121740
2025-10-08T17:00:00+09:00,121740,121960,121740,121760
2025-10-08T17:15:00+09:00,121750,122160,121730,121980
2025-10-08T17:30:00+09:00,122110,122990,122110,122950
2025-10-08T17:45:00+09:00,123000,123000,122590,122640
2025-10-08T18:00:00+09:00,122600,122810,122600,122760
2025-10-08T18:15:00+09:00,122700,122780,122670,122780
2025-10-08T18:30:00+09:00,122740,122740,122630,122630
2025-10-08T18:45:00+09:00,122650,122650,122590,122650
2025-10-08T19:00:00+09:00,122650,122960,122650,122740
2025-10-08T19:15:00+09:00,122750,122880,122750,122860
2025-10-08T19:30:00+09:00,122840,123230,122810,123200
2025-10-08T19:45:00+09:00,123180,123180,123100,123150
2025-10-08T20:00:00+09:00,123130,123250,123030,123250
2025-10-08T20:15:00+09:00,123220,123220,123030,123220
2025-10-08T20:30:00+09:00,123180,123190,123030,123030
2025-10-08T20:45:00+09:00,123030,123030,122940,122990
2025-10-08T21:00:00+09:00,123040,123160,122880,123160
2025-10-08T21:15:00+09:00,123120,123120,122810,122870
2025-10-08T21:30:00+09:00,122870,122870,122730,122790
2025-10-08T21:45:00+09:00,122790,122830,122690,122690
2025-10-08T22:00:00+09:00,122740,122880,122570,122780
2025-10-08T22:15:00+09:00,122780,122810,122650,122650
2025-10-08T22:30:00+09:00,122650,122750,121850,121960
2025-10-08T22:45:00+09:00,121900,122720,121810,122720
2025-10-08T23:00:00+09:00,122730,123410,122730,122980
2025-10-08T23:15:00+09:00,122940,123170,122590,122770
2025-10-08T23:30:00+09:00,122740,122930,122430,122570
2025-10-08T23:45:00+09:00,122540,122690,122240,122360
2025-10-09T00:00:00+09:00,122390,122680,122360,122520
2025-10-09T00:15:00+09:00,122570,122620,122300,122500
2025-10-09T00:30:00+09:00,122550,122550,122370,122450
2025-10-09T00:45:00+09:00,122430,122430,122060,122250
2025-10-09T01:00:00+09:00,122250,122740,122220,122740
2025-10-09T01:15:00+09:00,122750,122970,122680,122720
2025-10-09T01:30:00+09:00,122720,122740,122610,122740
2025-10-09T01:45:00+09:00,122740,123110,122740,123080
2025-10-09T02:00:00+09:00,123070,123700,123070,123690
2025-10-09T02:15:00+09:00,123700,124000,123620,123840
2025-10-09T02:30:00+09:00,123860,124000,123690,123800
2025-10-09T02:45:00+09:00,123830,124220,123800,124100
2025-10-09T03:00:00+09:00,124110,124200,123880,123950
2025-10-09T03:15:00+09:00,123950,123950,123660,123670
2025-10-09T03:30:00+09:00,123660,123790,123500,123630
2025-10-09T03:45:00+09:00,123640,123840,123530,123530
2025-10-09T04:00:00+09:00,123520,123530,123280,123330
2025-10-09T04:15:00+09:00,123310,123660,123210,123630
2025-10-09T04:30:00+09:00,123640,123760,123460,123500
2025-10-09T04:45:00+09:00,123480,123580,123460,123510
2025-10-09T05:00:00+09:00,123510,123510,123360,123500
2025-10-09T05:15:00+09:00,123500,123700,123500,123610
2025-10-09T05:30:00+09:00,123610,123610,123380,123380
2025-10-09T05:45:00+09:00,123380,123380,123000,123000
2025-10-09T06:00:00+09:00,123000,123180,122960,123150
2025-10-09T06:15:00+09:00,123160,123330,123160,123330
2025-10-09T06:30:00+09:00,123310,123380,123310,123370
2025-10-09T06:45:00+09:00,123370,123370,123260,123270
2025-10-09T07:00:00+09:00,123320,123450,123320,123420
2025-10-09T07:15:00+09:00,123420,123470,123390,123400
2025-10-09T07:30:00+09:00,123390,123410,123390,123410
2025-10-09T07:45:00+09:00,123400,123400,123310,123310
2025-10-09T08:00:00+09:00,123310,123310,123160,123220
2025-10-09T08:15:00+09:00,123230,123500,123230,123500
2025-10-09T08:30:00+09:00,123500,123580,123440,123440
2025-10-09T08:45:00+09:00,123440,123440,123400,123410
2025-10-09T09:00:00+09:00,123410,123410,123130,123140
2025-10-09T09:15:00+09:00,123190,123290,123160,123170
2025-10-09T09:30:00+09:00,123160,123160,123000,123100
2025-10-09T09:45:00+09:00,123040,123170,122970,122970
2025-10-09T10:00:00+09:00,122970,122970,122690,122740
2025-10-09T10:15:00+09:00,122730,122820,122580,122580
2025-10-09T10:30:00+09:00,122590,122600,122450,122450
2025-10-09T10:45:00+09:00,122450,122600,122450,122600
2025-10-09T11:00:00+09:00,122600,122600,122180,122380
2025-10-09T11:15:00+09:00,122370,122370,122070,122070
2025-10-09T11:30:00+09:00,122070,122150,121720,121820
2025-10-09T11:45:00+09:00,121820,121890,121610,121670
2025-10-09T12:00:00+09:00,121680,121990,121680,121920
2025-10-09T12:15:00+09:00,121920,122150,121920,122050
2025-10-09T12:30:00+09:00,122050,122090,122010,122010
2025-10-09T12:45:00+09:00,122020,122100,122010,122100
2025-10-09T13:00:00+09:00,122100,122150,121990,121990
2025-10-09T13:15:00+09:00,122020,122300,122020,122300
2025-10-09T13:30:00+09:00,122270,122270,122110,122120
2025-10-09T13:45:00+09:00,122120,122200,122120,122190
2025-10-09T14:00:00+09:00,122200,122240,122000,122000
2025-10-09T14:15:00+09:00,121990,122070,121990,122070
2025-10-09T14:30:00+09:00,122090,122170,121960,122040
2025-10-09T14:45:00+09:00,122050,122190,122040,122180
2025-10-09T15:00:00+09:00,122150,122150,122050,122050
2025-10-09T15:15:00+09:00,122040,122190,121970,122190
2025-10-09T15:30:00+09:00,122180,122240,122150,122190
2025-10-09T15:45:00+09:00,122200,122250,122010,122010
2025-10-09T16:00:00+09:00,122030,122150,122030,122060
2025-10-09T16:15:00+09:00,122110,122110,121920,121920
2025-10-09T16:30:00+09:00,121930,121970,121860,121860
2025-10-09T16:45:00+09:00,121860,122050,121860,122010
2025-10-09T17:00:00+09:00,122000,122020,121810,121860
2025-10-09T17:15:00+09:00,121860,121860,121270,121270
2025-10-09T17:30:00+09:00,121280,121650,121280,121400
2025-10-09T17:45:00+09:00,121410,121510,121230,121310
2025-10-09T18:00:00+09:00,121330,121700,121330,121670
2025-10-09T18:15:00+09:00,121660,121780,121580,121770
2025-10-09T18:30:00+09:00,121770,121850,121740,121740
2025-10-09T18:45:00+09:00,121730,121880,121710,121880
2025-10-09T19:00:00+09:00,121870,121960,121870,121940
2025-10-09T19:15:00+09:00,121940,121940,121760,121820
2025-10-09T19:30:00+09:00,121810,122340,121810,122320
2025-10-09T19:45:00+09:00,122300,122350,122200,122220
2025-10-09T20:00:00+09:00,122230,122380,122230,122300
2025-10-09T20:15:00+09:00,122310,122770,122310,122730
2025-10-09T20:30:00+09:00,122720,122850,122700,122850
2025-10-09T20:45:00+09:00,122830,122860,122790,122830
2025-10-09T21:00:00+09:00,122830,123150,122830,123090
2025-10-09T21:15:00+09:00,123070,123120,123040,123080
2025-10-09T21:30:00+09:00,123050,123760,123000,123590
2025-10-09T21:45:00+09:00,123590,123640,123400,123630
2025-10-09T22:00:00+09:00,123640,123640,123260,123260
2025-10-09T22:15:00+09:00,123280,123480,123280,123470
2025-10-09T22:30:00+09:00,123450,123450,122650,122700
2025-10-09T22:45:00+09:00,122770,123090,122360,122450
2025-10-09T23:00:00+09:00,122410,122600,121870,122540
2025-10-09T23:15:00+09:00,122550,122550,121630,121710
2025-10-09T23:30:00+09:00,121700,121830,121350,121360
2025-10-09T23:45:00+09:00,121380,121500,120900,121410
2025-10-10T00:00:00+09:00,121420,121750,121380,121390
2025-10-10T00:15:00+09:00,121380,121430,121070,121070
2025-10-10T00:30:00+09:00,121060,121070,120850,120850
2025-10-10T00:45:00+09:00,120850,121260,120760,121190
2025-10-10T01:00:00+09:00,121170,121420,121170,121330
2025-10-10T01:15:00+09:00,121290,121500,121130,121250
2025-10-10T01:30:00+09:00,121300,121320,120690,120900
2025-10-10T01:45:00+09:00,120900,120900,119760,119910
2025-10-10T02:00:00+09:00,119910,120370,119600,120260
2025-10-10T02:15:00+09:00,120250,120500,120190,120300
2025-10-10T02:30:00+09:00,120300,120610,120300,120530
2025-10-10T02:45:00+09:00,120520,121000,120510,121000
2025-10-10T03:00:00+09:00,121000,121060,120740,120850
2025-10-10T03:15:00+09:00,120860,120930,120620,120740
2025-10-10T03:30:00+09:00,120750,120760,120490,120660
2025-10-10T03:45:00+09:00,120620,120760,120500,120740
2025-10-10T04:00:00+09:00,120760,120970,120760,120970
2025-10-10T04:15:00+09:00,120990,121170,120920,121170
2025-10-10T04:30:00+09:00,121120,121160,120890,120890
2025-10-10T04:45:00+09:00,120900,121110,120900,120990
2025-10-10T05:00:00+09:00,120980,121150,120900,120900
2025-10-10T05:15:00+09:00,120910,121030,120910,120930
2025-10-10T05:30:00+09:00,120940,121060,120940,121060
2025-10-10T05:45:00+09:00,121060,121210,121000,121180
2025-10-10T06:00:00+09:00,121160,121420,121160,121420
2025-10-10T06:15:00+09:00,121420,121500,121400,121430
2025-10-10T06:30:00+09:00,121430,121560,121340,121500
2025-10-10T06:45:00+09:00,121510,121560,121390,121560
2025-10-10T07:00:00+09:00,121540,121600,121530,121550
2025-10-10T07:15:00+09:00,121590,121680,121590,121640
2025-10-10T07:30:00+09:00,121640,121760,121590,121750
2025-10-10T07:45:00+09:00,121770,121850,121750,121750
2025-10-10T08:00:00+09:00,121750,121750,121540,121570
2025-10-10T08:15:00+09:00,121560,121640,121490,121640
2025-10-10T08:30:00+09:00,121630,121630,121540,121580
2025-10-10T08:45:00+09:00,121610,121810,121610,121760
2025-10-10T09:00:00+09:00,121760,121840,121740,121770
2025-10-10T09:15:00+09:00,121770,121960,121770,121950
2025-10-10T09:30:00+09:00,121940,121940,121850,121860
2025-10-10T09:45:00+09:00,121810,121890,121760,121870
2025-10-10T10:00:00+09:00,121860,121970,121860,121880
2025-10-10T10:15:00+09:00,121860,121890,121800,121890
2025-10-10T10:30:00+09:00,121900,121910,121620,121680
2025-10-10T10:45:00+09:00,121670,121800,121650,121760
2025-10-10T11:00:00+09:00,121760,121760,121340,121380
2025-10-10T11:15:00+09:00,121380,121490,121380,121480
2025-10-10T11:30:00+09:00,121480,121480,121230,121370
2025-10-10T11:45:00+09:00,121370,121370,121000,121160
2025-10-10T12:00:00+09:00,121150,121170,121030,121120
2025-10-10T12:15:00+09:00,121180,121540,121180,121540
2025-10-10T12:30:00+09:00,121540,121630,121530,121600
2025-10-10T12:45:00+09:00,121610,121650,121180,121180
2025-10-10T13:00:00+09:00,121190,121480,121160,121450
2025-10-10T13:15:00+09:00,121450,121460,121320,121380
2025-10-10T13:30:00+09:00,121400,121420,121190,121210
2025-10-10T13:45:00+09:00,121210,121370,121210,121350
2025-10-10T14:00:00+09:00,121340,121340,121120,121230
2025-10-10T14:15:00+09:00,121240,121610,121240,121500
2025-10-10T14:30:00+09:00,121500,121570,121380,121570
2025-10-10T14:45:00+09:00,121570,121710,121560,121710
2025-10-10T15:00:00+09:00,121710,121840,121710,121720
2025-10-10T15:15:00+09:00,121720,121800,121680,121690
2025-10-10T15:30:00+09:00,121690,121850,121650,121840
2025-10-10T15:45:00+09:00,121840,121840,121450,121550
2025-10-10T16:00:00+09:00,121540,121540,121400,121460
2025-10-10T16:15:00+09:00,121450,121530,121400,121500
2025-10-10T16:30:00+09:00,121490,121490,121310,121310
2025-10-10T16:45:00+09:00,121300,121300,121050,121050
2025-10-10T17:00:00+09:00,121100,121360,121090,121340
2025-10-10T17:15:00+09:00,121350,121500,121350,121460
2025-10-10T17:30:00+09:00,121480,121500,121420,121460
2025-10-10T17:45:00+09:00,121450,121830,121450,121830
2025-10-10T18:00:00+09:00,121830,121840,121700,121740
2025-10-10T18:15:00+09:00,121730,121960,121680,121930
2025-10-10T18:30:00+09:00,121900,121940,121880,121890
2025-10-10T18:45:00+09:00,121890,121900,121500,121520
2025-10-10T19:00:00+09:00,121500,121600,121500,121530
2025-10-10T19:15:00+09:00,121560,121650,121520,121540
2025-10-10T19:30:00+09:00,121540,121580,121460,121500
2025-10-10T19:45:00+09:00,121500,121750,121500,121690
2025-10-10T20:00:00+09:00,121690,121860,121690,121780
2025-10-10T20:15:00+09:00,121740,121770,121630,121650
2025-10-10T20:30:00+09:00,121650,121780,121650,121720
2025-10-10T20:45:00+09:00,121730,121830,121680,121760
2025-10-10T21:00:00+09:00,121770,121900,121720,121720
2025-10-10T21:15:00+09:00,121710,121760,121700,121760
2025-10-10T21:30:00+09:00,121750,121770,121650,121670
2025-10-10T21:45:00+09:00,121680,121810,121660,121800
2025-10-10T22:00:00+09:00,121810,122070,121810,122000
2025-10-10T22:15:00+09:00,121930,122190,121890,122160
2025-10-10T22:30:00+09:00,122130,122670,122000,122420
2025-10-10T22:45:00+09:00,122420,122450,121570,121840
2025-10-10T23:00:00+09:00,121850,122190,121660,121800
2025-10-10T23:15:00+09:00,121790,121860,121350,121400
2025-10-10T23:30:00+09:00,121400,121620,121400,121560
2025-10-10T23:45:00+09:00,121530,121600,120690,120780
2025-10-11T00:00:00+09:00,120760,120790,120180,120670
2025-10-11T00:15:00+09:00,120640,120670,119500,119500
2025-10-11T00:30:00+09:00,119500,119740,118770,119740
2025-10-11T00:45:00+09:00,119780,119780,119110,119240
2025-10-11T01:00:00+09:00,119230,119450,118960,119170
2025-10-11T01:15:00+09:00,119170,119470,118830,119380
2025-10-11T01:30:00+09:00,119370,119660,119110,119110
2025-10-11T01:45:00+09:00,119100,119110,118500,118500
2025-10-11T02:00:00+09:00,118500,118690,117950,118130
2025-10-11T02:15:00+09:00,118140,118470,118010,118310
2025-10-11T02:30:00+09:00,118400,118410,118060,118120
2025-10-11T02:45:00+09:00,118080,118140,117780,117900
2025-10-11T03:00:00+09:00,117880,117990,117720,117880
2025-10-11T03:15:00+09:00,117860,118070,117760,117860
2025-10-11T03:30:00+09:00,117860,117920,117660,117700
2025-10-11T03:45:00+09:00,117710,117830,117530,117530
2025-10-11T04:00:00+09:00,117530,117590,117020,117060
2025-10-11T04:15:00+09:00,117050,117170,116270,116310
2025-10-11T04:30:00+09:00,116310,117200,116280,117200
2025-10-11T04:45:00+09:00,117180,117350,116810,116870
2025-10-11T05:00:00+09:00,116880,117140,116840,117040
2025-10-11T05:15:00+09:00,117020,117380,116930,117310
2025-10-11T05:30:00+09:00,117260,117400,117060,117260
2025-10-11T05:45:00+09:00,117270,117360,113100,114520
2025-10-11T06:00:00+09:00,114480,115240,110000,112340
2025-10-11T06:15:00+09:00,112450,112630,103310,108820
2025-10-11T06:30:00+09:00,108820,112020,108560,111280
2025-10-11T06:45:00+09:00,111280,114170,111090,113840
2025-10-11T07:00:00+09:00,113830,114300,111760,114000
2025-10-11T07:15:00+09:00,114000,114020,112430,112580
2025-10-11T07:30:00+09:00,112530,113500,112340,113500
2025-10-11T07:45:00+09:00,113500,114230,113490,114000
2025-10-11T08:00:00+09:00,113990,114080,113000,113200
2025-10-11T08:15:00+09:00,113230,114000,113000,113970
2025-10-11T08:30:00+09:00,113960,114890,113760,114750
2025-10-11T08:45:00+09:00,114750,114750,113000,113080
2025-10-11T09:00:00+09:00,113020,113190,112500,112670
2025-10-11T09:15:00+09:00,112650,112700,111920,112690
2025-10-11T09:30:00+09:00,112670,112940,112360,112930
2025-10-11T09:45:00+09:00,112890,113430,112820,112830
2025-10-11T10:00:00+09:00,112830,112850,112240,112270
2025-10-11T10:15:00+09:00,112270,112320,111660,111660
2025-10-11T10:30:00+09:00,111670,112350,111660,111690
2025-10-11T10:45:00+09:00,111710,112000,111510,111560
2025-10-11T11:00:00+09:00,111560,112430,111550,112350
2025-10-11T11:15:00+09:00,112390,112790,112290,112580
2025-10-11T11:30:00+09:00,112580,113500,112580,113500
2025-10-11T11:45:00+09:00,113500,113680,113410,113600
2025-10-11T12:00:00+09:00,113610,113720,112510,112740
2025-10-11T12:15:00+09:00,112740,112820,112300,112300
2025-10-11T12:30:00+09:00,112300,112450,112160,112190
2025-10-11T12:45:00+09:00,112220,112700,112150,112620
2025-10-11T13:00:00+09:00,112620,112830,112400,112760
2025-10-11T13:15:00+09:00,112750,112920,112450,112570
2025-10-11T13:30:00+09:00,112590,112630,112070,112450
2025-10-11T13:45:00+09:00,112460,113300,112310,113240
2025-10-11T14:00:00+09:00,113240,113260,112900,113020
2025-10-11T14:15:00+09:00,113020,113030,112340,112360
2025-10-11T14:30:00+09:00,112360,112590,112360,112390
2025-10-11T14:45:00+09:00,112400,112880,112400,112710
2025-10-11T15:00:00+09:00,112720,112910,112480,112620
2025-10-11T15:15:00+09:00,112660,113000,112650,112960
2025-10-11T15:30:00+09:00,112960,112980,112440,112450
2025-10-11T15:45:00+09:00,112470,112580,112290,112350
2025-10-11T16:00:00+09:00,112350,112350,111330,111680
2025-10-11T16:15:00+09:00,111660,111660,111020,111070
2025-10-11T16:30:00+09:00,111050,111300,110830,110970
2025-10-11T16:45:00+09:00,110940,110990,110500,110660
2025-10-11T17:00:00+09:00,110730,110790,110500,110580
2025-10-11T17:15:00+09:00,110600,111370,110600,111200
2025-10-11T17:30:00+09:00,111210,111500,111020,111490
2025-10-11T17:45:00+09:00,111490,111800,111490,111620
2025-10-11T18:00:00+09:00,111620,111930,111580,111800
2025-10-11T18:15:00+09:00,111810,112000,111730,112000
2025-10-11T18:30:00+09:00,112000,112120,111810,112100
2025-10-11T18:45:00+09:00,112090,112100,111890,111920
2025-10-11T19:00:00+09:00,111920,112210,111890,112160
2025-10-11T19:15:00+09:00,112140,112430,112040,112420
2025-10-11T19:30:00+09:00,112440,112500,112260,112290
2025-10-11T19:45:00+09:00,112280,112450,112280,112370
2025-10-11T20:00:00+09:00,112360,112380,112180,112250
2025-10-11T20:15:00+09:00,112260,112570,111980,112570
2025-10-11T20:30:00+09:00,112570,112590,112420,112570
2025-10-11T20:45:00+09:00,112550,112590,112380,112520
2025-10-11T21:00:00+09:00,112490,112570,112340,112360
2025-10-11T21:15:00+09:00,112360,112700,112360,112700
2025-10-11T21:30:00+09:00,112700,112730,112500,112500
2025-10-11T21:45:00+09:00,112530,112600,112420,112600
2025-10-11T22:00:00+09:00,112600,112730,112440,112730
2025-10-11T22:15:00+09:00,112740,112760,112560,112620
2025-10-11T22:30:00+09:00,112640,112640,112190,112430
2025-10-11T22:45:00+09:00,112430,112610,112350,112560
2025-10-11T23:00:00+09:00,112560,112630,112430,112480
2025-10-11T23:15:00+09:00,112500,112540,112240,112240
2025-10-11T23:30:00+09:00,112320,112490,112270,112350
2025-10-11T23:45:00+09:00,112360,112360,112190,112280
2025-10-12T00:00:00+09:00,112250,112670,112250,112600
2025-10-12T00:15:00+09:00,112550,112650,112500,112520
2025-10-12T00:30:00+09:00,112520,112520,112220,112240
2025-10-12T00:45:00+09:00,112250,112350,112100,112100
2025-10-12T01:00:00+09:00,112110,112360,112110,112340
2025-10-12T01:15:00+09:00,112350,112350,112100,112100
2025-10-12T01:30:00+09:00,112100,112110,111750,111800
2025-10-12T01:45:00+09:00,111800,112140,111730,112080
2025-10-12T02:00:00+09:00,112100,112310,111980,112310
2025-10-12T02:15:00+09:00,112300,112410,112280,112350
2025-10-12T02:30:00+09:00,112340,112420,112260,112280
2025-10-12T02:45:00+09:00,112320,112350,112150,112250
2025-10-12T03:00:00+09:00,112240,112290,112130,112140
2025-10-12T03:15:00+09:00,112150,112190,112130,112150
2025-10-12T03:30:00+09:00,112140,112230,112140,112190
2025-10-12T03:45:00+09:00,112210,112220,112130,112220
2025-10-12T04:00:00+09:00,112220,112270,111560,111800
2025-10-12T04:15:00+09:00,111800,111840,111250,111650
2025-10-12T04:30:00+09:00,111630,111640,111310,111310
2025-10-12T04:45:00+09:00,111310,111430,111110,111380
2025-10-12T05:00:00+09:00,111410,111570,111030,111110
2025-10-12T05:15:00+09:00,111120,111180,110780,110900
2025-10-12T05:30:00+09:00,110880,110880,110580,110590
2025-10-12T05:45:00+09:00,110590,111000,109960,110530
2025-10-12T06:00:00+09:00,110510,110550,109830,110270
2025-10-12T06:15:00+09:00,110220,111080,110210,110970
2025-10-12T06:30:00+09:00,111000,111240,110860,110910
2025-10-12T06:45:00+09:00,110910,111250,110910,111160
2025-10-12T07:00:00+09:00,111160,111290,111040,111170
2025-10-12T07:15:00+09:00,111190,111250,110950,111240
2025-10-12T07:30:00+09:00,111230,111540,111180,111340
2025-10-12T07:45:00+09:00,111350,111480,111310,111320
2025-10-12T08:00:00+09:00,111350,111390,111120,111190
2025-10-12T08:15:00+09:00,111200,111300,111140,111190
2025-10-12T08:30:00+09:00,111240,111290,111110,111160
2025-10-12T08:45:00+09:00,111160,111200,110970,110980
2025-10-12T09:00:00+09:00,110990,110990,110630,110650
2025-10-12T09:15:00+09:00,110660,110820,110230,110270
2025-10-12T09:30:00+09:00,110270,110760,110020,110060
2025-10-12T09:45:00+09:00,110080,110240,109930,109940
2025-10-12T10:00:00+09:00,109960,110360,109960,110350
2025-10-12T10:15:00+09:00,110340,110440,110040,110220
2025-10-12T10:30:00+09:00,110260,110500,110160,110330
2025-10-12T10:45:00+09:00,110310,110610,110170,110270
2025-10-12T11:00:00+09:00,110250,110560,110170,110520
2025-10-12T11:15:00+09:00,110470,110820,110470,110760
2025-10-12T11:30:00+09:00,110820,110980,110290,110520
2025-10-12T11:45:00+09:00,110540,110550,109910,110420
2025-10-12T12:00:00+09:00,110370,111500,110290,110970
2025-10-12T12:15:00+09:00,110960,111360,110810,111240
2025-10-12T12:30:00+09:00,111240,111460,111120,111230
2025-10-12T12:45:00+09:00,111230,111230,110890,110950
2025-10-12T13:00:00+09:00,110950,111320,110920,111320
2025-10-12T13:15:00+09:00,111330,111500,111310,111450
2025-10-12T13:30:00+09:00,111460,111790,111450,111770
2025-10-12T13:45:00+09:00,111780,112150,111730,111800
2025-10-12T14:00:00+09:00,111810,111810,111520,111620
2025-10-12T14:15:00+09:00,111630,111850,111630,111850
2025-10-12T14:30:00+09:00,111860,111920,111750,111810
2025-10-12T14:45:00+09:00,111830,112100,111820,112030
2025-10-12T15:00:00+09:00,112020,112110,111930,112110
2025-10-12T15:15:00+09:00,112120,112380,112020,112240
2025-10-12T15:30:00+09:00,112220,112220,111970,112020
2025-10-12T15:45:00+09:00,112030,112220,112000,112000
2025-10-12T16:00:00+09:00,112010,112090,111930,111930
2025-10-12T16:15:00+09:00,111930,112230,111890,111930
2025-10-12T16:30:00+09:00,111910,111970,111780,111890
2025-10-12T16:45:00+09:00,111870,111940,111790,111790
2025-10-12T17:00:00+09:00,111810,111960,111780,111800
2025-10-12T17:15:00+09:00,111800,112050,111800,112050
2025-10-12T17:30:00+09:00,112030,112030,111880,111880
2025-10-12T17:45:00+09:00,111880,111880,111550,111560
2025-10-12T18:00:00+09:00,111550,111550,111420,111470
2025-10-12T18:15:00+09:00,111480,111680,111480,111650
2025-10-12T18:30:00+09:00,111650,111880,111600,111880
2025-10-12T18:45:00+09:00,111870,112140,111800,112110
2025-10-12T19:00:00+09:00,112080,112260,112010,112100
2025-10-12T19:15:00+09:00,112080,112100,111810,111870
2025-10-12T19:30:00+09:00,111860,111910,111730,111840
2025-10-12T19:45:00+09:00,111850,111980,111810,111930
2025-10-12T20:00:00+09:00,111920,112170,111730,112130
2025-10-12T20:15:00+09:00,112120,112120,111810,111970
2025-10-12T20:30:00+09:00,111960,112300,111930,112220
2025-10-12T20:45:00+09:00,112230,112250,112020,112090
2025-10-12T21:00:00+09:00,112070,112440,112070,112360
2025-10-12T21:15:00+09:00,112350,112350,112150,112220
2025-10-12T21:30:00+09:00,112220,112220,111930,112030
2025-10-12T21:45:00+09:00,112030,112040,111760,111990
2025-10-12T22:00:00+09:00,112000,112160,111850,112150
2025-10-12T22:15:00+09:00,112150,112160,111800,111890
2025-10-12T22:30:00+09:00,111880,112040,111640,112040
2025-10-12T22:45:00+09:00,112030,112030,111500,111520
2025-10-12T23:00:00+09:00,111520,111740,111450,111670
2025-10-12T23:15:00+09:00,111690,111790,111580,111730
2025-10-12T23:30:00+09:00,111720,111740,111440,111640
2025-10-12T23:45:00+09:00,111640,113220,111610,112510
2025-10-13T00:00:00+09:00,112530,113540,112310,113450
2025-10-13T00:15:00+09:00,113360,113930,113140,113400
2025-10-13T00:30:00+09:00,113400,113400,112680,112960
2025-10-13T00:45:00+09:00,112970,113500,112970,113440
2025-10-13T01:00:00+09:00,113450,114500,113450,114170
2025-10-13T01:15:00+09:00,114160,114160,113760,113880
2025-10-13T01:30:00+09:00,113880,114500,113660,114500
2025-10-13T01:45:00+09:00,114490,114880,114140,114290
2025-10-13T02:00:00+09:00,114280,114660,114110,114560
2025-10-13T02:15:00+09:00,114540,114690,114510,114580
2025-10-13T02:30:00+09:00,114570,114640,114290,114610
2025-10-13T02:45:00+09:00,114570,114590,113770,114020
2025-10-13T03:00:00+09:00,114030,114450,114030,114300
2025-10-13T03:15:00+09:00,114310,114400,114120,114120
2025-10-13T03:30:00+09:00,114150,114210,113880,113880
2025-10-13T03:45:00+09:00,113880,114130,113880,114130
2025-10-13T04:00:00+09:00,114130,114560,114110,114520
2025-10-13T04:15:00+09:00,114590,114620,114480,114520
2025-10-13T04:30:00+09:00,114520,114610,114380,114430
2025-10-13T04:45:00+09:00,114420,114570,114390,114570
2025-10-13T05:00:00+09:00,114560,115000,114560,114840
2025-10-13T05:15:00+09:00,114850,115500,114850,115470
2025-10-13T05:30:00+09:00,115460,115720,115230,115300
2025-10-13T05:45:00+09:00,115330,115480,115140,115150
2025-10-13T06:00:00+09:00,115150,115820,114920,115630
2025-10-13T06:15:00+09:00,115590,115610,114990,115180
2025-10-13T06:30:00+09:00,115180,115180,114520,114880
2025-10-13T06:45:00+09:00,114920,115170,114790,115130
2025-10-13T07:00:00+09:00,115080,116000,115080,115570
2025-10-13T07:15:00+09:00,115630,115810,115450,115480
2025-10-13T07:30:00+09:00,115510,115670,115390,115610
2025-10-13T07:45:00+09:00,115600,115760,115470,115480
2025-10-13T08:00:00+09:00,115470,115470,115000,115100
2025-10-13T08:15:00+09:00,115110,115540,115000,115460
2025-10-13T08:30:00+09:00,115500,115550,115130,115200
2025-10-13T08:45:00+09:00,115220,115390,115170,115230
2025-10-13T09:00:00+09:00,115200,115410,115050,115410
2025-10-13T09:15:00+09:00,115410,116120,115410,115490
2025-10-13T09:30:00+09:00,115480,115480,115190,115360
2025-10-13T09:45:00+09:00,115330,115670,115240,115470
2025-10-13T10:00:00+09:00,115510,115590,115370,115420
2025-10-13T10:15:00+09:00,115450,115850,115370,115810
2025-10-13T10:30:00+09:00,115860,115990,115780,115920
2025-10-13T10:45:00+09:00,115930,115970,115830,115940
2025-10-13T11:00:00+09:00,115980,116130,115540,115570
2025-10-13T11:15:00+09:00,115560,115580,115310,115460
2025-10-13T11:30:00+09:00,115470,115670,115460,115640
2025-10-13T11:45:00+09:00,115590,115710,115560,115570
2025-10-13T12:00:00+09:00,115630,115840,115560,115750
2025-10-13T12:15:00+09:00,115720,115720,115410,115450
2025-10-13T12:30:00+09:00,115440,115440,115040,115110
2025-10-13T12:45:00+09:00,115070,115100,114900,115070
2025-10-13T13:00:00+09:00,115090,115220,114920,114930
2025-10-13T13:15:00+09:00,114940,115060,114890,114970
2025-10-13T13:30:00+09:00,114910,115190,114850,114890
2025-10-13T13:45:00+09:00,114880,114960,114660,114960
2025-10-13T14:00:00+09:00,114910,114950,114790,114950
2025-10-13T14:15:00+09:00,114940,115020,114830,114910
2025-10-13T14:30:00+09:00,114900,114930,114760,114840
2025-10-13T14:45:00+09:00,114840,114870,114820,114860
2025-10-13T15:00:00+09:00,114840,115040,114680,114970
2025-10-13T15:15:00+09:00,115010,115320,115010,115280
2025-10-13T15:30:00+09:00,115280,115530,115250,115270
2025-10-13T15:45:00+09:00,115240,115470,115180,115440
2025-10-13T16:00:00+09:00,115480,115690,115300,115670
2025-10-13T16:15:00+09:00,115660,115780,115580,115720
2025-10-13T16:30:00+09:00,115740,115760,115630,115730
2025-10-13T16:45:00+09:00,115700,115700,115360,115590
2025-10-13T17:00:00+09:00,115590,115620,115450,115550
2025-10-13T17:15:00+09:00,115540,115590,115400,115470
2025-10-13T17:30:00+09:00,115470,115610,115430,115440
2025-10-13T17:45:00+09:00,115480,115610,115400,115560
2025-10-13T18:00:00+09:00,115500,115500,115000,115050
2025-10-13T18:15:00+09:00,115060,115170,115060,115100
2025-10-13T18:30:00+09:00,115130,115310,115130,115310
2025-10-13T18:45:00+09:00,115320,115400,115320,115350
2025-10-13T19:00:00+09:00,115340,115340,115170,115200
2025-10-13T19:15:00+09:00,115190,115250,115070,115120
2025-10-13T19:30:00+09:00,115120,115120,115000,115000
2025-10-13T19:45:00+09:00,115000,115400,115000,115100
2025-10-13T20:00:00+09:00,115100,115100,114450,114780
2025-10-13T20:15:00+09:00,114790,114840,113890,113890
2025-10-13T20:30:00+09:00,113890,114370,113890,114360
2025-10-13T20:45:00+09:00,114270,114510,114180,114390
2025-10-13T21:00:00+09:00,114380,114670,114150,114560
2025-10-13T21:15:00+09:00,114550,114550,114410,114510
2025-10-13T21:30:00+09:00,114450,114830,114450,114660
2025-10-13T21:45:00+09:00,114660,114930,114530,114530
2025-10-13T22:00:00+09:00,114570,114810,114390,114460
2025-10-13T22:15:00+09:00,114450,114620,114320,114440
2025-10-13T22:30:00+09:00,114440,115590,114440,115070
2025-10-13T22:45:00+09:00,115030,115470,114590,115470
2025-10-13T23:00:00+09:00,115450,115550,115020,115070
2025-10-13T23:15:00+09:00,115110,115150,114350,114440
2025-10-13T23:30:00+09:00,114420,114850,114120,114590
2025-10-13T23:45:00+09:00,114650,114700,113960,114130
2025-10-14T00:00:00+09:00,114130,114650,114120,114510
2025-10-14T00:15:00+09:00,114480,114630,114300,114340
2025-10-14T00:30:00+09:00,114400,114560,114250,114250
2025-10-14T00:45:00+09:00,114250,114810,114250,114460
2025-10-14T01:00:00+09:00,114410,115210,114360,115000
2025-10-14T01:15:00+09:00,115010,115010,114510,114590
2025-10-14T01:30:00+09:00,114560,114650,114550,114560
2025-10-14T01:45:00+09:00,114560,114880,114550,114810
2025-10-14T02:00:00+09:00,114770,115060,114590,114650
2025-10-14T02:15:00+09:00,114650,114760,114560,114640
2025-10-14T02:30:00+09:00,114660,114770,114550,114590
2025-10-14T02:45:00+09:00,114580,115130,114440,115130
2025-10-14T03:00:00+09:00,115170,115170,114860,114860
2025-10-14T03:15:00+09:00,114860,115440,114860,115390
2025-10-14T03:30:00+09:00,115410,115500,115150,115340
2025-10-14T03:45:00+09:00,115350,115400,115210,115300
2025-10-14T04:00:00+09:00,115330,115440,115260,115440
2025-10-14T04:15:00+09:00,115430,115890,115420,115800
2025-10-14T04:30:00+09:00,115790,115890,115710,115890
2025-10-14T04:45:00+09:00,115880,116050,115820,115970
2025-10-14T05:00:00+09:00,115940,116030,115730,115890
2025-10-14T05:15:00+09:00,115890,115890,115690,115700
2025-10-14T05:30:00+09:00,115690,115710,115610,115660
2025-10-14T05:45:00+09:00,115660,115870,115660,115870
2025-10-14T06:00:00+09:00,115880,115920,115780,115870
2025-10-14T06:15:00+09:00,115860,115950,115860,115940
2025-10-14T06:30:00+09:00,115940,115950,115940,115940
2025-10-14T06:45:00+09:00,115940,115950,115940,115940
2025-10-14T07:00:00+09:00,115950,116060,115940,116000
2025-10-14T07:15:00+09:00,115970,115980,115830,115830
2025-10-14T07:30:00+09:00,115890,115890,115690,115800
2025-10-14T07:45:00+09:00,115790,115790,115720,115720
2025-10-14T08:00:00+09:00,115720,115720,115640,115640
2025-10-14T08:15:00+09:00,115640,115650,115640,115650
2025-10-14T08:30:00+09:00,115650,115670,115390,115440
2025-10-14T08:45:00+09:00,115430,115430,115290,115390
2025-10-14T09:00:00+09:00,115390,115450,115340,115450
2025-10-14T09:15:00+09:00,115460,115590,115430,115480
2025-10-14T09:30:00+09:00,115430,115630,115380,115420
2025-10-14T09:45:00+09:00,115410,115410,115160,115190
2025-10-14T10:00:00+09:00,115200,115200,114880,114980
2025-10-14T10:15:00+09:00,114960,114980,114880,114880
2025-10-14T10:30:00+09:00,114880,114890,114710,114790
2025-10-14T10:45:00+09:00,114790,114790,114440,114520
2025-10-14T11:00:00+09:00,114540,114550,114440,114440
2025-10-14T11:15:00+09:00,114440,114440,114210,114300
2025-10-14T11:30:00+09:00,114290,114380,114100,114100
2025-10-14T11:45:00+09:00,114120,114190,113950,113950
2025-10-14T12:00:00+09:00,113920,113920,113580,113720
2025-10-14T12:15:00+09:00,113740,113930,113590,113590
2025-10-14T12:30:00+09:00,113610,113780,113610,113770
2025-10-14T12:45:00+09:00,113760,113940,113730,113760
2025-10-14T13:00:00+09:00,113770,113850,113510,113710
2025-10-14T13:15:00+09:00,113720,113820,113580,113730
2025-10-14T13:30:00+09:00,113720,113730,113390,113480
2025-10-14T13:45:00+09:00,113460,113470,113090,113310
2025-10-14T14:00:00+09:00,113290,113870,113270,113750
2025-10-14T14:15:00+09:00,113750,113750,113240,113260
2025-10-14T14:30:00+09:00,113260,113330,112610,112680
2025-10-14T14:45:00+09:00,112690,112890,112600,112670
2025-10-14T15:00:00+09:00,112680,112890,112680,112780
2025-10-14T15:15:00+09:00,112790,112790,112450,112500
2025-10-14T15:30:00+09:00,112500,112650,112080,112080
2025-10-14T15:45:00+09:00,112090,112370,111640,112200
2025-10-14T16:00:00+09:00,112200,112350,111920,112200
2025-10-14T16:15:00+09:00,112190,112430,112080,112320
2025-10-14T16:30:00+09:00,112340,112340,111780,111920
2025-10-14T16:45:00+09:00,111900,112000,111750,111920
2025-10-14T17:00:00+09:00,111920,112120,111800,112120
2025-10-14T17:15:00+09:00,112110,112210,111900,112210
2025-10-14T17:30:00+09:00,112220,112360,112180,112350
2025-10-14T17:45:00+09:00,112290,112290,112020,112050
2025-10-14T18:00:00+09:00,112040,112210,112010,112030
2025-10-14T18:15:00+09:00,112030,112070,111910,112030
2025-10-14T18:30:00+09:00,111990,112080,111650,111720
2025-10-14T18:45:00+09:00,111720,111720,111260,111490
2025-10-14T19:00:00+09:00,111500,111510,111100,111150
2025-10-14T19:15:00+09:00,111130,111130,110580,110590
2025-10-14T19:30:00+09:00,110580,110860,110250,110550
2025-10-14T19:45:00+09:00,110550,111010,110390,110840
2025-10-14T20:00:00+09:00,110820,111560,110820,111560
2025-10-14T20:15:00+09:00,111570,111790,111450,111690
2025-10-14T20:30:00+09:00,111690,111840,111540,111570
2025-10-14T20:45:00+09:00,111570,111760,111520,111560
2025-10-14T21:00:00+09:00,111550,111570,111200,111500
2025-10-14T21:15:00+09:00,111500,111500,111240,111460
2025-10-14T21:30:00+09:00,111470,111490,111030,111100
2025-10-14T21:45:00+09:00,111100,111330,111010,111050
2025-10-14T22:00:00+09:00,111050,111200,110780,110910
2025-10-14T22:15:00+09:00,110940,111060,110620,111050
2025-10-14T22:30:00+09:00,111020,111150,110160,110930
2025-10-14T22:45:00+09:00,110940,111550,110820,111250
2025-10-14T23:00:00+09:00,111230,111970,111220,111930
2025-10-14T23:15:00+09:00,111910,112500,111890,112060
2025-10-14T23:30:00+09:00,112050,112170,111640,112080
2025-10-14T23:45:00+09:00,112090,112340,111620,111660
2025-10-15T00:00:00+09:00,111660,112010,111380,111380
2025-10-15T00:15:00+09:00,111410,111770,111310,111730
2025-10-15T00:30:00+09:00,111710,112480,111650,112410
2025-10-15T00:45:00+09:00,112410,113100,112380,113100
2025-10-15T01:00:00+09:00,113120,113120,112570,112750
2025-10-15T01:15:00+09:00,112770,113410,112710,113020
2025-10-15T01:30:00+09:00,113040,113100,112570,113010
2025-10-15T01:45:00+09:00,113030,113100,112500,112570
2025-10-15T02:00:00+09:00,112530,113090,112000,113010
2025-10-15T02:15:00+09:00,112930,113180,112910,113000
2025-10-15T02:30:00+09:00,113030,113120,112650,112890
2025-10-15T02:45:00+09:00,112910,113170,112910,113030
2025-10-15T03:00:00+09:00,113030,113540,112970,113500
2025-10-15T03:15:00+09:00,113530,113660,113390,113420
2025-10-15T03:30:00+09:00,113420,113560,113040,113140
2025-10-15T03:45:00+09:00,113110,113380,113100,113130
2025-10-15T04:00:00+09:00,113150,113430,113150,113390
2025-10-15T04:15:00+09:00,113410,113740,113410,113600
2025-10-15T04:30:00+09:00,113600,113650,112280,112280
2025-10-15T04:45:00+09:00,112330,113000,112300,112870
2025-10-15T05:00:00+09:00,112880,113000,112520,112770
2025-10-15T05:15:00+09:00,112770,113160,112770,113050
2025-10-15T05:30:00+09:00,113050,113150,113000,113130
2025-10-15T05:45:00+09:00,113130,113230,113070,113180
2025-10-15T06:00:00+09:00,113210,113250,113000,113000
2025-10-15T06:15:00+09:00,113010,113230,113000,113230
2025-10-15T06:30:00+09:00,113240,113410,113140,113370
2025-10-15T06:45:00+09:00,113360,113440,113240,113410
2025-10-15T07:00:00+09:00,113410,113790,113410,113730
2025-10-15T07:15:00+09:00,113730,113730,113390,113410
2025-10-15T07:30:00+09:00,113450,113450,113210,113210
2025-10-15T07:45:00+09:00,113210,113490,113120,113480
2025-10-15T08:00:00+09:00,113460,113750,113400,113670
2025-10-15T08:15:00+09:00,113700,113770,113630,113690
2025-10-15T08:30:00+09:00,113700,113730,113560,113560
2025-10-15T08:45:00+09:00,113550,113550,113240,113260
2025-10-15T09:00:00+09:00,113260,113310,113070,113090
2025-10-15T09:15:00+09:00,113100,113260,113000,113110
2025-10-15T09:30:00+09:00,113090,113230,112950,113200
2025-10-15T09:45:00+09:00,113210,113400,113130,113250
2025-10-15T10:00:00+09:00,113250,113250,112720,113040
2025-10-15T10:15:00+09:00,113020,113120,112770,112770
2025-10-15T10:30:00+09:00,112800,112800,112610,112780
2025-10-15T10:45:00+09:00,112780,113040,112720,113000
2025-10-15T11:00:00+09:00,113010,113220,112970,113220
2025-10-15T11:15:00+09:00,113210,113790,113160,113790
2025-10-15T11:30:00+09:00,113790,113830,113270,113270
2025-10-15T11:45:00+09:00,113310,113340,113110,113120
2025-10-15T12:00:00+09:00,113110,113120,112600,112710
2025-10-15T12:15:00+09:00,112710,112750,112230,112520
2025-10-15T12:30:00+09:00,112500,112500,112170,112270
2025-10-15T12:45:00+09:00,112220,112370,112110,112290
2025-10-15T13:00:00+09:00,112300,112370,112000,112290
2025-10-15T13:15:00+09:00,112260,112580,112230,112460
2025-10-15T13:30:00+09:00,112460,112530,112370,112450
2025-10-15T13:45:00+09:00,112460,112730,112460,112630
2025-10-15T14:00:00+09:00,112630,112800,112620,112770
2025-10-15T14:15:00+09:00,112760,112840,112530,112530
2025-10-15T14:30:00+09:00,112570,112920,112460,112800
2025-10-15T14:45:00+09:00,112790,112790,112640,112690
2025-10-15T15:00:00+09:00,112690,112750,112480,112480
2025-10-15T15:15:00+09:00,112500,112520,112180,112200
2025-10-15T15:30:00+09:00,112200,112770,112200,112600
2025-10-15T15:45:00+09:00,112590,112710,112580,112680
2025-10-15T16:00:00+09:00,112700,112850,112520,112800
2025-10-15T16:15:00+09:00,112800,112930,112670,112680
2025-10-15T16:30:00+09:00,112670,112750,112630,112730
2025-10-15T16:45:00+09:00,112710,112860,112690,112860
2025-10-15T17:00:00+09:00,112840,113140,112820,113140
2025-10-15T17:15:00+09:00,113130,113400,113120,113330
2025-10-15T17:30:00+09:00,113330,113700,113330,113440
2025-10-15T17:45:00+09:00,113450,113450,113170,113230
2025-10-15T18:00:00+09:00,113200,113330,113090,113230
2025-10-15T18:15:00+09:00,113230,113230,112790,112860
2025-10-15T18:30:00+09:00,112850,112900,112650,112810
2025-10-15T18:45:00+09:00,112850,112940,112690,112840
2025-10-15T19:00:00+09:00,112810,112910,112590,112870
2025-10-15T19:15:00+09:00,112870,112870,112600,112640
2025-10-15T19:30:00+09:00,112640,112710,112350,112580
2025-10-15T19:45:00+09:00,112600,112660,112450,112500
2025-10-15T20:00:00+09:00,112530,112820,112530,112550
2025-10-15T20:15:00+09:00,112550,112550,112000,112300
2025-10-15T20:30:00+09:00,112290,112360,112140,112350
2025-10-15T20:45:00+09:00,112340,112370,112130,112160
2025-10-15T21:00:00+09:00,112150,112390,112080,112280
2025-10-15T21:15:00+09:00,112250,112270,111700,111770
2025-10-15T21:30:00+09:00,111820,111940,111720,111870
2025-10-15T21:45:00+09:00,111930,112060,111860,111960
2025-10-15T22:00:00+09:00,111960,111960,111650,111730
2025-10-15T22:15:00+09:00,111720,111880,111680,111680
2025-10-15T22:30:00+09:00,111670,112210,111500,111520
2025-10-15T22:45:00+09:00,111580,111680,111000,111620
2025-10-15T23:00:00+09:00,111610,112380,111600,112280
2025-10-15T23:15:00+09:00,112280,112370,112020,112080
2025-10-15T23:30:00+09:00,112140,112160,111360,111500
2025-10-15T23:45:00+09:00,111520,111530,111060,111300
2025-10-16T00:00:00+09:00,111280,111470,111000,111030
2025-10-16T00:15:00+09:00,111040,111760,110820,111340
2025-10-16T00:30:00+09:00,111450,111520,110790,110870
2025-10-16T00:45:00+09:00,110920,111010,110590,111010
2025-10-16T01:00:00+09:00,111000,111290,110810,111100
2025-10-16T01:15:00+09:00,111130,111240,110940,111190
2025-10-16T01:30:00+09:00,111150,111200,110860,110900
2025-10-16T01:45:00+09:00,110910,111000,110840,110960
2025-10-16T02:00:00+09:00,110930,110930,110450,110460
2025-10-16T02:15:00+09:00,110440,110830,110410,110610
2025-10-16T02:30:00+09:00,110610,110910,110490,110910
2025-10-16T02:45:00+09:00,110920,111310,110920,111310
2025-10-16T03:00:00+09:00,111330,111370,111020,111150
2025-10-16T03:15:00+09:00,111180,111500,111180,111380
2025-10-16T03:30:00+09:00,111370,111480,111200,111310
2025-10-16T03:45:00+09:00,111320,111690,111290,111650
2025-10-16T04:00:00+09:00,111640,111660,111350,111420
2025-10-16T04:15:00+09:00,111440,111750,111430,111720
2025-10-16T04:30:00+09:00,111700,111730,111410,111510
2025-10-16T04:45:00+09:00,111520,111540,111350,111540
2025-10-16T05:00:00+09:00,111500,111720,111500,111650
2025-10-16T05:15:00+09:00,111630,111770,111310,111310
2025-10-16T05:30:00+09:00,111270,111510,110780,111470
2025-10-16T05:45:00+09:00,111470,111650,111290,111330
2025-10-16T06:00:00+09:00,111320,111340,110710,110960
2025-10-16T06:15:00+09:00,110980,111190,110730,111130
2025-10-16T06:30:00+09:00,111130,111500,110960,111260
2025-10-16T06:45:00+09:00,111250,111320,110790,110960
2025-10-16T07:00:00+09:00,110970,111160,110950,111160
2025-10-16T07:15:00+09:00,111170,111500,111170,111340
2025-10-16T07:30:00+09:00,111330,111450,111320,111350
2025-10-16T07:45:00+09:00,111350,111350,110830,110830
2025-10-16T08:00:00+09:00,110820,111110,110770,111010
2025-10-16T08:15:00+09:00,111000,111090,110950,111040
2025-10-16T08:30:00+09:00,111050,111180,111020,111140
2025-10-16T08:45:00+09:00,111120,111120,110830,110920
2025-10-16T09:00:00+09:00,110950,111000,110700,110730
2025-10-16T09:15:00+09:00,110720,111010,110680,110970
2025-10-16T09:30:00+09:00,110930,110930,110570,110570
2025-10-16T09:45:00+09:00,110570,110740,110540,110660
2025-10-16T10:00:00+09:00,110650,111270,110610,111230
2025-10-16T10:15:00+09:00,111230,111230,110920,111080
2025-10-16T10:30:00+09:00,111080,111340,111040,111240
2025-10-16T10:45:00+09:00,111240,111500,111160,111500
2025-10-16T11:00:00+09:00,111500,111720,111260,111580
2025-10-16T11:15:00+09:00,111560,111670,111530,111620
2025-10-16T11:30:00+09:00,111610,111620,111500,111560
2025-10-16T11:45:00+09:00,111560,111760,111560,111730
2025-10-16T12:00:00+09:00,111720,111800,111630,111720
2025-10-16T12:15:00+09:00,111710,112000,111650,111980
2025-10-16T12:30:00+09:00,111920,111920,111630,111790
2025-10-16T12:45:00+09:00,111820,111830,111500,111510
2025-10-16T13:00:00+09:00,111530,111850,111520,111850
2025-10-16T13:15:00+09:00,111800,111870,111760,111780
2025-10-16T13:30:00+09:00,111780,111790,111150,111260
2025-10-16T13:45:00+09:00,111200,111310,111020,111180
2025-10-16T14:00:00+09:00,111190,111320,111100,111320
2025-10-16T14:15:00+09:00,111310,111360,111170,111300
2025-10-16T14:30:00+09:00,111280,111620,111280,111560
2025-10-16T14:45:00+09:00,111560,111560,110960,111160
2025-10-16T15:00:00+09:00,111150,111380,111150,111160
2025-10-16T15:15:00+09:00,111170,111500,111140,111500
2025-10-16T15:30:00+09:00,111500,111710,111500,111600
2025-10-16T15:45:00+09:00,111610,111880,111570,111880
2025-10-16T16:00:00+09:00,111890,111960,111570,111630
2025-10-16T16:15:00+09:00,111620,111620,110930,110990
2025-10-16T16:30:00+09:00,111020,111110,110960,111100
2025-10-16T16:45:00+09:00,111110,111110,110760,110790
2025-10-16T17:00:00+09:00,110790,110860,110620,110860
2025-10-16T17:15:00+09:00,110830,110920,110750,110750
2025-10-16T17:30:00+09:00,110770,111050,110760,110960
2025-10-16T17:45:00+09:00,110960,111100,110900,111070
2025-10-16T18:00:00+09:00,111070,111180,110990,111070
2025-10-16T18:15:00+09:00,111070,111150,110940,110940
2025-10-16T18:30:00+09:00,110930,111540,109840,111430
2025-10-16T18:45:00+09:00,111460,111850,111250,111330
2025-10-16T19:00:00+09:00,111350,111660,111220,111550
2025-10-16T19:15:00+09:00,111560,111860,111510,111570
2025-10-16T19:30:00+09:00,111600,111710,111510,111680
2025-10-16T19:45:00+09:00,111690,111840,111680,111710
2025-10-16T20:00:00+09:00,111690,111770,111480,111640
2025-10-16T20:15:00+09:00,111630,111630,111300,111300
2025-10-16T20:30:00+09:00,111310,111470,111230,111410
2025-10-16T20:45:00+09:00,111380,111620,111320,111620
2025-10-16T21:00:00+09:00,111620,112150,111610,111760
2025-10-16T21:15:00+09:00,111760,111860,111570,111600
2025-10-16T21:30:00+09:00,111600,111900,111600,111740
2025-10-16T21:45:00+09:00,111740,111850,111620,111730
2025-10-16T22:00:00+09:00,111730,111780,111420,111530
2025-10-16T22:15:00+09:00,111510,111510,111070,111350
2025-10-16T22:30:00+09:00,111340,111710,111340,111510
2025-10-16T22:45:00+09:00,111510,111630,110940,111130
2025-10-16T23:00:00+09:00,111110,111140,110450,110470
2025-10-16T23:15:00+09:00,110460,110680,110010,110560
2025-10-16T23:30:00+09:00,110560,111620,110560,111580
2025-10-16T23:45:00+09:00,111610,111640,110730,110750
2025-10-17T00:00:00+09:00,110750,110970,110410,110810
2025-10-17T00:15:00+09:00,110810,110830,110120,110270
2025-10-17T00:30:00+09:00,110270,110390,109220,109510
2025-10-17T00:45:00+09:00,109480,109520,108600,108820
2025-10-17T01:00:00+09:00,108800,109020,108500,108780
2025-10-17T01:15:00+09:00,108780,109000,108120,108330
2025-10-17T01:30:00+09:00,108310,108630,107780,108260
2025-10-17T01:45:00+09:00,108270,109460,108140,109440
2025-10-17T02:00:00+09:00,109440,109440,108550,108700
2025-10-17T02:15:00+09:00,108730,109350,108700,109040
2025-10-17T02:30:00+09:00,109020,109120,108710,108760
2025-10-17T02:45:00+09:00,108750,108790,108480,108510
2025-10-17T03:00:00+09:00,108500,108500,108000,108090
2025-10-17T03:15:00+09:00,108070,108340,107930,108050
2025-10-17T03:30:00+09:00,108070,108810,108070,108690
2025-10-17T03:45:00+09:00,108710,108870,108470,108840
2025-10-17T04:00:00+09:00,108840,108940,108300,108300
2025-10-17T04:15:00+09:00,108330,108390,107940,108150
2025-10-17T04:30:00+09:00,108180,108290,107920,108180
2025-10-17T04:45:00+09:00,108190,108750,108100,108400
2025-10-17T05:00:00+09:00,108410,108640,108270,108280
2025-10-17T05:15:00+09:00,108340,108460,108030,108210
2025-10-17T05:30:00+09:00,108210,108370,107700,108000
2025-10-17T05:45:00+09:00,108000,108210,107810,107990
2025-10-17T06:00:00+09:00,108040,108300,107820,108300
2025-10-17T06:15:00+09:00,108310,108420,108160,108290
2025-10-17T06:30:00+09:00,108310,108570,108310,108500
2025-10-17T06:45:00+09:00,108500,108670,108450,108670
2025-10-17T07:00:00+09:00,108670,108710,108300,108300
2025-10-17T07:15:00+09:00,108300,108390,108190,108190
2025-10-17T07:30:00+09:00,108190,108280,108100,108140
2025-10-17T07:45:00+09:00,108120,108220,108020,108020
2025-10-17T08:00:00+09:00,108020,108210,108000,108210
2025-10-17T08:15:00+09:00,108210,108630,108210,108540
2025-10-17T08:30:00+09:00,108530,108530,108220,108260
2025-10-17T08:45:00+09:00,108270,108430,108240,108420
2025-10-17T09:00:00+09:00,108380,108470,108180,108470
2025-10-17T09:15:00+09:00,108470,108730,108450,108730
2025-10-17T09:30:00+09:00,108700,109000,108570,108930
2025-10-17T09:45:00+09:00,108920,109000,108800,109000
2025-10-17T10:00:00+09:00,109000,109340,108990,109230
2025-10-17T10:15:00+09:00,109220,109300,108980,109070
2025-10-17T10:30:00+09:00,109060,109140,108890,108930
2025-10-17T10:45:00+09:00,108960,109090,108760,109090
2025-10-17T11:00:00+09:00,109070,109070,108660,108750
2025-10-17T11:15:00+09:00,108740,108830,108640,108670
2025-10-17T11:30:00+09:00,108660,109060,108660,109000
2025-10-17T11:45:00+09:00,109020,109330,108990,109240
2025-10-17T12:00:00+09:00,109230,109350,109190,109290
2025-10-17T12:15:00+09:00,109290,109350,109230,109300
2025-10-17T12:30:00+09:00,109290,109350,109180,109190
2025-10-17T12:45:00+09:00,109180,109480,109180,109420
2025-10-17T13:00:00+09:00,109420,109480,109290,109360
2025-10-17T13:15:00+09:00,109380,109380,109200,109210
2025-10-17T13:30:00+09:00,109220,109340,109140,109170
2025-10-17T13:45:00+09:00,109160,109270,109070,109070
2025-10-17T14:00:00+09:00,109070,109180,109020,109060
2025-10-17T14:15:00+09:00,109060,109120,108990,109120
2025-10-17T14:30:00+09:00,109100,109100,108770,108800
2025-10-17T14:45:00+09:00,108800,108810,108570,108640
2025-10-17T15:00:00+09:00,108650,108740,108550,108590
2025-10-17T15:15:00+09:00,108580,108590,108050,108080
2025-10-17T15:30:00+09:00,108080,108100,107200,107230
2025-10-17T15:45:00+09:00,107270,107420,107000,107000
2025-10-17T16:00:00+09:00,107020,107120,106500,106550
2025-10-17T16:15:00+09:00,106510,106750,106430,106510
2025-10-17T16:30:00+09:00,106560,106560,105900,106030
2025-10-17T16:45:00+09:00,106030,106200,105780,105810
2025-10-17T17:00:00+09:00,105850,105890,105310,105370
2025-10-17T17:15:00+09:00,105350,105680,104690,105410
2025-10-17T17:30:00+09:00,105380,105950,105100,105370
2025-10-17T17:45:00+09:00,105310,105420,105000,105100
2025-10-17T18:00:00+09:00,105090,105510,105060,105420
2025-10-17T18:15:00+09:00,105440,105490,105090,105290
2025-10-17T18:30:00+09:00,105290,105800,105270,105270
2025-10-17T18:45:00+09:00,105270,105370,104780,104780
2025-10-17T19:00:00+09:00,104780,105040,104500,104850
2025-10-17T19:15:00+09:00,104840,104900,103790,104230
2025-10-17T19:30:00+09:00,104250,104740,104170,104610
2025-10-17T19:45:00+09:00,104620,105100,104590,104950
2025-10-17T20:00:00+09:00,104960,106080,104870,106080
2025-10-17T20:15:00+09:00,106060,106760,106040,106470
2025-10-17T20:30:00+09:00,106490,106500,105940,106060
2025-10-17T20:45:00+09:00,106100,106190,105710,105910
2025-10-17T21:00:00+09:00,105890,106270,105810,105950
2025-10-17T21:15:00+09:00,105940,106230,105760,105830
2025-10-17T21:30:00+09:00,105830,106040,105500,105860
2025-10-17T21:45:00+09:00,105870,105880,105500,105580
2025-10-17T22:00:00+09:00,105580,105720,105190,105190
2025-10-17T22:15:00+09:00,105190,105860,105120,105710
2025-10-17T22:30:00+09:00,105700,106250,105380,105490
2025-10-17T22:45:00+09:00,105480,106320,105190,106060
2025-10-17T23:00:00+09:00,106010,106110,105360,105610
2025-10-17T23:15:00+09:00,105620,105790,105170,105190
2025-10-17T23:30:00+09:00,105240,105570,104770,105410
2025-10-17T23:45:00+09:00,105420,105930,105310,105360
2025-10-18T00:00:00+09:00,105350,105910,105340,105710
2025-10-18T00:15:00+09:00,105700,106430,105650,106260
2025-10-18T00:30:00+09:00,106280,106400,105860,106320
2025-10-18T00:45:00+09:00,106350,107000,106290,107000
2025-10-18T01:00:00+09:00,106990,107700,106920,107170
2025-10-18T01:15:00+09:00,107180,107450,106910,106990
2025-10-18T01:30:00+09:00,107000,107100,106690,106840
2025-10-18T01:45:00+09:00,106800,107130,106500,106570
2025-10-18T02:00:00+09:00,106570,106930,106500,106870
2025-10-18T02:15:00+09:00,106860,106910,106490,106490
2025-10-18T02:30:00+09:00,106490,106760,106390,106570
2025-10-18T02:45:00+09:00,106560,106800,106310,106670
2025-10-18T03:00:00+09:00,106660,107060,106660,106800
2025-10-18T03:15:00+09:00,106800,107190,106800,107100
2025-10-18T03:30:00+09:00,107090,107310,106940,106950
2025-10-18T03:45:00+09:00,106950,107020,106800,106860
2025-10-18T04:00:00+09:00,106870,107100,106860,106960
2025-10-18T04:15:00+09:00,106980,107020,106800,106820
2025-10-18T04:30:00+09:00,106800,106810,106500,106700
2025-10-18T04:45:00+09:00,106690,106840,106630,106710
2025-10-18T05:00:00+09:00,106710,106820,106570,106810
2025-10-18T05:15:00+09:00,106810,107290,106810,107260
2025-10-18T05:30:00+09:00,107280,107350,107170,107180
2025-10-18T05:45:00+09:00,107220,107390,107220,107240
2025-10-18T06:00:00+09:00,107280,107640,107260,107640
2025-10-18T06:15:00+09:00,107650,107680,107570,107650
2025-10-18T06:30:00+09:00,107650,107650,107460,107500
2025-10-18T06:45:00+09:00,107530,107690,107450,107580
2025-10-18T07:00:00+09:00,107540,107660,107360,107470
2025-10-18T07:15:00+09:00,107470,107480,107260,107380
2025-10-18T07:30:00+09:00,107390,107390,107090,107210
2025-10-18T07:45:00+09:00,107190,107270,107190,107240
2025-10-18T08:00:00+09:00,107230,107240,107050,107100
2025-10-18T08:15:00+09:00,107100,107130,106860,106860
2025-10-18T08:30:00+09:00,106860,106920,106780,106880
2025-10-18T08:45:00+09:00,106830,106890,106660,106700
2025-10-18T09:00:00+09:00,106700,106700,106660,106660
2025-10-18T09:15:00+09:00,106660,107070,106660,107020
2025-10-18T09:30:00+09:00,106980,107060,106870,107020
2025-10-18T09:45:00+09:00,107030,107100,107000,107090
2025-10-18T10:00:00+09:00,107090,107240,107090,107240
2025-10-18T10:15:00+09:00,107220,107500,107210,107500
2025-10-18T10:30:00+09:00,107480,107500,107340,107380
2025-10-18T10:45:00+09:00,107380,107440,107310,107410
2025-10-18T11:00:00+09:00,107410,107500,107110,107120
2025-10-18T11:15:00+09:00,107150,107260,107080,107230
2025-10-18T11:30:00+09:00,107220,107300,106850,106850
2025-10-18T11:45:00+09:00,106860,106980,106750,106830
2025-10-18T12:00:00+09:00,106860,107080,106820,107030
2025-10-18T12:15:00+09:00,107050,107240,107040,107160
2025-10-18T12:30:00+09:00,107180,107340,107180,107200
2025-10-18T12:45:00+09:00,107220,107360,107160,107310
2025-10-18T13:00:00+09:00,107320,107320,106720,106840
2025-10-18T13:15:00+09:00,106840,106970,106830,106960
2025-10-18T13:30:00+09:00,106940,106940,106710,106710
2025-10-18T13:45:00+09:00,106710,106800,106690,106710
2025-10-18T14:00:00+09:00,106740,106940,106730,106880
2025-10-18T14:15:00+09:00,106890,106950,106850,106870
2025-10-18T14:30:00+09:00,106840,107020,106780,106960
2025-10-18T14:45:00+09:00,106950,107110,106950,107110
2025-10-18T15:00:00+09:00,107070,107210,106990,107160
2025-10-18T15:15:00+09:00,107150,107200,107090,107130
2025-10-18T15:30:00+09:00,107130,107140,107020,107020
2025-10-18T15:45:00+09:00,107020,107180,107020,107110
2025-10-18T16:00:00+09:00,107110,107720,107110,107510
2025-10-18T16:15:00+09:00,107530,107530,107240,107340
2025-10-18T16:30:00+09:00,107330,107490,107260,107440
2025-10-18T16:45:00+09:00,107420,107550,106880,106930
2025-10-18T17:00:00+09:00,106930,107210,106890,107180
2025-10-18T17:15:00+09:00,107180,107180,106970,106970
2025-10-18T17:30:00+09:00,106960,107040,106890,106950
2025-10-18T17:45:00+09:00,106930,107060,106930,106960
2025-10-18T18:00:00+09:00,106970,107020,106870,106960
2025-10-18T18:15:00+09:00,106970,107090,106880,107090
2025-10-18T18:30:00+09:00,107090,107090,107000,107080
2025-10-18T18:45:00+09:00,107080,107270,106970,107180
2025-10-18T19:00:00+09:00,107180,107190,107110,107170
2025-10-18T19:15:00+09:00,107170,107220,107090,107220
2025-10-18T19:30:00+09:00,107220,107400,107220,107370
2025-10-18T19:45:00+09:00,107340,107340,107070,107170
2025-10-18T20:00:00+09:00,107170,107170,107030,107110
2025-10-18T20:15:00+09:00,107130,107200,107120,107150
2025-10-18T20:30:00+09:00,107140,107310,107130,107310
2025-10-18T20:45:00+09:00,107280,107470,107180,107470
2025-10-18T21:00:00+09:00,107460,107490,107370,107440
2025-10-18T21:15:00+09:00,107420,107500,107320,107370
2025-10-18T21:30:00+09:00,107360,107360,107220,107260
2025-10-18T21:45:00+09:00,107290,107360,107260,107320
2025-10-18T22:00:00+09:00,107310,107310,107180,107290
2025-10-18T22:15:00+09:00,107290,107340,107180,107250
2025-10-18T22:30:00+09:00,107250,107260,107070,107110
2025-10-18T22:45:00+09:00,107120,107210,107070,107160
2025-10-18T23:00:00+09:00,107160,107190,107030,107100
2025-10-18T23:15:00+09:00,107120,107200,107050,107140
2025-10-18T23:30:00+09:00,107150,107330,107150,107220
2025-10-18T23:45:00+09:00,107200,107320,107150,107270
2025-10-19T00:00:00+09:00,107260,107390,107260,107310
2025-10-19T00:15:00+09:00,107300,107360,107230,107230
2025-10-19T00:30:00+09:00,107230,107230,107090,107130
2025-10-19T00:45:00+09:00,107140,107210,107140,107200
2025-10-19T01:00:00+09:00,107200,107260,107130,107150
2025-10-19T01:15:00+09:00,107160,107160,107000,107050
2025-10-19T01:30:00+09:00,107050,107050,106750,106790
2025-10-19T01:45:00+09:00,106810,106960,106780,106910
2025-10-19T02:00:00+09:00,106920,106940,106800,106930
2025-10-19T02:15:00+09:00,106940,107160,106940,107130
2025-10-19T02:30:00+09:00,107140,107160,107030,107090
2025-10-19T02:45:00+09:00,107040,107130,107010,107110
2025-10-19T03:00:00+09:00,107120,107160,106980,106980
2025-10-19T03:15:00+09:00,106980,107050,106970,107050
2025-10-19T03:30:00+09:00,107040,107120,107040,107100
2025-10-19T03:45:00+09:00,107060,107110,107060,107080
2025-10-19T04:00:00+09:00,107080,107130,107020,107130
2025-10-19T04:15:00+09:00,107120,107240,107120,107210
2025-10-19T04:30:00+09:00,107200,107280,107170,107230
2025-10-19T04:45:00+09:00,107230,107300,107230,107290
2025-10-19T05:00:00+09:00,107300,107500,107250,107300
2025-10-19T05:15:00+09:00,107270,107480,107220,107480
2025-10-19T05:30:00+09:00,107470,107560,107360,107400
2025-10-19T05:45:00+09:00,107430,107450,107280,107280
2025-10-19T06:00:00+09:00,107270,107280,107070,107160
2025-10-19T06:15:00+09:00,107140,107320,107110,107300
2025-10-19T06:30:00+09:00,107320,107420,107290,107310
2025-10-19T06:45:00+09:00,107310,107440,107310,107420
2025-10-19T07:00:00+09:00,107390,107420,107350,107350
2025-10-19T07:15:00+09:00,107350,107540,107340,107490
2025-10-19T07:30:00+09:00,107470,107470,107400,107400
2025-10-19T07:45:00+09:00,107400,107400,107330,107370
2025-10-19T08:00:00+09:00,107350,107430,107330,107330
2025-10-19T08:15:00+09:00,107340,107370,107280,107310
2025-10-19T08:30:00+09:00,107320,107380,107320,107330
2025-10-19T08:45:00+09:00,107330,107450,107330,107440
2025-10-19T09:00:00+09:00,107410,107490,107280,107350
2025-10-19T09:15:00+09:00,107330,107390,107280,107350
2025-10-19T09:30:00+09:00,107350,107350,107030,107100
2025-10-19T09:45:00+09:00,107100,107170,107020,107160
2025-10-19T10:00:00+09:00,107140,107140,107020,107100
2025-10-19T10:15:00+09:00,107080,107250,107080,107210
2025-10-19T10:30:00+09:00,107220,107240,107140,107150
2025-10-19T10:45:00+09:00,107170,107250,107170,107200
2025-10-19T11:00:00+09:00,107210,107250,107150,107180
2025-10-19T11:15:00+09:00,107180,107240,107140,107150
2025-10-19T11:30:00+09:00,107150,107170,107070,107100
2025-10-19T11:45:00+09:00,107100,107120,107050,107090
2025-10-19T12:00:00+09:00,107090,107090,107050,107090
2025-10-19T12:15:00+09:00,107090,107390,107090,107380
2025-10-19T12:30:00+09:00,107380,107510,107360,107500
2025-10-19T12:45:00+09:00,107480,107600,107450,107500
2025-10-19T13:00:00+09:00,107510,107530,107260,107310
2025-10-19T13:15:00+09:00,107280,107340,107230,107300
2025-10-19T13:30:00+09:00,107300,107410,107300,107370
2025-10-19T13:45:00+09:00,107380,107420,107300,107300
2025-10-19T14:00:00+09:00,107300,107350,107290,107310
2025-10-19T14:15:00+09:00,107310,107450,107190,107190
2025-10-19T14:30:00+09:00,107220,107300,107210,107240
2025-10-19T14:45:00+09:00,107210,107210,107040,107160
2025-10-19T15:00:00+09:00,107100,107180,107040,107050
2025-10-19T15:15:00+09:00,107060,107110,107040,107050
2025-10-19T15:30:00+09:00,107040,107040,106810,106960
2025-10-19T15:45:00+09:00,106940,107020,106940,107020
2025-10-19T16:00:00+09:00,107010,107100,106970,107100
2025-10-19T16:15:00+09:00,107110,107160,107060,107130
2025-10-19T16:30:00+09:00,107110,107110,106960,106980
2025-10-19T16:45:00+09:00,106960,107030,106950,107020
2025-10-19T17:00:00+09:00,107010,107080,106990,107050
2025-10-19T17:15:00+09:00,107040,107420,106500,106960
2025-10-19T17:30:00+09:00,106930,106950,106710,106740
2025-10-19T17:45:00+09:00,106710,106750,106530,106730
2025-10-19T18:00:00+09:00,106700,106700,106450,106510
2025-10-19T18:15:00+09:00,106520,106630,106370,106370
2025-10-19T18:30:00+09:00,106380,107370,106380,107150
2025-10-19T18:45:00+09:00,107160,108350,106970,107580
2025-10-19T19:00:00+09:00,107590,107780,107230,107510
2025-10-19T19:15:00+09:00,107570,108000,107510,107990
2025-10-19T19:30:00+09:00,107970,108000,107810,107930
2025-10-19T19:45:00+09:00,107920,108070,107740,108060
2025-10-19T20:00:00+09:00,108070,108430,108070,108280
2025-10-19T20:15:00+09:00,108330,108350,108010,108050
2025-10-19T20:30:00+09:00,108050,108250,108040,108040
2025-10-19T20:45:00+09:00,108050,108050,107880,107980
2025-10-19T21:00:00+09:00,108000,108050,107730,107740
2025-10-19T21:15:00+09:00,107760,107820,107690,107690
2025-10-19T21:30:00+09:00,107680,107870,107640,107720
2025-10-19T21:45:00+09:00,107730,107800,107670,107780
2025-10-19T22:00:00+09:00,107810,107840,107580,107590
2025-10-19T22:15:00+09:00,107640,107690,107590,107650
2025-10-19T22:30:00+09:00,107690,108030,107690,108000
2025-10-19T22:45:00+09:00,108010,108400,107990,108250
2025-10-19T23:00:00+09:00,108270,108310,108100,108190
2025-10-19T23:15:00+09:00,108180,108680,108150,108560
2025-10-19T23:30:00+09:00,108560,108600,108370,108420
2025-10-19T23:45:00+09:00,108390,108680,108390,108600
2025-10-20T00:00:00+09:00,108620,108730,108570,108710
2025-10-20T00:15:00+09:00,108720,108860,108610,108620
2025-10-20T00:30:00+09:00,108670,108690,108510,108560
2025-10-20T00:45:00+09:00,108570,108640,108560,108640
2025-10-20T01:00:00+09:00,108640,108670,108470,108500
2025-10-20T01:15:00+09:00,108510,108550,108450,108540
2025-10-20T01:30:00+09:00,108510,109140,108470,109140
2025-10-20T01:45:00+09:00,109090,109090,108810,108810
2025-10-20T02:00:00+09:00,108830,109300,108830,109290
2025-10-20T02:15:00+09:00,109290,109580,109190,109260
2025-10-20T02:30:00+09:00,109270,109420,109240,109330
2025-10-20T02:45:00+09:00,109330,109350,109250,109300
2025-10-20T03:00:00+09:00,109320,109380,109280,109380
2025-10-20T03:15:00+09:00,109390,109530,109330,109470
2025-10-20T03:30:00+09:00,109470,109600,109360,109550
2025-10-20T03:45:00+09:00,109540,109680,109540,109620
2025-10-20T04:00:00+09:00,109610,109610,109110,109300
2025-10-20T04:15:00+09:00,109300,109390,109280,109370
2025-10-20T04:30:00+09:00,109360,109360,109070,109170
2025-10-20T04:45:00+09:00,109160,109180,109040,109130
2025-10-20T05:00:00+09:00,109140,109190,109050,109100
2025-10-20T05:15:00+09:00,109100,109150,109040,109130
2025-10-20T05:30:00+09:00,109150,109180,109040,109100
2025-10-20T05:45:00+09:00,109110,109190,109080,109080
2025-10-20T06:00:00+09:00,109080,109080,108990,109000
2025-10-20T06:15:00+09:00,109000,109000,108880,108880
2025-10-20T06:30:00+09:00,108890,109000,108890,108970
2025-10-20T06:45:00+09:00,108990,109010,108900,108970
2025-10-20T07:00:00+09:00,108980,109250,108980,109250
2025-10-20T07:15:00+09:00,109250,109410,109250,109380
2025-10-20T07:30:00+09:00,109380,109500,109380,109480
2025-10-20T07:45:00+09:00,109480,109500,109330,109340
2025-10-20T08:00:00+09:00,109330,109330,109020,109020
2025-10-20T08:15:00+09:00,109040,109070,108910,108940
2025-10-20T08:30:00+09:00,108940,108980,108770,108770
2025-10-20T08:45:00+09:00,108750,108840,108700,108840
2025-10-20T09:00:00+09:00,108840,108850,108250,108270
2025-10-20T09:15:00+09:00,108280,108320,107780,107900
2025-10-20T09:30:00+09:00,107810,108250,107680,108080
2025-10-20T09:45:00+09:00,108080,108290,108070,108280
2025-10-20T10:00:00+09:00,108290,108480,108160,108360
2025-10-20T10:15:00+09:00,108360,108420,108180,108370
2025-10-20T10:30:00+09:00,108380,108420,108190,108350
2025-10-20T10:45:00+09:00,108320,108430,108250,108330
2025-10-20T11:00:00+09:00,108320,108320,108120,108270
2025-10-20T11:15:00+09:00,108270,108730,108220,108690
2025-10-20T11:30:00+09:00,108660,109000,108560,108980
2025-10-20T11:45:00+09:00,108980,109190,108910,109000
2025-10-20T12:00:00+09:00,109000,109000,108810,108920
2025-10-20T12:15:00+09:00,108920,109180,108920,108950
2025-10-20T12:30:00+09:00,108960,109410,108920,109390
2025-10-20T12:45:00+09:00,109360,110550,109300,110360
2025-10-20T13:00:00+09:00,110400,110670,110330,110570
2025-10-20T13:15:00+09:00,110580,110660,110200,110290
2025-10-20T13:30:00+09:00,110310,110530,110310,110490
2025-10-20T13:45:00+09:00,110470,110660,110410,110650
2025-10-20T14:00:00+09:00,110650,110780,110520,110780
2025-10-20T14:15:00+09:00,110760,110950,110670,110800
2025-10-20T14:30:00+09:00,110800,111000,110800,110950
2025-10-20T14:45:00+09:00,110980,111270,110920,111190
2025-10-20T15:00:00+09:00,111200,111400,111200,111340
2025-10-20T15:15:00+09:00,111380,111440,111190,111260
2025-10-20T15:30:00+09:00,111260,111500,111260,111500
2025-10-20T15:45:00+09:00,111490,111520,111370,111510
2025-10-20T16:00:00+09:00,111510,111510,111330,111470
2025-10-20T16:15:00+09:00,111480,111570,111430,111560
2025-10-20T16:30:00+09:00,111540,111540,111340,111390
2025-10-20T16:45:00+09:00,111400,111430,111210,111360
2025-10-20T17:00:00+09:00,111320,111350,111240,111280
2025-10-20T17:15:00+09:00,111300,111390,111160,111390
2025-10-20T17:30:00+09:00,111390,111770,111360,111430
2025-10-20T17:45:00+09:00,111480,111560,111240,111290
2025-10-20T18:00:00+09:00,111290,111450,111140,111300
2025-10-20T18:15:00+09:00,111250,111250,110930,110970
2025-10-20T18:30:00+09:00,110980,111050,110880,111050
2025-10-20T18:45:00+09:00,111010,111150,110940,111140
2025-10-20T19:00:00+09:00,111130,111230,111070,111150
2025-10-20T19:15:00+09:00,111170,111230,111060,111200
2025-10-20T19:30:00+09:00,111190,111260,111110,111110
2025-10-20T19:45:00+09:00,111120,111120,110840,110940
2025-10-20T20:00:00+09:00,110940,110940,110820,110890
2025-10-20T20:15:00+09:00,110880,111060,110880,111030
2025-10-20T20:30:00+09:00,111020,111020,110930,110960
2025-10-20T20:45:00+09:00,110950,111230,110950,111190
2025-10-20T21:00:00+09:00,111200,111220,111100,111160
2025-10-20T21:15:00+09:00,111140,111270,111100,111220
2025-10-20T21:30:00+09:00,111260,111400,111130,111130
2025-10-20T21:45:00+09:00,111150,111210,111000,111060
2025-10-20T22:00:00+09:00,111080,111080,110820,110830
2025-10-20T22:15:00+09:00,110810,110950,110810,110940
2025-10-20T22:30:00+09:00,110940,111130,110880,111110
2025-10-20T22:45:00+09:00,111110,111350,111080,111350
2025-10-20T23:00:00+09:00,111360,111400,111170,111190
2025-10-20T23:15:00+09:00,111180,111430,110920,111430
2025-10-20T23:30:00+09:00,111420,111470,111210,111290
2025-10-20T23:45:00+09:00,111300,111500,111290,111430
2025-10-21T00:00:00+09:00,111430,111760,111290,111290
2025-10-21T00:15:00+09:00,111260,111510,111200,111510
2025-10-21T00:30:00+09:00,111440,111580,111400,111570
2025-10-21T00:45:00+09:00,111570,111870,111380,111380
2025-10-21T01:00:00+09:00,111380,111490,110810,111290
2025-10-21T01:15:00+09:00,111290,111460,111130,111190
2025-10-21T01:30:00+09:00,111190,111190,110650,110700
2025-10-21T01:45:00+09:00,110690,110910,110370,110890
2025-10-21T02:00:00+09:00,110910,111270,110700,110740
2025-10-21T02:15:00+09:00,110740,110840,110580,110590
2025-10-21T02:30:00+09:00,110570,110570,110110,110220
2025-10-21T02:45:00+09:00,110180,110690,110180,110510
2025-10-21T03:00:00+09:00,110510,110740,110500,110570
2025-10-21T03:15:00+09:00,110580,110890,110440,110880
2025-10-21T03:30:00+09:00,110900,111000,110800,111000
2025-10-21T03:45:00+09:00,111000,111190,110970,111160
2025-10-21T04:00:00+09:00,111150,111300,110940,110960
2025-10-21T04:15:00+09:00,110980,111050,110760,111030
2025-10-21T04:30:00+09:00,111030,111130,110940,111030
2025-10-21T04:45:00+09:00,111080,111150,111000,111010
2025-10-21T05:00:00+09:00,111020,111440,110900,111210
2025-10-21T05:15:00+09:00,111230,111300,111070,111250
2025-10-21T05:30:00+09:00,111240,111280,111170,111270
2025-10-21T05:45:00+09:00,111290,111330,111200,111290
2025-10-21T06:00:00+09:00,111250,111470,111250,111250
2025-10-21T06:15:00+09:00,111250,111250,111020,111100
2025-10-21T06:30:00+09:00,111100,111110,110890,110910
2025-10-21T06:45:00+09:00,110900,110920,110710,110780
2025-10-21T07:00:00+09:00,110770,110890,110630,110880
2025-10-21T07:15:00+09:00,110870,111010,110870,110910
2025-10-21T07:30:00+09:00,110910,111100,110900,111080
2025-10-21T07:45:00+09:00,111080,111080,110940,111050
2025-10-21T08:00:00+09:00,111030,111060,110790,110810
2025-10-21T08:15:00+09:00,110810,110970,110750,110950
2025-10-21T08:30:00+09:00,110940,110980,110790,110790
2025-10-21T08:45:00+09:00,110820,110870,110750,110760
2025-10-21T09:00:00+09:00,110760,110780,110420,110420
2025-10-21T09:15:00+09:00,110420,110560,110420,110550
2025-10-21T09:30:00+09:00,110550,110720,110470,110720
2025-10-21T09:45:00+09:00,110710,110730,110610,110710
2025-10-21T10:00:00+09:00,110690,110710,110370,110370
2025-10-21T10:15:00+09:00,110370,110530,110350,110500
2025-10-21T10:30:00+09:00,110500,110510,110330,110340
2025-10-21T10:45:00+09:00,110340,110440,109820,110060
2025-10-21T11:00:00+09:00,110070,110150,109690,109870
2025-10-21T11:15:00+09:00,109850,109850,109570,109700
2025-10-21T11:30:00+09:00,109680,109970,109630,109830
2025-10-21T11:45:00+09:00,109830,109900,109650,109740
2025-10-21T12:00:00+09:00,109740,109830,109630,109660
2025-10-21T12:15:00+09:00,109670,109790,109530,109690
2025-10-21T12:30:00+09:00,109680,109800,109630,109700
2025-10-21T12:45:00+09:00,109690,109690,109280,109310
2025-10-21T13:00:00+09:00,109280,109280,108270,108500
2025-10-21T13:15:00+09:00,108490,108540,108260,108450
2025-10-21T13:30:00+09:00,108430,108440,108060,108100
2025-10-21T13:45:00+09:00,108100,108230,107920,108050
2025-10-21T14:00:00+09:00,108030,108180,107800,107960
2025-10-21T14:15:00+09:00,107920,108140,107800,108110
2025-10-21T14:30:00+09:00,108100,108180,107710,107970
2025-10-21T14:45:00+09:00,107940,108050,107710,107770
2025-10-21T15:00:00+09:00,107780,107940,107720,107850
2025-10-21T15:15:00+09:00,107880,108400,107880,108210
2025-10-21T15:30:00+09:00,108240,108260,108070,108120
2025-10-21T15:45:00+09:00,108130,108310,108080,108130
2025-10-21T16:00:00+09:00,108130,108130,107880,107880
2025-10-21T16:15:00+09:00,107920,108260,107890,108240
2025-10-21T16:30:00+09:00,108250,108370,108190,108240
2025-10-21T16:45:00+09:00,108240,108410,108190,108310
2025-10-21T17:00:00+09:00,108320,108320,107980,108010
2025-10-21T17:15:00+09:00,108020,108120,107970,108060
2025-10-21T17:30:00+09:00,108060,108060,107750,107790
2025-10-21T17:45:00+09:00,107810,108020,107700,107910
2025-10-21T18:00:00+09:00,107910,108030,107770,108030
2025-10-21T18:15:00+09:00,108000,108080,107860,108010
2025-10-21T18:30:00+09:00,108010,108070,107860,107900
2025-10-21T18:45:00+09:00,107910,108020,107910,107970
2025-10-21T19:00:00+09:00,107950,108100,107900,107990
2025-10-21T19:15:00+09:00,107990,107990,107790,107860
2025-10-21T19:30:00+09:00,107850,108330,107850,108210
2025-10-21T19:45:00+09:00,108240,109000,108240,108720
2025-10-21T20:00:00+09:00,108700,108710,108400,108560
2025-10-21T20:15:00+09:00,108560,108690,108490,108570
2025-10-21T20:30:00+09:00,108560,108690,108480,108640
2025-10-21T20:45:00+09:00,108640,108850,108640,108810
2025-10-21T21:00:00+09:00,108830,108860,108720,108730
2025-10-21T21:15:00+09:00,108730,109600,108730,109290
2025-10-21T21:30:00+09:00,109330,109520,109100,109520
2025-10-21T21:45:00+09:00,109510,109630,109010,109010
2025-10-21T22:00:00+09:00,109020,109100,108120,108810
2025-10-21T22:15:00+09:00,108790,108970,108680,108930
2025-10-21T22:30:00+09:00,108900,109020,108560,108820
2025-10-21T22:45:00+09:00,108810,108810,108430,108660
2025-10-21T23:00:00+09:00,108640,109920,108640,109900
2025-10-21T23:15:00+09:00,109830,110710,109730,109900
2025-10-21T23:30:00+09:00,109900,110280,109880,110150
2025-10-21T23:45:00+09:00,110140,112500,110000,112410
2025-10-22T00:00:00+09:00,112400,113000,111880,112580
2025-10-22T00:15:00+09:00,112590,113320,112480,113190
2025-10-22T00:30:00+09:00,113190,113500,112960,113500
2025-10-22T00:45:00+09:00,113500,113700,113320,113570
2025-10-22T01:00:00+09:00,113590,113720,113330,113700
2025-10-22T01:15:00+09:00,113710,113990,113710,113830
2025-10-22T01:30:00+09:00,113860,114150,113490,113600
2025-10-22T01:45:00+09:00,113610,113720,112650,112700
2025-10-22T02:00:00+09:00,112740,113130,112590,112940
2025-10-22T02:15:00+09:00,112900,112900,112000,112540
2025-10-22T02:30:00+09:00,112570,112740,112440,112700
2025-10-22T02:45:00+09:00,112610,112610,112200,112200
2025-10-22T03:00:00+09:00,112220,112470,112010,112030
2025-10-22T03:15:00+09:00,112020,112320,112010,112100
2025-10-22T03:30:00+09:00,112050,112140,111560,111860
2025-10-22T03:45:00+09:00,111860,112240,111860,112200
2025-10-22T04:00:00+09:00,112210,112370,112190,112370
2025-10-22T04:15:00+09:00,112370,112390,111860,111950
2025-10-22T04:30:00+09:00,111910,112040,111800,112020
2025-10-22T04:45:00+09:00,112020,112210,112020,112020
2025-10-22T05:00:00+09:00,112010,112010,111460,111460
2025-10-22T05:15:00+09:00,111540,111550,110800,111080
2025-10-22T05:30:00+09:00,111080,111290,110930,111140
2025-10-22T05:45:00+09:00,111150,111320,111040,111040
2025-10-22T06:00:00+09:00,111030,111310,110930,111310
2025-10-22T06:15:00+09:00,111250,111250,110330,110710
2025-10-22T06:30:00+09:00,110730,111090,110640,111090
2025-10-22T06:45:00+09:00,111090,111170,110940,111070
2025-10-22T07:00:00+09:00,111020,111020,110310,110620
2025-10-22T07:15:00+09:00,110640,110720,109820,109850
2025-10-22T07:30:00+09:00,109930,110000,108500,109360
2025-10-22T07:45:00+09:00,109320,109550,109200,109220
2025-10-22T08:00:00+09:00,109250,109520,109170,109420
2025-10-22T08:15:00+09:00,109410,109650,109310,109370
2025-10-22T08:30:00+09:00,109340,109340,108280,108720
2025-10-22T08:45:00+09:00,108740,108820,108540,108540
2025-10-22T09:00:00+09:00,108530,108830,108460,108760
2025-10-22T09:15:00+09:00,108750,108750,108130,108170
2025-10-22T09:30:00+09:00,108220,108520,108020,108250
2025-10-22T09:45:00+09:00,108270,108420,108230,108230
2025-10-22T10:00:00+09:00,108240,108660,108240,108630
2025-10-22T10:15:00+09:00,108620,108620,108260,108420
2025-10-22T10:30:00+09:00,108400,108480,108250,108480
2025-10-22T10:45:00+09:00,108480,108680,108400,108570
2025-10-22T11:00:00+09:00,108600,108900,108570,108880
2025-10-22T11:15:00+09:00,108880,108900,108760,108820
2025-10-22T11:30:00+09:00,108820,108820,108530,108550
2025-10-22T11:45:00+09:00,108540,108600,108460,108460
2025-10-22T12:00:00+09:00,108450,108450,108240,108240
2025-10-22T12:15:00+09:00,108240,108420,108110,108420
2025-10-22T12:30:00+09:00,108390,108400,108210,108260
2025-10-22T12:45:00+09:00,108270,108440,108250,108430
2025-10-22T13:00:00+09:00,108440,108700,108390,108640
2025-10-22T13:15:00+09:00,108690,108750,108630,108630
2025-10-22T13:30:00+09:00,108630,108800,108620,108720
2025-10-22T13:45:00+09:00,108720,108860,108710,108850
2025-10-22T14:00:00+09:00,108850,108860,108600,108600
2025-10-22T14:15:00+09:00,108600,108600,108210,108310
2025-10-22T14:30:00+09:00,108290,108310,108130,108170
2025-10-22T14:45:00+09:00,108200,108430,108180,108390
2025-10-22T15:00:00+09:00,108380,108380,108280,108350
2025-10-22T15:15:00+09:00,108360,108530,108300,108470
2025-10-22T15:30:00+09:00,108470,108510,108180,108260
2025-10-22T15:45:00+09:00,108240,108290,108190,108240
2025-10-22T16:00:00+09:00,108240,108240,107820,107820
2025-10-22T16:15:00+09:00,107830,108160,107830,108130
2025-10-22T16:30:00+09:00,108140,108480,108140,108370
2025-10-22T16:45:00+09:00,108350,108500,108280,108500
2025-10-22T17:00:00+09:00,108490,108500,108310,108310
2025-10-22T17:15:00+09:00,108310,108500,108310,108490
2025-10-22T17:30:00+09:00,108470,108500,108340,108500
2025-10-22T17:45:00+09:00,108500,108550,108430,108430
2025-10-22T18:00:00+09:00,108440,108480,108200,108200
2025-10-22T18:15:00+09:00,108200,108430,108090,108410
2025-10-22T18:30:00+09:00,108390,108480,108110,108110
2025-10-22T18:45:00+09:00,108110,108310,108030,108160
2025-10-22T19:00:00+09:00,108180,108280,108100,108180
2025-10-22T19:15:00+09:00,108170,108310,108090,108160
2025-10-22T19:30:00+09:00,108170,108190,108030,108030
2025-10-22T19:45:00+09:00,108030,108030,107880,107900
2025-10-22T20:00:00+09:00,107890,108200,106930,108170
2025-10-22T20:15:00+09:00,108120,108400,107990,108050
2025-10-22T20:30:00+09:00,108060,108200,107900,107930
2025-10-22T20:45:00+09:00,107940,107940,107530,107770
2025-10-22T21:00:00+09:00,107720,107950,107660,107850
2025-10-22T21:15:00+09:00,107920,108270,107920,108180
2025-10-22T21:30:00+09:00,108170,108490,108100,108300
2025-10-22T21:45:00+09:00,108300,108300,108000,108080
2025-10-22T22:00:00+09:00,108080,108420,107940,108410
2025-10-22T22:15:00+09:00,108400,108400,108020,108080
2025-10-22T22:30:00+09:00,108080,108440,107610,108030
2025-10-22T22:45:00+09:00,108100,108960,107760,108750
2025-10-22T23:00:00+09:00,108750,108810,108060,108170
2025-10-22T23:15:00+09:00,108170,108370,107500,107930
2025-10-22T23:30:00+09:00,107960,108120,107690,107830
2025-10-22T23:45:00+09:00,107790,108960,107690,108910
2025-10-23T00:00:00+09:00,108900,109140,108370,108370
2025-10-23T00:15:00+09:00,108380,108390,107790,107870
2025-10-23T00:30:00+09:00,107860,108550,107740,108420
2025-10-23T00:45:00+09:00,108420,108600,108230,108350
2025-10-23T01:00:00+09:00,108390,108600,108270,108420
2025-10-23T01:15:00+09:00,108400,108640,108080,108530
2025-10-23T01:30:00+09:00,108540,108740,107890,108440
2025-10-23T01:45:00+09:00,108430,108640,108190,108190
2025-10-23T02:00:00+09:00,108200,108300,108070,108220
2025-10-23T02:15:00+09:00,108190,108190,107910,107930
2025-10-23T02:30:00+09:00,107900,108230,107780,107820
2025-10-23T02:45:00+09:00,107840,107950,107570,107730
2025-10-23T03:00:00+09:00,107740,107920,107720,107720
2025-10-23T03:15:00+09:00,107710,108020,107500,107990
2025-10-23T03:30:00+09:00,107990,108180,107870,107920
2025-10-23T03:45:00+09:00,107930,108010,107880,107940
2025-10-23T04:00:00+09:00,108000,108350,107910,108180
2025-10-23T04:15:00+09:00,108190,108370,108120,108120
2025-10-23T04:30:00+09:00,108120,108200,108020,108040
2025-10-23T04:45:00+09:00,108030,108060,107720,107840
2025-10-23T05:00:00+09:00,107860,108020,107860,107910
2025-10-23T05:15:00+09:00,107870,107870,107650,107650
2025-10-23T05:30:00+09:00,107660,107920,107600,107900
2025-10-23T05:45:00+09:00,107880,107880,107600,107720
2025-10-23T06:00:00+09:00,107710,107720,106760,107180
2025-10-23T06:15:00+09:00,107150,107350,106790,106850
2025-10-23T06:30:00+09:00,106820,107120,106800,107020
2025-10-23T06:45:00+09:00,106990,107350,106990,107210
2025-10-23T07:00:00+09:00,107220,107670,107220,107450
2025-10-23T07:15:00+09:00,107450,107450,107000,107040
2025-10-23T07:30:00+09:00,107080,107310,107050,107310
2025-10-23T07:45:00+09:00,107310,107350,107070,107240
2025-10-23T08:00:00+09:00,107240,107690,107240,107480
2025-10-23T08:15:00+09:00,107450,107920,107450,107840
2025-10-23T08:30:00+09:00,107850,107950,107750,107750
2025-10-23T08:45:00+09:00,107750,107760,107650,107720
2025-10-23T09:00:00+09:00,107670,107750,107570,107750
2025-10-23T09:15:00+09:00,107720,107880,107630,107660
2025-10-23T09:30:00+09:00,107660,107860,107660,107810
2025-10-23T09:45:00+09:00,107810,108000,107770,107940
2025-10-23T10:00:00+09:00,107940,108430,107920,108410
2025-10-23T10:15:00+09:00,108380,108500,108110,108270
2025-10-23T10:30:00+09:00,108260,108410,108240,108320
2025-10-23T10:45:00+09:00,108290,108320,108230,108230
2025-10-23T11:00:00+09:00,108240,108250,108160,108250
2025-10-23T11:15:00+09:00,108240,108470,108240,108330
2025-10-23T11:30:00+09:00,108370,108420,108310,108380
2025-10-23T11:45:00+09:00,108350,108500,108330,108500
2025-10-23T12:00:00+09:00,108490,108670,108470,108630
2025-10-23T12:15:00+09:00,108640,108820,108640,108810
2025-10-23T12:30:00+09:00,108810,108830,108510,108510
2025-10-23T12:45:00+09:00,108510,108520,108460,108470
2025-10-23T13:00:00+09:00,108490,108570,108480,108480
2025-10-23T13:15:00+09:00,108480,108710,108480,108700
2025-10-23T13:30:00+09:00,108680,109000,108600,109000
2025-10-23T13:45:00+09:00,108990,108990,108800,108800
2025-10-23T14:00:00+09:00,108800,108950,108780,108930
2025-10-23T14:15:00+09:00,108940,108950,108870,108870
2025-10-23T14:30:00+09:00,108900,108910,108780,108810
2025-10-23T14:45:00+09:00,108790,109100,108790,109080
2025-10-23T15:00:00+09:00,109060,109180,108980,109180
2025-10-23T15:15:00+09:00,109190,110220,109190,109970
2025-10-23T15:30:00+09:00,110050,110130,109870,110050
2025-10-23T15:45:00+09:00,110080,110320,110080,110320
2025-10-23T16:00:00+09:00,110300,110300,109860,109870
2025-10-23T16:15:00+09:00,109850,109930,109430,109630
2025-10-23T16:30:00+09:00,109660,109690,109300,109490
2025-10-23T16:45:00+09:00,109490,109610,109300,109330
2025-10-23T17:00:00+09:00,109330,109740,109330,109740
2025-10-23T17:15:00+09:00,109740,109870,109670,109800
2025-10-23T17:30:00+09:00,109780,109780,109470,109540
2025-10-23T17:45:00+09:00,109580,109700,109420,109490
2025-10-23T18:00:00+09:00,109510,109510,109170,109170
2025-10-23T18:15:00+09:00,109140,109390,109140,109390
2025-10-23T18:30:00+09:00,109400,109430,109360,109380
2025-10-23T18:45:00+09:00,109370,109440,109310,109420
2025-10-23T19:00:00+09:00,109420,109560,109400,109560
2025-10-23T19:15:00+09:00,109570,109710,109540,109550
2025-10-23T19:30:00+09:00,109540,109540,109390,109440
2025-10-23T19:45:00+09:00,109420,109550,109420,109470
2025-10-23T20:00:00+09:00,109440,109490,109380,109390
2025-10-23T20:15:00+09:00,109370,109640,109310,109590
2025-10-23T20:30:00+09:00,109540,109550,109140,109200
2025-10-23T20:45:00+09:00,109220,109300,109130,109250
2025-10-23T21:00:00+09:00,109250,109260,108750,108960
2025-10-23T21:15:00+09:00,108950,109210,108890,109160
2025-10-23T21:30:00+09:00,109110,109110,108800,109090
2025-10-23T21:45:00+09:00,109080,109180,109030,109180
2025-10-23T22:00:00+09:00,109160,109190,108830,109050
2025-10-23T22:15:00+09:00,109060,109160,108980,109150
2025-10-23T22:30:00+09:00,109100,109600,109080,109370
2025-10-23T22:45:00+09:00,109410,109610,109270,109500
2025-10-23T23:00:00+09:00,109520,109560,108920,108920
2025-10-23T23:15:00+09:00,108910,109490,108770,109330
2025-10-23T23:30:00+09:00,109330,109840,109330,109630
2025-10-23T23:45:00+09:00,109600,109730,109450,109630
2025-10-24T00:00:00+09:00,109630,110070,109570,109820
2025-10-24T00:15:00+09:00,109900,109930,109560,109800
2025-10-24T00:30:00+09:00,109810,110130,109670,109690
2025-10-24T00:45:00+09:00,109700,110100,109700,109940
2025-10-24T01:00:00+09:00,109940,110060,109830,110040
2025-10-24T01:15:00+09:00,110050,110140,109860,109870
2025-10-24T01:30:00+09:00,109900,109980,109710,109890
2025-10-24T01:45:00+09:00,109900,110580,109900,110300
2025-10-24T02:00:00+09:00,110320,110320,109700,110010
2025-10-24T02:15:00+09:00,110020,110260,110010,110260
2025-10-24T02:30:00+09:00,110260,110990,110210,110750
2025-10-24T02:45:00+09:00,110750,111260,110740,111230
2025-10-24T03:00:00+09:00,111250,111270,110810,110820
2025-10-24T03:15:00+09:00,110830,110920,110580,110610
2025-10-24T03:30:00+09:00,110600,110600,110500,110570
2025-10-24T03:45:00+09:00,110580,110690,110360,110650
2025-10-24T04:00:00+09:00,110650,110690,110170,110470
2025-10-24T04:15:00+09:00,110340,110650,110300,110620
2025-10-24T04:30:00+09:00,110590,110590,110430,110450
2025-10-24T04:45:00+09:00,110440,110630,110320,110320
2025-10-24T05:00:00+09:00,110300,110300,109860,109980
2025-10-24T05:15:00+09:00,110000,110090,109970,110040
2025-10-24T05:30:00+09:00,110040,110140,109920,109980
2025-10-24T05:45:00+09:00,109940,109980,109500,109620
2025-10-24T06:00:00+09:00,109580,109780,109530,109720
2025-10-24T06:15:00+09:00,109730,109790,109670,109760
2025-10-24T06:30:00+09:00,109770,109770,109440,109550
2025-10-24T06:45:00+09:00,109550,109710,109550,109630
2025-10-24T07:00:00+09:00,109640,110060,109640,109940
2025-10-24T07:15:00+09:00,109950,110050,109870,110050
2025-10-24T07:30:00+09:00,110060,110240,110060,110130
2025-10-24T07:45:00+09:00,110130,110160,109970,110060
2025-10-24T08:00:00+09:00,110050,110120,109950,110120
2025-10-24T08:15:00+09:00,110110,110180,110110,110170
2025-10-24T08:30:00+09:00,110160,110170,110070,110170
2025-10-24T08:45:00+09:00,110160,110210,110080,110210
2025-10-24T09:00:00+09:00,110160,110340,110110,110340
2025-10-24T09:15:00+09:00,110320,110490,110230,110270
2025-10-24T09:30:00+09:00,110270,110540,110260,110500
2025-10-24T09:45:00+09:00,110510,110770,110510,110600
2025-10-24T10:00:00+09:00,110610,110730,110610,110620
2025-10-24T10:15:00+09:00,110620,110620,110260,110320
2025-10-24T10:30:00+09:00,110340,110520,110300,110510
2025-10-24T10:45:00+09:00,110520,110750,110520,110720
2025-10-24T11:00:00+09:00,110710,110710,110520,110580
2025-10-24T11:15:00+09:00,110580,110680,110480,110570
2025-10-24T11:30:00+09:00,110550,110820,110540,110800
2025-10-24T11:45:00+09:00,110770,110910,110730,110730
2025-10-24T12:00:00+09:00,110710,110750,110560,110600
2025-10-24T12:15:00+09:00,110620,110680,110610,110610
2025-10-24T12:30:00+09:00,110600,110630,110430,110550
2025-10-24T12:45:00+09:00,110520,110610,110460,110610
2025-10-24T13:00:00+09:00,110570,110750,110500,110750
2025-10-24T13:15:00+09:00,110750,111120,110660,111090
2025-10-24T13:30:00+09:00,111090,111430,111090,111200
2025-10-24T13:45:00+09:00,111230,111330,111180,111230
2025-10-24T14:00:00+09:00,111200,111260,110940,111140
2025-10-24T14:15:00+09:00,111180,111180,110940,111040
2025-10-24T14:30:00+09:00,111030,111290,110990,111150
2025-10-24T14:45:00+09:00,111170,111300,110990,111240
2025-10-24T15:00:00+09:00,111210,111240,111140,111220
2025-10-24T15:15:00+09:00,111190,111290,111140,111280
2025-10-24T15:30:00+09:00,111300,111450,111300,111440
2025-10-24T15:45:00+09:00,111450,111450,111380,111440
2025-10-24T16:00:00+09:00,111440,111460,111130,111130
2025-10-24T16:15:00+09:00,111130,111190,111130,111190
2025-10-24T16:30:00+09:00,111190,111230,110940,110940
2025-10-24T16:45:00+09:00,110940,111130,110780,111090
2025-10-24T17:00:00+09:00,111080,111240,110870,111090
2025-10-24T17:15:00+09:00,111090,111090,110840,110840
2025-10-24T17:30:00+09:00,110830,111100,110680,111090
2025-10-24T17:45:00+09:00,111100,111210,111080,111120
2025-10-24T18:00:00+09:00,111110,111330,111060,111320
2025-10-24T18:15:00+09:00,111330,111410,111290,111410
2025-10-24T18:30:00+09:00,111410,111420,111270,111370
2025-10-24T18:45:00+09:00,111380,111470,111290,111310
2025-10-24T19:00:00+09:00,111280,111280,111210,111270
2025-10-24T19:15:00+09:00,111260,111260,111080,111090
2025-10-24T19:30:00+09:00,111120,111230,111120,111160
2025-10-24T19:45:00+09:00,111190,111200,111120,111120
2025-10-24T20:00:00+09:00,111120,111230,111090,111230
2025-10-24T20:15:00+09:00,111230,111240,111110,111120
2025-10-24T20:30:00+09:00,111110,111110,110610,110980
2025-10-24T20:45:00+09:00,110980,111140,110900,111070
2025-10-24T21:00:00+09:00,111100,111240,111100,111210
2025-10-24T21:15:00+09:00,111180,111180,110910,111010
2025-10-24T21:30:00+09:00,110950,112000,110950,111540
2025-10-24T21:45:00+09:00,111560,111560,111230,111290
2025-10-24T22:00:00+09:00,111310,111450,111220,111220
2025-10-24T22:15:00+09:00,111210,111400,111200,111310
2025-10-24T22:30:00+09:00,111300,111300,110730,110730
2025-10-24T22:45:00+09:00,110740,110970,110450,110950
2025-10-24T23:00:00+09:00,110930,110930,110330,110640
2025-10-24T23:15:00+09:00,110600,110600,109780,110070
2025-10-24T23:30:00+09:00,110040,110230,109820,110130
2025-10-24T23:45:00+09:00,110120,110260,109980,110260
2025-10-25T00:00:00+09:00,110260,110630,110130,110560
2025-10-25T00:15:00+09:00,110540,110660,110420,110620
2025-10-25T00:30:00+09:00,110630,110660,110200,110220
2025-10-25T00:45:00+09:00,110210,110290,110020,110140
2025-10-25T01:00:00+09:00,110140,110190,109910,110120
2025-10-25T01:15:00+09:00,110120,110480,110120,110470
2025-10-25T01:30:00+09:00,110450,110460,110050,110120
2025-10-25T01:45:00+09:00,110080,110380,110080,110370
2025-10-25T02:00:00+09:00,110360,110500,110330,110340
2025-10-25T02:15:00+09:00,110330,110670,110310,110580
2025-10-25T02:30:00+09:00,110590,110600,110450,110450
2025-10-25T02:45:00+09:00,110460,110540,110360,110360
2025-10-25T03:00:00+09:00,110350,110610,110290,110590
2025-10-25T03:15:00+09:00,110610,110740,110590,110610
2025-10-25T03:30:00+09:00,110640,110680,110550,110660
2025-10-25T03:45:00+09:00,110670,110720,110630,110720
2025-10-25T04:00:00+09:00,110710,111000,110710,110840
2025-10-25T04:15:00+09:00,110840,111000,110830,111000
2025-10-25T04:30:00+09:00,111000,111000,110770,110840
2025-10-25T04:45:00+09:00,110850,110850,110630,110690
2025-10-25T05:00:00+09:00,110720,110780,110610,110780
2025-10-25T05:15:00+09:00,110760,110900,110760,110880
2025-10-25T05:30:00+09:00,110880,110900,110800,110900
2025-10-25T05:45:00+09:00,110910,111000,110900,110940
2025-10-25T06:00:00+09:00,110960,111090,110730,110730
2025-10-25T06:15:00+09:00,110760,111110,110760,110960
2025-10-25T06:30:00+09:00,111000,111090,110980,111090
2025-10-25T06:45:00+09:00,111090,111200,111090,111160
2025-10-25T07:00:00+09:00,111180,111200,111050,111060
2025-10-25T07:15:00+09:00,111080,111160,111080,111150
2025-10-25T07:30:00+09:00,111170,111200,111120,111120
2025-10-25T07:45:00+09:00,111120,111140,111090,111110
2025-10-25T08:00:00+09:00,111100,111100,111000,111030
2025-10-25T08:15:00+09:00,111020,111140,111000,111140
2025-10-25T08:30:00+09:00,111140,111210,111100,111100
2025-10-25T08:45:00+09:00,111110,111160,111080,111160
2025-10-25T09:00:00+09:00,111120,111130,111010,111010
2025-10-25T09:15:00+09:00,111000,111000,110940,110970
2025-10-25T09:30:00+09:00,110970,110970,110840,110910
2025-10-25T09:45:00+09:00,110930,111060,110810,110870
2025-10-25T10:00:00+09:00,110880,110990,110880,110990
2025-10-25T10:15:00+09:00,111000,111290,110980,111250
2025-10-25T10:30:00+09:00,111250,111300,111070,111080
2025-10-25T10:45:00+09:00,111080,111140,111080,111140
2025-10-25T11:00:00+09:00,111140,111210,111090,111090
2025-10-25T11:15:00+09:00,111090,111120,111090,111100
2025-10-25T11:30:00+09:00,111110,111140,111090,111130
2025-10-25T11:45:00+09:00,111130,111150,111130,111150
2025-10-25T12:00:00+09:00,111150,111210,111130,111140
2025-10-25T12:15:00+09:00,111200,111210,111160,111160
2025-10-25T12:30:00+09:00,111200,111210,111180,111180
2025-10-25T12:45:00+09:00,111190,111190,111140,111140
2025-10-25T13:00:00+09:00,111140,111260,111140,111260
2025-10-25T13:15:00+09:00,111270,111500,111270,111410
2025-10-25T13:30:00+09:00,111400,111430,111360,111430
2025-10-25T13:45:00+09:00,111390,111400,111340,111350
2025-10-25T14:00:00+09:00,111350,111350,111230,111240
2025-10-25T14:15:00+09:00,111230,111270,111220,111250
2025-10-25T14:30:00+09:00,111250,111360,111250,111360
2025-10-25T14:45:00+09:00,111360,111480,111360,111400
2025-10-25T15:00:00+09:00,111450,111530,111430,111500
2025-10-25T15:15:00+09:00,111490,111490,111400,111400
2025-10-25T15:30:00+09:00,111400,111410,111370,111380
2025-10-25T15:45:00+09:00,111430,111480,111430,111480
2025-10-25T16:00:00+09:00,111470,111510,111470,111510
2025-10-25T16:15:00+09:00,111520,111700,111520,111660
2025-10-25T16:30:00+09:00,111680,111810,111560,111600
2025-10-25T16:45:00+09:00,111610,111610,111530,111560
2025-10-25T17:00:00+09:00,111560,111610,111560,111600
2025-10-25T17:15:00+09:00,111630,111730,111620,111700
2025-10-25T17:30:00+09:00,111700,111700,111640,111640
2025-10-25T17:45:00+09:00,111650,111820,111650,111790
2025-10-25T18:00:00+09:00,111800,111850,111760,111790
2025-10-25T18:15:00+09:00,111780,111780,111690,111690
2025-10-25T18:30:00+09:00,111720,111790,111670,111750
2025-10-25T18:45:00+09:00,111720,111720,111570,111570
2025-10-25T19:00:00+09:00,111560,111600,111460,111480
2025-10-25T19:15:00+09:00,111480,111600,111480,111570
2025-10-25T19:30:00+09:00,111590,111720,111530,111700
2025-10-25T19:45:00+09:00,111710,111730,111650,111650
2025-10-25T20:00:00+09:00,111630,111660,111570,111630
2025-10-25T20:15:00+09:00,111580,111640,111580,111640
2025-10-25T20:30:00+09:00,111640,111660,111640,111650
2025-10-25T20:45:00+09:00,111650,111680,111640,111650
2025-10-25T21:00:00+09:00,111650,111700,111640,111690
2025-10-25T21:15:00+09:00,111700,111750,111700,111740
2025-10-25T21:30:00+09:00,111740,111740,111730,111740
2025-10-25T21:45:00+09:00,111750,111950,111750,111940
2025-10-25T22:00:00+09:00,111940,111960,111820,111820
2025-10-25T22:15:00+09:00,111840,111870,111770,111770
2025-10-25T22:30:00+09:00,111830,111830,111640,111650
2025-10-25T22:45:00+09:00,111640,111680,111620,111680
2025-10-25T23:00:00+09:00,111680,111800,111680,111750
2025-10-25T23:15:00+09:00,111760,111760,111680,111680
2025-10-25T23:30:00+09:00,111660,111660,111530,111630
2025-10-25T23:45:00+09:00,111610,111610,111600,111600
2025-10-26T00:00:00+09:00,111610,111610,111400,111490
2025-10-26T00:15:00+09:00,111470,111470,111460,111460
2025-10-26T00:30:00+09:00,111460,111530,111450,111530
2025-10-26T00:45:00+09:00,111510,111530,111380,111390
2025-10-26T01:00:00+09:00,111420,111420,111220,111220
2025-10-26T01:15:00+09:00,111260,111300,111260,111300
2025-10-26T01:30:00+09:00,111280,111300,111270,111300
2025-10-26T01:45:00+09:00,111300,111490,111300,111430
2025-10-26T02:00:00+09:00,111410,111450,111400,111450
2025-10-26T02:15:00+09:00,111460,111460,111390,111390
2025-10-26T02:30:00+09:00,111390,111390,111370,111370
2025-10-26T02:45:00+09:00,111370,111370,111360,111360
2025-10-26T03:00:00+09:00,111380,111420,111380,111420
2025-10-26T03:15:00+09:00,111430,111580,111430,111580
2025-10-26T03:30:00+09:00,111580,111710,111580,111690
2025-10-26T03:45:00+09:00,111710,111740,111680,111680
2025-10-26T04:00:00+09:00,111700,111700,111660,111660
2025-10-26T04:15:00+09:00,111660,111690,111650,111690
2025-10-26T04:30:00+09:00,111650,111690,111650,111670
2025-10-26T04:45:00+09:00,111670,111670,111610,111610
2025-10-26T05:00:00+09:00,111650,111660,111630,111650
2025-10-26T05:15:00+09:00,111630,111630,111590,111590
2025-10-26T05:30:00+09:00,111580,111580,111410,111530
2025-10-26T05:45:00+09:00,111480,111530,111380,111380
2025-10-26T06:00:00+09:00,111390,111450,111390,111450
2025-10-26T06:15:00+09:00,111470,111470,111410,111430
2025-10-26T06:30:00+09:00,111420,111420,111380,111380
2025-10-26T06:45:00+09:00,111390,111440,111390,111440
2025-10-26T07:00:00+09:00,111460,111490,111430,111430
2025-10-26T07:15:00+09:00,111420,111490,111420,111470
2025-10-26T07:30:00+09:00,111500,111590,111500,111590
2025-10-26T07:45:00+09:00,111590,111680,111580,111670
2025-10-26T08:00:00+09:00,111620,111650,111580,111640
2025-10-26T08:15:00+09:00,111650,111670,111580,111590
2025-10-26T08:30:00+09:00,111630,111630,111560,111560
2025-10-26T08:45:00+09:00,111580,111650,111570,111650
2025-10-26T09:00:00+09:00,111620,111630,111570,111580
2025-10-26T09:15:00+09:00,111590,111720,111590,111720
2025-10-26T09:30:00+09:00,111720,111860,111720,111800
2025-10-26T09:45:00+09:00,111840,111860,111730,111760
2025-10-26T10:00:00+09:00,111750,111790,111730,111790
2025-10-26T10:15:00+09:00,111810,111810,111730,111740
2025-10-26T10:30:00+09:00,111730,111770,111730,111770
2025-10-26T10:45:00+09:00,111770,111780,111590,111600
2025-10-26T11:00:00+09:00,111630,111630,111510,111540
2025-10-26T11:15:00+09:00,111550,111620,111550,111620
2025-10-26T11:30:00+09:00,111630,111650,111610,111630
2025-10-26T11:45:00+09:00,111630,111630,111370,111460
2025-10-26T12:00:00+09:00,111460,111460,111410,111460
2025-10-26T12:15:00+09:00,111480,111490,111480,111480
2025-10-26T12:30:00+09:00,111480,111480,111320,111320
2025-10-26T12:45:00+09:00,111300,111310,111260,111270
2025-10-26T13:00:00+09:00,111270,111350,111270,111350
2025-10-26T13:15:00+09:00,111330,111370,111300,111370
2025-10-26T13:30:00+09:00,111360,111420,111360,111420
2025-10-26T13:45:00+09:00,111430,111440,111430,111440
2025-10-26T14:00:00+09:00,111410,111440,111390,111440
2025-10-26T14:15:00+09:00,111450,111450,111450,111450
2025-10-26T14:30:00+09:00,111450,111600,111450,111600
2025-10-26T14:45:00+09:00,111590,111600,111590,111600
2025-10-26T15:00:00+09:00,111590,111600,111590,111590
2025-10-26T15:15:00+09:00,111590,111600,111550,111600
2025-10-26T15:30:00+09:00,111600,111660,111590,111600
2025-10-26T15:45:00+09:00,111600,111630,111600,111630
2025-10-26T16:00:00+09:00,111640,111670,111640,111660
2025-10-26T16:15:00+09:00,111670,111680,111670,111670
2025-10-26T16:30:00+09:00,111670,111710,111670,111710
2025-10-26T16:45:00+09:00,111700,111720,111700,111710
2025-10-26T17:00:00+09:00,111720,111800,111720,111800
2025-10-26T17:15:00+09:00,111790,111790,111780,111780
2025-10-26T17:30:00+09:00,111780,111810,111750,111810
2025-10-26T17:45:00+09:00,111810,111810,111800,111810
2025-10-26T18:00:00+09:00,111810,111810,111730,111730
2025-10-26T18:15:00+09:00,111770,112700,111760,112670
2025-10-26T18:30:00+09:00,112700,112730,112260,112310
2025-10-26T18:45:00+09:00,112330,112550,112260,112510
2025-10-26T19:00:00+09:00,112510,112550,112340,112390
2025-10-26T19:15:00+09:00,112390,112390,112340,112360
2025-10-26T19:30:00+09:00,112350,112420,112240,112420
2025-10-26T19:45:00+09:00,112400,112480,112400,112440
2025-10-26T20:00:00+09:00,112470,112540,112470,112480
2025-10-26T20:15:00+09:00,112500,112660,112500,112660
2025-10-26T20:30:00+09:00,112660,113300,112660,113200
2025-10-26T20:45:00+09:00,113250,113340,113070,113230
2025-10-26T21:00:00+09:00,113260,113710,113260,113610
2025-10-26T21:15:00+09:00,113670,113690,113490,113610
2025-10-26T21:30:00+09:00,113600,113640,113390,113400
2025-10-26T21:45:00+09:00,113490,113660,113480,113550
2025-10-26T22:00:00+09:00,113560,113610,113350,113400
2025-10-26T22:15:00+09:00,113400,113600,113270,113600
2025-10-26T22:30:00+09:00,113590,113950,113520,113800
2025-10-26T22:45:00+09:00,113790,113910,113560,113680
2025-10-26T23:00:00+09:00,113670,113760,113580,113730
2025-10-26T23:15:00+09:00,113740,113820,113650,113650
2025-10-26T23:30:00+09:00,113650,113870,113640,113820
2025-10-26T23:45:00+09:00,113810,113810,113500,113520
2025-10-27T00:00:00+09:00,113560,113570,113460,113540
2025-10-27T00:15:00+09:00,113540,113570,113460,113510
2025-10-27T00:30:00+09:00,113520,113540,113450,113450
2025-10-27T00:45:00+09:00,113450,113680,113450,113660
2025-10-27T01:00:00+09:00,113660,113700,113450,113450
2025-10-27T01:15:00+09:00,113450,113450,113300,113400
2025-10-27T01:30:00+09:00,113380,113580,113320,113580
2025-10-27T01:45:00+09:00,113590,113710,113530,113530
2025-10-27T02:00:00+09:00,113530,113700,113490,113660
2025-10-27T02:15:00+09:00,113640,113680,113620,113640
2025-10-27T02:30:00+09:00,113630,113630,113570,113570
2025-10-27T02:45:00+09:00,113560,113570,113450,113450
2025-10-27T03:00:00+09:00,113450,113580,113450,113550
2025-10-27T03:15:00+09:00,113560,113560,113450,113520
2025-10-27T03:30:00+09:00,113520,113720,113510,113690
2025-10-27T03:45:00+09:00,113710,113730,113600,113600
2025-10-27T04:00:00+09:00,113600,113600,113530,113530
2025-10-27T04:15:00+09:00,113550,113670,113520,113670
2025-10-27T04:30:00+09:00,113660,113670,113620,113630
2025-10-27T04:45:00+09:00,113610,113610,113560,113560
2025-10-27T05:00:00+09:00,113560,113560,113530,113530
2025-10-27T05:15:00+09:00,113530,113530,113400,113400
2025-10-27T05:30:00+09:00,113410,113490,113390,113490
2025-10-27T05:45:00+09:00,113480,113490,113330,113340
2025-10-27T06:00:00+09:00,113380,113440,113380,113440
2025-10-27T06:15:00+09:00,113410,113410,113000,113110
2025-10-27T06:30:00+09:00,113100,113510,113020,113480
2025-10-27T06:45:00+09:00,113440,113560,113410,113490
2025-10-27T07:00:00+09:00,113500,115390,113500,114580
2025-10-27T07:15:00+09:00,114590,114630,114280,114370
2025-10-27T07:30:00+09:00,114400,114510,114370,114490
2025-10-27T07:45:00+09:00,114510,114730,114510,114630
2025-10-27T08:00:00+09:00,114640,114880,114390,114390
2025-10-27T08:15:00+09:00,114420,114530,114410,114410
2025-10-27T08:30:00+09:00,114400,114670,114400,114670
2025-10-27T08:45:00+09:00,114660,114680,114440,114500
2025-10-27T09:00:00+09:00,114520,114860,114380,114850
2025-10-27T09:15:00+09:00,114860,114940,114750,114840
2025-10-27T09:30:00+09:00,114840,115090,114800,114830
2025-10-27T09:45:00+09:00,114890,114890,114660,114760
2025-10-27T10:00:00+09:00,114730,114960,114730,114960
2025-10-27T10:15:00+09:00,114970,115170,114870,115160
2025-10-27T10:30:00+09:00,115090,115290,115020,115220
2025-10-27T10:45:00+09:00,115210,115320,115210,115270
2025-10-27T11:00:00+09:00,115280,115430,115280,115300
2025-10-27T11:15:00+09:00,115290,115290,114940,114940
2025-10-27T11:30:00+09:00,114930,114990,114800,114990
2025-10-27T11:45:00+09:00,114980,114980,114820,114860
2025-10-27T12:00:00+09:00,114860,115060,114840,115060
2025-10-27T12:15:00+09:00,115040,115160,114940,114940
2025-10-27T12:30:00+09:00,114930,114940,114850,114920
2025-10-27T12:45:00+09:00,114930,115000,114910,114950
2025-10-27T13:00:00+09:00,114950,115140,114950,115140
2025-10-27T13:15:00+09:00,115150,115170,115130,115160
2025-10-27T13:30:00+09:00,115160,115230,115140,115230
2025-10-27T13:45:00+09:00,115230,115230,115200,115210
2025-10-27T14:00:00+09:00,115220,115440,115220,115440
2025-10-27T14:15:00+09:00,115440,115500,115390,115490
2025-10-27T14:30:00+09:00,115470,115580,115410,115580
2025-10-27T14:45:00+09:00,115560,115560,115450,115500
2025-10-27T15:00:00+09:00,115510,115510,115350,115390
2025-10-27T15:15:00+09:00,115450,115670,115450,115670
2025-10-27T15:30:00+09:00,115660,115780,115550,115630
2025-10-27T15:45:00+09:00,115640,116000,115640,115960
2025-10-27T16:00:00+09:00,115950,116500,115850,115850
2025-10-27T16:15:00+09:00,115860,115980,115860,115860
2025-10-27T16:30:00+09:00,115860,115860,115500,115590
2025-10-27T16:45:00+09:00,115600,115710,115550,115580
2025-10-27T17:00:00+09:00,115550,115590,115420,115420
2025-10-27T17:15:00+09:00,115450,115560,115100,115100
2025-10-27T17:30:00+09:00,115190,115400,115190,115220
2025-10-27T17:45:00+09:00,115210,115210,114910,115050
2025-10-27T18:00:00+09:00,115050,115090,114820,115090
2025-10-27T18:15:00+09:00,115050,115240,114990,115140
2025-10-27T18:30:00+09:00,115120,115320,115120,115310
2025-10-27T18:45:00+09:00,115300,115300,115240,115270
2025-10-27T19:00:00+09:00,115260,115350,115150,115310
2025-10-27T19:15:00+09:00,115310,115500,115310,115460
2025-10-27T19:30:00+09:00,115430,115490,115420,115460
2025-10-27T19:45:00+09:00,115410,115490,115400,115430
2025-10-27T20:00:00+09:00,115430,115490,115410,115450
2025-10-27T20:15:00+09:00,115450,115450,115130,115250
2025-10-27T20:30:00+09:00,115240,115470,115240,115460
2025-10-27T20:45:00+09:00,115410,115440,115310,115420
2025-10-27T21:00:00+09:00,115340,115350,115200,115250
2025-10-27T21:15:00+09:00,115270,115280,115180,115250
2025-10-27T21:30:00+09:00,115250,115250,114990,115010
2025-10-27T21:45:00+09:00,115040,115060,115030,115030
2025-10-27T22:00:00+09:00,115040,115190,115040,115100
2025-10-27T22:15:00+09:00,115100,115200,115090,115110
2025-10-27T22:30:00+09:00,115130,115220,114600,114810
2025-10-27T22:45:00+09:00,114830,115360,114830,115230
2025-10-27T23:00:00+09:00,115230,115230,114690,114830
2025-10-27T23:15:00+09:00,114830,115020,114500,114990
2025-10-27T23:30:00+09:00,114980,115000,114810,114880
2025-10-27T23:45:00+09:00,114880,114880,114690,114810
2025-10-28T00:00:00+09:00,114810,115020,114800,115000
2025-10-28T00:15:00+09:00,115030,115060,114930,115050
2025-10-28T00:30:00+09:00,115040,115200,114940,114990
2025-10-28T00:45:00+09:00,114980,115040,114910,114980
2025-10-28T01:00:00+09:00,115010,115330,114930,115250
2025-10-28T01:15:00+09:00,115260,115360,115180,115330
2025-10-28T01:30:00+09:00,115330,115490,115290,115470
2025-10-28T01:45:00+09:00,115480,115590,115370,115480
2025-10-28T02:00:00+09:00,115500,115560,115470,115550
2025-10-28T02:15:00+09:00,115510,115520,115340,115360
2025-10-28T02:30:00+09:00,115330,115670,115330,115640
2025-10-28T02:45:00+09:00,115620,115660,115540,115630
2025-10-28T03:00:00+09:00,115660,115750,115540,115750
2025-10-28T03:15:00+09:00,115750,115750,115370,115390
2025-10-28T03:30:00+09:00,115370,115450,115330,115430
2025-10-28T03:45:00+09:00,115450,115470,115360,115360
2025-10-28T04:00:00+09:00,115350,115350,115000,115280
2025-10-28T04:15:00+09:00,115240,115240,114970,115020
2025-10-28T04:30:00+09:00,114990,114990,114800,114930
2025-10-28T04:45:00+09:00,114940,115020,114840,114900
2025-10-28T05:00:00+09:00,114890,114890,114770,114800
2025-10-28T05:15:00+09:00,114780,114850,114720,114720
2025-10-28T05:30:00+09:00,114720,114750,114650,114690
2025-10-28T05:45:00+09:00,114650,114720,114500,114560
2025-10-28T06:00:00+09:00,114510,114590,114440,114440
2025-10-28T06:15:00+09:00,114440,114460,114190,114210
2025-10-28T06:30:00+09:00,114200,114350,114200,114330
2025-10-28T06:45:00+09:00,114350,114650,114350,114370
2025-10-28T07:00:00+09:00,114340,114490,114190,114490
2025-10-28T07:15:00+09:00,114450,114580,114430,114510
2025-10-28T07:30:00+09:00,114460,114460,114280,114280
2025-10-28T07:45:00+09:00,114230,114320,114130,114130
2025-10-28T08:00:00+09:00,114130,114140,114010,114060
2025-10-28T08:15:00+09:00,114090,114090,113800,114010
2025-10-28T08:30:00+09:00,114040,114150,114040,114140
2025-10-28T08:45:00+09:00,114160,114200,114120,114150
2025-10-28T09:00:00+09:00,114120,114130,113930,114090
2025-10-28T09:15:00+09:00,114100,114350,114100,114280
2025-10-28T09:30:00+09:00,114280,114280,113970,114020
2025-10-28T09:45:00+09:00,114020,114020,113770,113980
2025-10-28T10:00:00+09:00,113950,114200,113950,114200
2025-10-28T10:15:00+09:00,114190,114280,114190,114210
2025-10-28T10:30:00+09:00,114200,114500,114130,114500
2025-10-28T10:45:00+09:00,114470,114500,114410,114440
2025-10-28T11:00:00+09:00,114450,114450,114180,114180
2025-10-28T11:15:00+09:00,114170,114200,113960,114050
2025-10-28T11:30:00+09:00,114080,114120,113960,113960
2025-10-28T11:45:00+09:00,113980,114000,113620,113950
2025-10-28T12:00:00+09:00,113940,114070,113780,113780
2025-10-28T12:15:00+09:00,113810,113960,113810,113960
2025-10-28T12:30:00+09:00,113950,113950,113810,113810
2025-10-28T12:45:00+09:00,113870,113920,113820,113910
2025-10-28T13:00:00+09:00,113890,113910,113810,113870
2025-10-28T13:15:00+09:00,113900,113920,113870,113870
2025-10-28T13:30:00+09:00,113860,113940,113840,113880
2025-10-28T13:45:00+09:00,113890,114030,113890,113990
2025-10-28T14:00:00+09:00,113990,113990,113860,113870
2025-10-28T14:15:00+09:00,113860,113930,113830,113930
2025-10-28T14:30:00+09:00,113940,113940,113740,113740
2025-10-28T14:45:00+09:00,113740,113780,113500,113630
2025-10-28T15:00:00+09:00,113640,113810,113640,113810
2025-10-28T15:15:00+09:00,113800,113870,113790,113870
2025-10-28T15:30:00+09:00,113800,113990,113800,113990
2025-10-28T15:45:00+09:00,114000,114160,114000,114100
2025-10-28T16:00:00+09:00,114120,114250,114120,114140
2025-10-28T16:15:00+09:00,114190,114300,114160,114240
2025-10-28T16:30:00+09:00,114260,114260,114130,114230
2025-10-28T16:45:00+09:00,114240,114330,114180,114220
2025-10-28T17:00:00+09:00,114230,114230,114160,114160
2025-10-28T17:15:00+09:00,114150,114440,114150,114380
2025-10-28T17:30:00+09:00,114380,114430,114380,114410
2025-10-28T17:45:00+09:00,114410,114490,114370,114420
2025-10-28T18:00:00+09:00,114430,114590,114350,114350
2025-10-28T18:15:00+09:00,114360,114400,114190,114190
2025-10-28T18:30:00+09:00,114270,114470,114270,114470
2025-10-28T18:45:00+09:00,114480,114520,114430,114520
2025-10-28T19:00:00+09:00,114510,114520,114440,114480
2025-10-28T19:15:00+09:00,114480,114540,114440,114520
2025-10-28T19:30:00+09:00,114520,114530,114420,114530
2025-10-28T19:45:00+09:00,114530,114590,114510,114580
2025-10-28T20:00:00+09:00,114600,114600,114470,114490
2025-10-28T20:15:00+09:00,114510,114580,114500,114510
2025-10-28T20:30:00+09:00,114520,114620,114480,114480
2025-10-28T20:45:00+09:00,114480,114490,114290,114330
2025-10-28T21:00:00+09:00,114330,114350,114260,114290
2025-10-28T21:15:00+09:00,114280,114290,114110,114140
2025-10-28T21:30:00+09:00,114150,114320,114150,114310
2025-10-28T21:45:00+09:00,114320,114470,114320,114430
2025-10-28T22:00:00+09:00,114430,114790,114430,114730
2025-10-28T22:15:00+09:00,114740,115100,114740,115090
2025-10-28T22:30:00+09:00,115050,115120,114860,115070
2025-10-28T22:45:00+09:00,115080,115470,115080,115470
2025-10-28T23:00:00+09:00,115480,115780,115350,115780
2025-10-28T23:15:00+09:00,115740,116000,115680,115860
2025-10-28T23:30:00+09:00,115850,115890,114600,114760
2025-10-28T23:45:00+09:00,114750,115180,114250,115030
2025-10-29T00:00:00+09:00,115050,115330,115050,115240
2025-10-29T00:15:00+09:00,115220,115220,115020,115020
2025-10-29T00:30:00+09:00,115020,115020,114500,114500
2025-10-29T00:45:00+09:00,114510,114820,114510,114710
2025-10-29T01:00:00+09:00,114600,114830,114520,114830
2025-10-29T01:15:00+09:00,114810,115070,114660,115040
2025-10-29T01:30:00+09:00,115030,115290,114960,115040
2025-10-29T01:45:00+09:00,115040,115470,115040,115360
2025-10-29T02:00:00+09:00,115360,115490,115290,115490
2025-10-29T02:15:00+09:00,115420,115500,115390,115500
2025-10-29T02:30:00+09:00,115420,115500,115230,115490
2025-10-29T02:45:00+09:00,115430,115440,115280,115280
2025-10-29T03:00:00+09:00,115280,115290,115110,115240
2025-10-29T03:15:00+09:00,115250,115280,114860,114860
2025-10-29T03:30:00+09:00,114870,114980,114650,114720
2025-10-29T03:45:00+09:00,114700,114940,114660,114930
2025-10-29T04:00:00+09:00,114970,115000,114840,114840
2025-10-29T04:15:00+09:00,114830,114830,113750,113750
2025-10-29T04:30:00+09:00,113750,114140,113620,113940
2025-10-29T04:45:00+09:00,113940,114020,113590,113720
2025-10-29T05:00:00+09:00,113670,113670,112830,112980
2025-10-29T05:15:00+09:00,112970,112970,112510,112570
2025-10-29T05:30:00+09:00,112550,113000,112420,112810
2025-10-29T05:45:00+09:00,112810,112910,112670,112880
2025-10-29T06:00:00+09:00,112860,112860,112300,112680
2025-10-29T06:15:00+09:00,112670,112790,112600,112710
2025-10-29T06:30:00+09:00,112710,113180,112670,113180
2025-10-29T06:45:00+09:00,113180,113240,113060,113060
2025-10-29T07:00:00+09:00,113050,113180,112920,112920
2025-10-29T07:15:00+09:00,112910,113150,112910,113150
2025-10-29T07:30:00+09:00,113150,113370,113150,113370
2025-10-29T07:45:00+09:00,113330,113330,113270,113310
2025-10-29T08:00:00+09:00,113300,113300,113080,113130
2025-10-29T08:15:00+09:00,113160,113210,112880,113010
2025-10-29T08:30:00+09:00,112970,113160,112950,113030
2025-10-29T08:45:00+09:00,113070,113140,112980,113000
2025-10-29T09:00:00+09:00,112980,112980,112770,112840
2025-10-29T09:15:00+09:00,112850,112920,112750,112760
2025-10-29T09:30:00+09:00,112770,112770,112720,112720
2025-10-29T09:45:00+09:00,112730,112730,112530,112540
2025-10-29T10:00:00+09:00,112530,112620,112390,112470
2025-10-29T10:15:00+09:00,112430,112460,112210,112330
2025-10-29T10:30:00+09:00,112320,113000,112320,112790
2025-10-29T10:45:00+09:00,112750,112750,112370,112610
2025-10-29T11:00:00+09:00,112610,112610,112520,112570
2025-10-29T11:15:00+09:00,112550,112820,112520,112800
2025-10-29T11:30:00+09:00,112790,112790,112650,112660
2025-10-29T11:45:00+09:00,112660,112840,112640,112770
2025-10-29T12:00:00+09:00,112760,112760,112480,112550
2025-10-29T12:15:00+09:00,112540,112660,112510,112540
2025-10-29T12:30:00+09:00,112560,112690,112560,112680
2025-10-29T12:45:00+09:00,112660,112670,112620,112630
2025-10-29T13:00:00+09:00,112630,112780,112630,112780
2025-10-29T13:15:00+09:00,112770,112860,112770,112830
2025-10-29T13:30:00+09:00,112840,112980,112830,112870
2025-10-29T13:45:00+09:00,112890,112970,112890,112940
2025-10-29T14:00:00+09:00,112930,113050,112920,112970
2025-10-29T14:15:00+09:00,112970,113190,112970,113130
2025-10-29T14:30:00+09:00,113130,113480,113130,113360
2025-10-29T14:45:00+09:00,113340,113340,113200,113210
2025-10-29T15:00:00+09:00,113200,113370,113140,113230
2025-10-29T15:15:00+09:00,113230,113240,113160,113180
2025-10-29T15:30:00+09:00,113210,113270,113150,113220
2025-10-29T15:45:00+09:00,113230,113500,113230,113450
2025-10-29T16:00:00+09:00,113450,113460,113370,113440
2025-10-29T16:15:00+09:00,113440,113590,113420,113580
2025-10-29T16:30:00+09:00,113570,113570,113420,113450
2025-10-29T16:45:00+09:00,113430,113690,113420,113690
2025-10-29T17:00:00+09:00,113700,113740,113500,113500
2025-10-29T17:15:00+09:00,113500,113560,113450,113450
2025-10-29T17:30:00+09:00,113450,113470,113170,113280
2025-10-29T17:45:00+09:00,113280,113320,113130,113220
2025-10-29T18:00:00+09:00,113220,113250,113010,113040
2025-10-29T18:15:00+09:00,113030,113250,113030,113110
2025-10-29T18:30:00+09:00,113100,113110,112890,113110
2025-10-29T18:45:00+09:00,113070,113190,113070,113170
2025-10-29T19:00:00+09:00,113140,113260,113080,113090
2025-10-29T19:15:00+09:00,113090,113280,113090,113230
2025-10-29T19:30:00+09:00,113230,113350,113190,113220
2025-10-29T19:45:00+09:00,113230,113270,112950,113060
2025-10-29T20:00:00+09:00,113050,113230,112950,113220
2025-10-29T20:15:00+09:00,113210,113370,113210,113260
2025-10-29T20:30:00+09:00,113290,113430,113220,113220
2025-10-29T20:45:00+09:00,113240,113360,113240,113300
2025-10-29T21:00:00+09:00,113320,113500,113320,113410
2025-10-29T21:15:00+09:00,113450,113470,113300,113300
2025-10-29T21:30:00+09:00,113300,113350,113270,113350
2025-10-29T21:45:00+09:00,113350,113430,113290,113350
2025-10-29T22:00:00+09:00,113350,113570,113330,113560
2025-10-29T22:15:00+09:00,113530,113770,113530,113730
2025-10-29T22:30:00+09:00,113720,113760,113150,113200
2025-10-29T22:45:00+09:00,113200,113240,112930,113090
2025-10-29T23:00:00+09:00,113070,113070,112690,112840
2025-10-29T23:15:00+09:00,112830,112840,112450,112450
2025-10-29T23:30:00+09:00,112450,112860,112450,112730
2025-10-29T23:45:00+09:00,112730,112870,112480,112590
2025-10-30T00:00:00+09:00,112600,112690,112400,112460
2025-10-30T00:15:00+09:00,112430,112610,112120,112180
2025-10-30T00:30:00+09:00,112180,112270,111890,111930
2025-10-30T00:45:00+09:00,111930,112040,111590,111690
2025-10-30T01:00:00+09:00,111680,111680,111140,111210
2025-10-30T01:15:00+09:00,111170,111490,111170,111370
2025-10-30T01:30:00+09:00,111340,111580,111280,111530
2025-10-30T01:45:00+09:00,111530,111540,111320,111320
2025-10-30T02:00:00+09:00,111310,111550,111300,111310
2025-10-30T02:15:00+09:00,111310,111400,111230,111400
2025-10-30T02:30:00+09:00,111400,111940,111390,111870
2025-10-30T02:45:00+09:00,111860,112070,111830,111980
2025-10-30T03:00:00+09:00,112020,112130,111320,111430
2025-10-30T03:15:00+09:00,111420,111760,111380,111620
2025-10-30T03:30:00+09:00,111610,111960,109370,109940
2025-10-30T03:45:00+09:00,109940,111400,109870,110890
2025-10-30T04:00:00+09:00,110940,111540,110880,111420
2025-10-30T04:15:00+09:00,111450,111500,111030,111090
2025-10-30T04:30:00+09:00,111090,111100,110370,110540
2025-10-30T04:45:00+09:00,110560,111000,110560,110790
2025-10-30T05:00:00+09:00,110840,111000,110610,110760
2025-10-30T05:15:00+09:00,110760,111500,110740,111500
2025-10-30T05:30:00+09:00,111500,111500,111360,111460
2025-10-30T05:45:00+09:00,111460,111720,111400,111640
2025-10-30T06:00:00+09:00,111620,111750,111600,111620
2025-10-30T06:15:00+09:00,111610,111770,111610,111750
2025-10-30T06:30:00+09:00,111780,111990,111780,111860
2025-10-30T06:45:00+09:00,111850,111870,111700,111830
2025-10-30T07:00:00+09:00,111830,111830,111450,111660
2025-10-30T07:15:00+09:00,111660,111720,111440,111440
2025-10-30T07:30:00+09:00,111420,111450,111340,111360
2025-10-30T07:45:00+09:00,111370,111430,111170,111220
2025-10-30T08:00:00+09:00,111230,111280,110810,110830
2025-10-30T08:15:00+09:00,110810,110950,110660,110700
2025-10-30T08:30:00+09:00,110680,110680,110000,110240
2025-10-30T08:45:00+09:00,110240,110360,110140,110260
2025-10-30T09:00:00+09:00,110250,110350,110000,110350
2025-10-30T09:15:00+09:00,110360,110590,110350,110590
2025-10-30T09:30:00+09:00,110570,110730,110510,110690
2025-10-30T09:45:00+09:00,110650,110810,110610,110770
2025-10-30T10:00:00+09:00,110730,110820,110510,110730
2025-10-30T10:15:00+09:00,110720,110800,110550,110620
2025-10-30T10:30:00+09:00,110630,110840,110610,110840
2025-10-30T10:45:00+09:00,110840,110950,110640,110640
2025-10-30T11:00:00+09:00,110660,110840,110520,110840
2025-10-30T11:15:00+09:00,110820,111180,110820,111160
2025-10-30T11:30:00+09:00,111160,111220,111140,111190
2025-10-30T11:45:00+09:00,111190,111220,111070,111200
2025-10-30T12:00:00+09:00,111170,111180,110910,111000
2025-10-30T12:15:00+09:00,111030,111100,110980,111000
2025-10-30T12:30:00+09:00,111020,111120,110970,110970
2025-10-30T12:45:00+09:00,110970,110970,110790,110960
2025-10-30T13:00:00+09:00,110970,110980,110140,110220
2025-10-30T13:15:00+09:00,110210,110320,108160,108550
2025-10-30T13:30:00+09:00,108560,109670,108190,109190
2025-10-30T13:45:00+09:00,109180,109440,108770,108770
2025-10-30T14:00:00+09:00,108810,109170,108660,109170
2025-10-30T14:15:00+09:00,109210,109340,109000,109330
2025-10-30T14:30:00+09:00,109300,110000,109300,110000
2025-10-30T14:45:00+09:00,110000,110580,110000,110430
2025-10-30T15:00:00+09:00,110420,110450,110270,110340
2025-10-30T15:15:00+09:00,110340,110400,110160,110340
2025-10-30T15:30:00+09:00,110360,111000,110360,111000
2025-10-30T15:45:00+09:00,111000,111060,110930,110930
2025-10-30T16:00:00+09:00,110920,111480,110810,111420
2025-10-30T16:15:00+09:00,111400,111720,111400,111450
2025-10-30T16:30:00+09:00,111450,111560,111400,111540
2025-10-30T16:45:00+09:00,111550,111630,111480,111550
2025-10-30T17:00:00+09:00,111550,111600,111040,111040
2025-10-30T17:15:00+09:00,111050,111170,110900,110900
2025-10-30T17:30:00+09:00,110890,111100,110890,111070
2025-10-30T17:45:00+09:00,111080,111100,110920,110950
2025-10-30T18:00:00+09:00,110940,111000,110630,110630
2025-10-30T18:15:00+09:00,110630,110670,110350,110620
2025-10-30T18:30:00+09:00,110620,110750,110370,110430
2025-10-30T18:45:00+09:00,110480,110570,110390,110390
2025-10-30T19:00:00+09:00,110370,110410,110060,110060
2025-10-30T19:15:00+09:00,110070,110350,110070,110270
2025-10-30T19:30:00+09:00,110270,110390,110140,110140
2025-10-30T19:45:00+09:00,110150,110370,110130,110320
2025-10-30T20:00:00+09:00,110330,110330,110170,110210
2025-10-30T20:15:00+09:00,110180,110260,110040,110130
2025-10-30T20:30:00+09:00,110200,110250,110070,110130
2025-10-30T20:45:00+09:00,110130,110250,109930,109930
2025-10-30T21:00:00+09:00,109930,109990,109600,109650
2025-10-30T21:15:00+09:00,109640,109740,109000,109010
2025-10-30T21:30:00+09:00,109010,109310,108790,108790
2025-10-30T21:45:00+09:00,108800,108900,108540,108620
2025-10-30T22:00:00+09:00,108630,109000,108540,108800
2025-10-30T22:15:00+09:00,108790,108790,108470,108670
2025-10-30T22:30:00+09:00,108670,108710,107730,107740
2025-10-30T22:45:00+09:00,107750,108380,107710,107860
2025-10-30T23:00:00+09:00,107870,108430,107860,108260
2025-10-30T23:15:00+09:00,108260,108270,107990,108170
2025-10-30T23:30:00+09:00,108170,108490,108080,108410
2025-10-30T23:45:00+09:00,108400,108420,108030,108360
2025-10-31T00:00:00+09:00,108360,108400,107990,108040
2025-10-31T00:15:00+09:00,108010,108060,107840,107930
2025-10-31T00:30:00+09:00,107930,107930,107580,107780
2025-10-31T00:45:00+09:00,107780,107880,107420,107810
2025-10-31T01:00:00+09:00,107820,108250,107670,108150
2025-10-31T01:15:00+09:00,108180,108300,108030,108280
2025-10-31T01:30:00+09:00,108270,108300,108100,108100
2025-10-31T01:45:00+09:00,108150,108260,108100,108240
2025-10-31T02:00:00+09:00,108240,108260,107640,107640
2025-10-31T02:15:00+09:00,107640,107640,107000,107320
2025-10-31T02:30:00+09:00,107310,107360,107000,107290
2025-10-31T02:45:00+09:00,107300,107750,107300,107590
2025-10-31T03:00:00+09:00,107530,107620,107320,107460
2025-10-31T03:15:00+09:00,107460,107530,107370,107500
2025-10-31T03:30:00+09:00,107530,107690,107090,107090
2025-10-31T03:45:00+09:00,107090,107380,107000,107000
2025-10-31T04:00:00+09:00,107010,107300,106920,107070
2025-10-31T04:15:00+09:00,107070,107210,106830,107150
2025-10-31T04:30:00+09:00,107160,107300,106510,106910
2025-10-31T04:45:00+09:00,106900,107170,106540,106720
2025-10-31T05:00:00+09:00,106710,107230,106510,107000
2025-10-31T05:15:00+09:00,107030,107390,107030,107360
2025-10-31T05:30:00+09:00,107350,107630,107050,107500
2025-10-31T05:45:00+09:00,107490,107850,107450,107710
2025-10-31T06:00:00+09:00,107700,107830,107600,107730
2025-10-31T06:15:00+09:00,107740,107900,107610,107840
2025-10-31T06:30:00+09:00,107830,108000,107670,107900
2025-10-31T06:45:00+09:00,107850,108070,107810,108050
2025-10-31T07:00:00+09:00,108080,108100,107830,107830
2025-10-31T07:15:00+09:00,107840,107950,107770,107790
2025-10-31T07:30:00+09:00,107800,107870,107680,107870
2025-10-31T07:45:00+09:00,107860,108100,107800,108070
2025-10-31T08:00:00+09:00,108070,108100,107810,107850
2025-10-31T08:15:00+09:00,107860,107940,107810,107900
2025-10-31T08:30:00+09:00,107910,108480,107910,108170
2025-10-31T08:45:00+09:00,108150,108500,108150,108500
2025-10-31T09:00:00+09:00,108490,108840,108480,108840
2025-10-31T09:15:00+09:00,108820,108840,108640,108710
2025-10-31T09:30:00+09:00,108710,108900,108710,108900
2025-10-31T09:45:00+09:00,108910,109760,108910,109480
2025-10-31T10:00:00+09:00,109480,110170,109370,109830
2025-10-31T10:15:00+09:00,109890,110120,109860,110010
2025-10-31T10:30:00+09:00,109980,109980,109650,109710
2025-10-31T10:45:00+09:00,109730,109940,109710,109810
2025-10-31T11:00:00+09:00,109800,109860,109220,109230
2025-10-31T11:15:00+09:00,109250,109650,109250,109550
2025-10-31T11:30:00+09:00,109560,109570,109000,109000
2025-10-31T11:45:00+09:00,109000,109160,108790,109050
2025-10-31T12:00:00+09:00,109060,109420,108850,109250
2025-10-31T12:15:00+09:00,109250,109340,109170,109270
2025-10-31T12:30:00+09:00,109300,109470,109060,109070
2025-10-31T12:45:00+09:00,109090,109500,109090,109450
2025-10-31T13:00:00+09:00,109450,109690,109350,109590
2025-10-31T13:15:00+09:00,109590,110000,109460,109970
2025-10-31T13:30:00+09:00,110000,110360,109870,110270
2025-10-31T13:45:00+09:00,110240,110350,110120,110300
2025-10-31T14:00:00+09:00,110290,110290,109970,109980
2025-10-31T14:15:00+09:00,110030,110110,109900,110100
2025-10-31T14:30:00+09:00,110090,110200,110050,110080
2025-10-31T14:45:00+09:00,110090,110180,110040,110070
2025-10-31T15:00:00+09:00,110090,110160,109780,109860
2025-10-31T15:15:00+09:00,109870,109910,109770,109860
2025-10-31T15:30:00+09:00,109860,109890,109720,109720
2025-10-31T15:45:00+09:00,109740,109820,109720,109810
2025-10-31T16:00:00+09:00,109810,109910,109630,109910
2025-10-31T16:15:00+09:00,109880,109950,109810,109870
2025-10-31T16:30:00+09:00,109860,109920,109680,109680
2025-10-31T16:45:00+09:00,109700,109730,109420,109630
2025-10-31T17:00:00+09:00,109620,109880,109410,109410
2025-10-31T17:15:00+09:00,109390,110000,109390,110000
2025-10-31T17:30:00+09:00,110000,110000,109840,109990
2025-10-31T17:45:00+09:00,109980,110240,109960,110240
2025-10-31T18:00:00+09:00,110230,110490,110220,110290
2025-10-31T18:15:00+09:00,110310,110560,110170,110180
2025-10-31T18:30:00+09:00,110180,110240,110090,110120
2025-10-31T18:45:00+09:00,110150,110180,110000,110010
2025-10-31T19:00:00+09:00,110040,110110,109990,110000
2025-10-31T19:15:00+09:00,110000,110110,109940,110030
2025-10-31T19:30:00+09:00,110040,110290,109930,110270
2025-10-31T19:45:00+09:00,110260,110260,110020,110020
2025-10-31T20:00:00+09:00,110050,110050,109750,109750
2025-10-31T20:15:00+09:00,109800,109840,109690,109720
2025-10-31T20:30:00+09:00,109730,109820,109680,109780
2025-10-31T20:45:00+09:00,109800,110670,109800,110600
2025-10-31T21:00:00+09:00,110590,110830,110350,110360
2025-10-31T21:15:00+09:00,110400,110630,110360,110360
2025-10-31T21:30:00+09:00,110360,110490,109900,109970
2025-10-31T21:45:00+09:00,109960,110010,109840,109840
2025-10-31T22:00:00+09:00,109840,110230,109840,110230
2025-10-31T22:15:00+09:00,110240,110420,110130,110150
2025-10-31T22:30:00+09:00,110120,110120,109590,109790
2025-10-31T22:45:00+09:00,109810,110400,109810,110290
2025-10-31T23:00:00+09:00,110340,110730,110160,110170
2025-10-31T23:15:00+09:00,110160,110270,109910,110010
2025-10-31T23:30:00+09:00,109990,110250,109800,110190
2025-10-31T23:45:00+09:00,110170,111120,110130,110940
