time,open,high,low,close
2025-12-01T00:00:00+09:00,91570,91570,91451,91491
2025-12-01T00:15:00+09:00,91513,91679,91489,91679
2025-12-01T00:30:00+09:00,91658,91658,91471,91521
2025-12-01T00:45:00+09:00,91531,91572,91531,91555
2025-12-01T01:00:00+09:00,91539,91571,91539,91571
2025-12-01T01:15:00+09:00,91596,91869,91568,91842
2025-12-01T01:30:00+09:00,91870,91874,91774,91802
2025-12-01T01:45:00+09:00,91818,91938,91818,91910
2025-12-01T02:00:00+09:00,91920,91920,91473,91503
2025-12-01T02:15:00+09:00,91503,91590,91463,91463
2025-12-01T02:30:00+09:00,91467,91570,91431,91550
2025-12-01T02:45:00+09:00,91550,91600,91550,91576
2025-12-01T03:00:00+09:00,91558,91587,91285,91380
2025-12-01T03:15:00+09:00,91379,91476,91320,91434
2025-12-01T03:30:00+09:00,91422,91497,91418,91419
2025-12-01T03:45:00+09:00,91456,91520,91456,91520
2025-12-01T04:00:00+09:00,91524,91530,91509,91512
2025-12-01T04:15:00+09:00,91534,91550,91400,91401
2025-12-01T04:30:00+09:00,91436,91530,91402,91530
2025-12-01T04:45:00+09:00,91529,91540,91506,91524
2025-12-01T05:00:00+09:00,91538,91690,91506,91642
2025-12-01T05:15:00+09:00,91608,91608,91420,91420
2025-12-01T05:30:00+09:00,91410,91410,91275,91323
2025-12-01T05:45:00+09:00,91323,91410,91323,91389
2025-12-01T06:00:00+09:00,91389,91389,91070,91217
2025-12-01T06:15:00+09:00,91217,91266,91021,91119
2025-12-01T06:30:00+09:00,91116,91260,91116,91139
2025-12-01T06:45:00+09:00,91139,91240,91139,91239
2025-12-01T07:00:00+09:00,91240,91354,91240,91353
2025-12-01T07:15:00+09:00,91358,91379,91261,91299
2025-12-01T07:30:00+09:00,91298,91298,91120,91178
2025-12-01T07:45:00+09:00,91150,91318,91131,91305
2025-12-01T08:00:00+09:00,91281,91296,90951,91021
2025-12-01T08:15:00+09:00,91041,91041,90742,90742
2025-12-01T08:30:00+09:00,90730,90731,90591,90729
2025-12-01T08:45:00+09:00,90701,90750,90413,90413
2025-12-01T09:00:00+09:00,90406,90459,89000,89001
2025-12-01T09:15:00+09:00,89000,89107,88438,88439
2025-12-01T09:30:00+09:00,88438,88470,87763,87790
2025-12-01T09:45:00+09:00,87801,87801,87058,87119
2025-12-01T10:00:00+09:00,87101,87755,87050,87460
2025-12-01T10:15:00+09:00,87499,87800,87319,87395
2025-12-01T10:30:00+09:00,87353,87643,87280,87530
2025-12-01T10:45:00+09:00,87501,87529,87251,87262
2025-12-01T11:00:00+09:00,87250,87540,87151,87492
2025-12-01T11:15:00+09:00,87491,87496,87177,87198
2025-12-01T11:30:00+09:00,87170,87193,86691,86922
2025-12-01T11:45:00+09:00,86926,86926,86560,86820
2025-12-01T12:00:00+09:00,86816,86866,86500,86501
2025-12-01T12:15:00+09:00,86501,86680,86392,86490
2025-12-01T12:30:00+09:00,86481,86501,86273,86501
2025-12-01T12:45:00+09:00,86510,86520,86330,86423
2025-12-01T13:00:00+09:00,86435,86435,86103,86129
2025-12-01T13:15:00+09:00,86158,86158,85825,85839
2025-12-01T13:30:00+09:00,85849,86116,85794,86014
2025-12-01T13:45:00+09:00,86015,86027,85900,85938
2025-12-01T14:00:00+09:00,85916,86021,85728,85892
2025-12-01T14:15:00+09:00,85914,86134,85841,86134
2025-12-01T14:30:00+09:00,86091,86091,85824,85909
2025-12-01T14:45:00+09:00,85890,86140,85890,86140
2025-12-01T15:00:00+09:00,86129,86399,86127,86399
2025-12-01T15:15:00+09:00,86422,86422,86199,86200
2025-12-01T15:30:00+09:00,86204,86400,86142,86400
2025-12-01T15:45:00+09:00,86400,86480,86281,86372
2025-12-01T16:00:00+09:00,86385,86429,86230,86305
2025-12-01T16:15:00+09:00,86306,86438,86187,86389
2025-12-01T16:30:00+09:00,86404,86605,86320,86605
2025-12-01T16:45:00+09:00,86604,86713,86603,86661
2025-12-01T17:00:00+09:00,86668,86778,86551,86603
2025-12-01T17:15:00+09:00,86670,86750,86645,86750
2025-12-01T17:30:00+09:00,86750,86944,86658,86943
2025-12-01T17:45:00+09:00,86943,87027,86881,87027
2025-12-01T18:00:00+09:00,87012,87060,86762,86790
2025-12-01T18:15:00+09:00,86789,86908,86691,86768
2025-12-01T18:30:00+09:00,86767,86997,86734,86993
2025-12-01T18:45:00+09:00,86991,87020,86871,86894
2025-12-01T19:00:00+09:00,86894,86960,86850,86850
2025-12-01T19:15:00+09:00,86841,86841,86733,86734
2025-12-01T19:30:00+09:00,86733,86789,86733,86773
2025-12-01T19:45:00+09:00,86775,86832,86749,86805
2025-12-01T20:00:00+09:00,86805,86830,86629,86640
2025-12-01T20:15:00+09:00,86635,86676,86581,86595
2025-12-01T20:30:00+09:00,86608,86752,86442,86442
2025-12-01T20:45:00+09:00,86441,86506,86311,86311
2025-12-01T21:00:00+09:00,86311,86360,86000,86001
2025-12-01T21:15:00+09:00,86028,86150,86000,86000
2025-12-01T21:30:00+09:00,86000,86001,85521,85710
2025-12-01T21:45:00+09:00,85617,85820,84930,85596
2025-12-01T22:00:00+09:00,85541,86236,85496,86145
2025-12-01T22:15:00+09:00,86160,86263,85962,86092
2025-12-01T22:30:00+09:00,86097,86097,85795,85901
2025-12-01T22:45:00+09:00,85901,86216,85852,86127
2025-12-01T23:00:00+09:00,86107,86429,86098,86363
2025-12-01T23:15:00+09:00,86378,86400,86113,86380
2025-12-01T23:30:00+09:00,86367,86754,86046,86179
2025-12-01T23:45:00+09:00,86178,86430,86001,86192
2025-12-02T00:00:00+09:00,86181,86232,85741,85741
2025-12-02T00:15:00+09:00,85739,85870,85074,85113
2025-12-02T00:30:00+09:00,85106,85108,84101,84101
2025-12-02T00:45:00+09:00,84118,85034,84000,84823
2025-12-02T01:00:00+09:00,84823,84970,84287,84303
2025-12-02T01:15:00+09:00,84302,84815,84221,84718
2025-12-02T01:30:00+09:00,84717,85622,84708,85310
2025-12-02T01:45:00+09:00,85300,85328,84657,84699
2025-12-02T02:00:00+09:00,84706,85124,84706,84741
2025-12-02T02:15:00+09:00,84740,85193,84641,85141
2025-12-02T02:30:00+09:00,85141,85342,84791,85341
2025-12-02T02:45:00+09:00,85342,85380,85166,85166
2025-12-02T03:00:00+09:00,85166,85640,85166,85632
2025-12-02T03:15:00+09:00,85631,85696,85424,85446
2025-12-02T03:30:00+09:00,85463,85463,84883,84935
2025-12-02T03:45:00+09:00,84924,85437,84906,85390
2025-12-02T04:00:00+09:00,85398,85460,84930,85159
2025-12-02T04:15:00+09:00,85189,85226,84891,84892
2025-12-02T04:30:00+09:00,84891,85190,84761,84893
2025-12-02T04:45:00+09:00,84914,85212,84860,85132
2025-12-02T05:00:00+09:00,85163,85981,85163,85691
2025-12-02T05:15:00+09:00,85690,85723,85421,85424
2025-12-02T05:30:00+09:00,85424,85612,85359,85612
2025-12-02T05:45:00+09:00,85586,85693,85471,85631
2025-12-02T06:00:00+09:00,85647,86000,85647,85823
2025-12-02T06:15:00+09:00,85822,86492,85781,86343
2025-12-02T06:30:00+09:00,86351,86620,86351,86566
2025-12-02T06:45:00+09:00,86574,86599,86390,86568
2025-12-02T07:00:00+09:00,86565,86948,86565,86611
2025-12-02T07:15:00+09:00,86624,86805,86520,86616
2025-12-02T07:30:00+09:00,86605,86820,86442,86781
2025-12-02T07:45:00+09:00,86821,87000,86731,86731
2025-12-02T08:00:00+09:00,86731,86897,86611,86611
2025-12-02T08:15:00+09:00,86623,86890,86623,86865
2025-12-02T08:30:00+09:00,86885,86975,86651,86662
2025-12-02T08:45:00+09:00,86659,86659,86404,86447
2025-12-02T09:00:00+09:00,86444,86704,86410,86470
2025-12-02T09:15:00+09:00,86521,86553,86333,86454
2025-12-02T09:30:00+09:00,86495,86639,86480,86490
2025-12-02T09:45:00+09:00,86501,86795,86493,86665
2025-12-02T10:00:00+09:00,86648,87500,86640,86876
2025-12-02T10:15:00+09:00,86930,86969,86734,86887
2025-12-02T10:30:00+09:00,86866,86940,86698,86720
2025-12-02T10:45:00+09:00,86711,86737,86541,86586
2025-12-02T11:00:00+09:00,86586,86756,86433,86712
2025-12-02T11:15:00+09:00,86721,86981,86721,86841
2025-12-02T11:30:00+09:00,86840,87000,86823,86962
2025-12-02T11:45:00+09:00,86951,86968,86690,86707
2025-12-02T12:00:00+09:00,86707,86803,86620,86778
2025-12-02T12:15:00+09:00,86752,86752,86473,86491
2025-12-02T12:30:00+09:00,86491,87060,86376,87060
2025-12-02T12:45:00+09:00,87056,87250,86940,87089
2025-12-02T13:00:00+09:00,87101,87380,87101,87247
2025-12-02T13:15:00+09:00,87229,87418,87190,87190
2025-12-02T13:30:00+09:00,87187,87201,87082,87082
2025-12-02T13:45:00+09:00,87085,87183,87085,87114
2025-12-02T14:00:00+09:00,87124,87270,86989,87160
2025-12-02T14:15:00+09:00,87168,87180,87079,87079
2025-12-02T14:30:00+09:00,87085,87130,87038,87104
2025-12-02T14:45:00+09:00,87111,87220,87111,87164
2025-12-02T15:00:00+09:00,87160,87160,87061,87081
2025-12-02T15:15:00+09:00,87095,87120,87030,87033
2025-12-02T15:30:00+09:00,87045,87300,87045,87280
2025-12-02T15:45:00+09:00,87280,87286,87209,87209
2025-12-02T16:00:00+09:00,87234,87234,87047,87091
2025-12-02T16:15:00+09:00,87076,87109,87021,87041
2025-12-02T16:30:00+09:00,87041,87130,87033,87122
2025-12-02T16:45:00+09:00,87128,87175,87111,87134
2025-12-02T17:00:00+09:00,87156,87156,86815,86919
2025-12-02T17:15:00+09:00,86880,86906,86590,86640
2025-12-02T17:30:00+09:00,86590,86814,86511,86587
2025-12-02T17:45:00+09:00,86587,86761,86500,86584
2025-12-02T18:00:00+09:00,86583,86970,86583,86801
2025-12-02T18:15:00+09:00,86800,87090,86713,87013
2025-12-02T18:30:00+09:00,86992,86992,86805,86820
2025-12-02T18:45:00+09:00,86804,86913,86771,86913
2025-12-02T19:00:00+09:00,86888,87050,86888,87007
2025-12-02T19:15:00+09:00,87017,87059,86931,86948
2025-12-02T19:30:00+09:00,86948,87189,86948,87181
2025-12-02T19:45:00+09:00,87182,87669,87182,87413
2025-12-02T20:00:00+09:00,87405,87476,87120,87174
2025-12-02T20:15:00+09:00,87192,87510,87110,87510
2025-12-02T20:30:00+09:00,87522,87550,87442,87482
2025-12-02T20:45:00+09:00,87480,87714,87442,87490
2025-12-02T21:00:00+09:00,87494,87619,87447,87544
2025-12-02T21:15:00+09:00,87560,87580,87481,87560
2025-12-02T21:30:00+09:00,87566,87640,87352,87486
2025-12-02T21:45:00+09:00,87462,87462,87370,87370
2025-12-02T22:00:00+09:00,87371,87441,87210,87268
2025-12-02T22:15:00+09:00,87343,87548,87343,87467
2025-12-02T22:30:00+09:00,87466,87685,87459,87604
2025-12-02T22:45:00+09:00,87604,87962,87604,87831
2025-12-02T23:00:00+09:00,87831,88578,87732,88439
2025-12-02T23:15:00+09:00,88457,88887,88400,88722
2025-12-02T23:30:00+09:00,88748,88940,88550,88905
2025-12-02T23:45:00+09:00,88927,89325,88890,89318
2025-12-03T00:00:00+09:00,89326,90933,89326,90658
2025-12-03T00:15:00+09:00,90699,90889,90228,90234
2025-12-03T00:30:00+09:00,90235,90844,90046,90621
2025-12-03T00:45:00+09:00,90647,91222,90640,90945
2025-12-03T01:00:00+09:00,90977,91378,90890,90944
2025-12-03T01:15:00+09:00,90914,90914,90200,90330
2025-12-03T01:30:00+09:00,90390,90880,90390,90653
2025-12-03T01:45:00+09:00,90651,91149,90640,90801
2025-12-03T02:00:00+09:00,90803,91212,90803,91013
2025-12-03T02:15:00+09:00,91029,92000,91024,91838
2025-12-03T02:30:00+09:00,91830,91988,91681,91758
2025-12-03T02:45:00+09:00,91763,91763,91464,91537
2025-12-03T03:00:00+09:00,91527,91978,91470,91859
2025-12-03T03:15:00+09:00,91858,92261,91842,91993
2025-12-03T03:30:00+09:00,91963,92240,91895,92004
2025-12-03T03:45:00+09:00,91967,92063,91804,91979
2025-12-03T04:00:00+09:00,91980,92239,91980,92100
2025-12-03T04:15:00+09:00,92092,92149,91964,92031
2025-12-03T04:30:00+09:00,92063,92340,92039,92163
2025-12-03T04:45:00+09:00,92182,92187,91924,91955
2025-12-03T05:00:00+09:00,91957,91957,91610,91621
2025-12-03T05:15:00+09:00,91604,91604,91038,91038
2025-12-03T05:30:00+09:00,91037,91183,90800,90980
2025-12-03T05:45:00+09:00,90999,91210,90940,91141
2025-12-03T06:00:00+09:00,91090,91319,91051,91297
2025-12-03T06:15:00+09:00,91297,91500,91276,91500
2025-12-03T06:30:00+09:00,91482,91559,91372,91446
2025-12-03T06:45:00+09:00,91516,91669,91515,91633
2025-12-03T07:00:00+09:00,91633,91960,91610,91924
2025-12-03T07:15:00+09:00,91908,91925,91730,91730
2025-12-03T07:30:00+09:00,91720,91989,91632,91862
2025-12-03T07:45:00+09:00,91883,92000,91822,92000
2025-12-03T08:00:00+09:00,91974,91998,91900,91927
2025-12-03T08:15:00+09:00,91907,91929,91712,91715
2025-12-03T08:30:00+09:00,91725,91726,91500,91532
2025-12-03T08:45:00+09:00,91513,91515,91380,91380
2025-12-03T09:00:00+09:00,91370,91571,91286,91385
2025-12-03T09:15:00+09:00,91424,91540,91220,91255
2025-12-03T09:30:00+09:00,91249,91513,91075,91513
2025-12-03T09:45:00+09:00,91520,91769,91488,91700
2025-12-03T10:00:00+09:00,91710,91860,91550,91780
2025-12-03T10:15:00+09:00,91781,91990,91730,91948
2025-12-03T10:30:00+09:00,91948,92000,91890,91987
2025-12-03T10:45:00+09:00,91996,92491,91996,92267
2025-12-03T11:00:00+09:00,92288,92888,92260,92888
2025-12-03T11:15:00+09:00,92888,93074,92678,92880
2025-12-03T11:30:00+09:00,92840,92858,92657,92756
2025-12-03T11:45:00+09:00,92697,92859,92351,92844
2025-12-03T12:00:00+09:00,92848,93089,92650,92780
2025-12-03T12:15:00+09:00,92690,92850,92689,92850
2025-12-03T12:30:00+09:00,92791,92811,92742,92751
2025-12-03T12:45:00+09:00,92755,92815,92720,92720
2025-12-03T13:00:00+09:00,92711,93017,92690,92925
2025-12-03T13:15:00+09:00,92924,93317,92831,92887
2025-12-03T13:30:00+09:00,92907,93190,92907,93011
2025-12-03T13:45:00+09:00,93011,93423,92961,93384
2025-12-03T14:00:00+09:00,93372,93539,93255,93387
2025-12-03T14:15:00+09:00,93379,93420,93181,93351
2025-12-03T14:30:00+09:00,93351,93642,93301,93480
2025-12-03T14:45:00+09:00,93454,93656,93440,93656
2025-12-03T15:00:00+09:00,93655,93850,93627,93705
2025-12-03T15:15:00+09:00,93711,93967,93703,93947
2025-12-03T15:30:00+09:00,93920,93935,93309,93339
2025-12-03T15:45:00+09:00,93331,93440,93181,93440
2025-12-03T16:00:00+09:00,93440,93480,93198,93198
2025-12-03T16:15:00+09:00,93259,93259,92920,93089
2025-12-03T16:30:00+09:00,93090,93132,93020,93111
2025-12-03T16:45:00+09:00,93111,93111,92967,93019
2025-12-03T17:00:00+09:00,93021,93212,92959,93025
2025-12-03T17:15:00+09:00,93019,93019,92892,92901
2025-12-03T17:30:00+09:00,92951,93020,92791,92862
2025-12-03T17:45:00+09:00,92927,92935,92729,92812
2025-12-03T18:00:00+09:00,92791,92980,92771,92980
2025-12-03T18:15:00+09:00,92954,92985,92877,92937
2025-12-03T18:30:00+09:00,92933,92962,92800,92947
2025-12-03T18:45:00+09:00,92950,93251,92950,93227
2025-12-03T19:00:00+09:00,93204,93204,93076,93188
2025-12-03T19:15:00+09:00,93182,93419,93173,93253
2025-12-03T19:30:00+09:00,93252,93252,92927,92970
2025-12-03T19:45:00+09:00,92970,93050,92930,92941
2025-12-03T20:00:00+09:00,92970,93036,92780,92812
2025-12-03T20:15:00+09:00,92818,93050,92720,93044
2025-12-03T20:30:00+09:00,93030,93080,92930,92961
2025-12-03T20:45:00+09:00,92961,93069,92961,93043
2025-12-03T21:00:00+09:00,93025,93100,92861,92910
2025-12-03T21:15:00+09:00,92892,92909,92731,92740
2025-12-03T21:30:00+09:00,92740,92889,92736,92843
2025-12-03T21:45:00+09:00,92869,92982,92821,92951
2025-12-03T22:00:00+09:00,92943,93100,92943,92980
2025-12-03T22:15:00+09:00,92962,93149,92962,93090
2025-12-03T22:30:00+09:00,93039,93200,92986,93200
2025-12-03T22:45:00+09:00,93198,93270,93138,93186
2025-12-03T23:00:00+09:00,93191,93191,91789,92096
2025-12-03T23:15:00+09:00,92083,92578,92083,92550
2025-12-03T23:30:00+09:00,92560,93652,92192,93518
2025-12-03T23:45:00+09:00,93494,93500,92440,92440
2025-12-04T00:00:00+09:00,92403,93000,92239,92240
2025-12-04T00:15:00+09:00,92279,92490,92000,92373
2025-12-04T00:30:00+09:00,92364,92760,92303,92404
2025-12-04T00:45:00+09:00,92430,92643,92380,92392
2025-12-04T01:00:00+09:00,92469,92469,91850,92040
2025-12-04T01:15:00+09:00,92060,92296,92057,92280
2025-12-04T01:30:00+09:00,92300,92724,92300,92724
2025-12-04T01:45:00+09:00,92735,92735,92277,92277
2025-12-04T02:00:00+09:00,92272,92627,92209,92620
2025-12-04T02:15:00+09:00,92632,92700,92270,92527
2025-12-04T02:30:00+09:00,92527,92852,92527,92809
2025-12-04T02:45:00+09:00,92795,93000,92741,92975
2025-12-04T03:00:00+09:00,92990,93480,92977,93461
2025-12-04T03:15:00+09:00,93440,93440,92980,93107
2025-12-04T03:30:00+09:00,93115,93190,93020,93174
2025-12-04T03:45:00+09:00,93139,93139,92408,92591
2025-12-04T04:00:00+09:00,92591,92810,92591,92720
2025-12-04T04:15:00+09:00,92712,92779,92557,92746
2025-12-04T04:30:00+09:00,92752,92810,92651,92810
2025-12-04T04:45:00+09:00,92820,93061,92820,93000
2025-12-04T05:00:00+09:00,93000,93100,92850,92941
2025-12-04T05:15:00+09:00,93019,93090,92920,92991
2025-12-04T05:30:00+09:00,93003,93223,92991,93153
2025-12-04T05:45:00+09:00,93187,93396,92901,92981
2025-12-04T06:00:00+09:00,92946,93113,92892,93046
2025-12-04T06:15:00+09:00,93046,93310,93022,93284
2025-12-04T06:30:00+09:00,93285,93500,93285,93500
2025-12-04T06:45:00+09:00,93500,93769,93431,93758
2025-12-04T07:00:00+09:00,93723,93837,93490,93701
2025-12-04T07:15:00+09:00,93706,93706,93401,93453
2025-12-04T07:30:00+09:00,93431,93720,93323,93628
2025-12-04T07:45:00+09:00,93628,94449,93628,93838
2025-12-04T08:00:00+09:00,93816,94115,93760,93772
2025-12-04T08:15:00+09:00,93801,93801,93621,93648
2025-12-04T08:30:00+09:00,93661,93664,93500,93532
2025-12-04T08:45:00+09:00,93536,93640,93431,93457
2025-12-04T09:00:00+09:00,93468,93488,93000,93000
2025-12-04T09:15:00+09:00,93000,93129,92800,92899
2025-12-04T09:30:00+09:00,92871,93090,92740,93090
2025-12-04T09:45:00+09:00,93079,93180,92980,93096
2025-12-04T10:00:00+09:00,93088,93724,93080,93724
2025-12-04T10:15:00+09:00,93723,93753,93290,93367
2025-12-04T10:30:00+09:00,93395,93559,93395,93478
2025-12-04T10:45:00+09:00,93477,93477,93238,93238
2025-12-04T11:00:00+09:00,93232,93700,93170,93700
2025-12-04T11:15:00+09:00,93692,94000,93670,93826
2025-12-04T11:30:00+09:00,93801,93999,93661,93878
2025-12-04T11:45:00+09:00,93878,93991,93773,93978
2025-12-04T12:00:00+09:00,93965,94100,93786,93848
2025-12-04T12:15:00+09:00,93826,93826,93552,93590
2025-12-04T12:30:00+09:00,93566,93611,93450,93456
2025-12-04T12:45:00+09:00,93483,93625,93449,93539
2025-12-04T13:00:00+09:00,93549,93590,93361,93465
2025-12-04T13:15:00+09:00,93517,93517,93371,93430
2025-12-04T13:30:00+09:00,93446,93508,93350,93381
2025-12-04T13:45:00+09:00,93388,93388,93261,93338
2025-12-04T14:00:00+09:00,93317,93326,93043,93191
2025-12-04T14:15:00+09:00,93208,93240,93037,93230
2025-12-04T14:30:00+09:00,93209,93209,93020,93020
2025-12-04T14:45:00+09:00,93001,93012,92818,92992
2025-12-04T15:00:00+09:00,92992,93079,92907,93079
2025-12-04T15:15:00+09:00,93080,93250,93056,93250
2025-12-04T15:30:00+09:00,93228,93399,93180,93180
2025-12-04T15:45:00+09:00,93180,93210,93071,93171
2025-12-04T16:00:00+09:00,93172,93175,92962,93090
2025-12-04T16:15:00+09:00,93086,93206,93071,93170
2025-12-04T16:30:00+09:00,93177,93326,93177,93326
2025-12-04T16:45:00+09:00,93330,93450,93296,93450
2025-12-04T17:00:00+09:00,93451,93635,93103,93132
2025-12-04T17:15:00+09:00,93169,93261,93151,93196
2025-12-04T17:30:00+09:00,93164,93380,93111,93380
2025-12-04T17:45:00+09:00,93360,93390,93191,93232
2025-12-04T18:00:00+09:00,93277,93620,93277,93440
2025-12-04T18:15:00+09:00,93430,93430,93330,93394
2025-12-04T18:30:00+09:00,93426,93530,93415,93530
2025-12-04T18:45:00+09:00,93512,93643,93480,93502
2025-12-04T19:00:00+09:00,93508,93599,93440,93441
2025-12-04T19:15:00+09:00,93440,93448,93321,93352
2025-12-04T19:30:00+09:00,93351,93393,93281,93316
2025-12-04T19:45:00+09:00,93343,93410,93227,93290
2025-12-04T20:00:00+09:00,93282,93308,93233,93293
2025-12-04T20:15:00+09:00,93263,93263,93044,93056
2025-12-04T20:30:00+09:00,93056,93056,92801,92837
2025-12-04T20:45:00+09:00,92884,93020,92850,92970
2025-12-04T21:00:00+09:00,92968,93070,92967,92999
2025-12-04T21:15:00+09:00,92999,92999,92820,92880
2025-12-04T21:30:00+09:00,92881,93158,92866,93099
2025-12-04T21:45:00+09:00,93110,93179,92990,92990
2025-12-04T22:00:00+09:00,93000,93065,92500,92550
2025-12-04T22:15:00+09:00,92541,92849,92541,92838
2025-12-04T22:30:00+09:00,92797,92945,92700,92780
2025-12-04T22:45:00+09:00,92773,92773,92500,92567
2025-12-04T23:00:00+09:00,92539,92683,92517,92673
2025-12-04T23:15:00+09:00,92642,92800,92642,92800
2025-12-04T23:30:00+09:00,92785,92785,92469,92685
2025-12-04T23:45:00+09:00,92630,92633,91881,91895
2025-12-05T00:00:00+09:00,91941,92709,91941,92709
2025-12-05T00:15:00+09:00,92709,92894,92416,92615
2025-12-05T00:30:00+09:00,92607,93261,92521,93065
2025-12-05T00:45:00+09:00,93083,93138,92791,93062
2025-12-05T01:00:00+09:00,93048,93048,92551,92930
2025-12-05T01:15:00+09:00,92889,93205,92881,92999
2025-12-05T01:30:00+09:00,92957,92957,92541,92542
2025-12-05T01:45:00+09:00,92570,92750,92342,92500
2025-12-05T02:00:00+09:00,92462,92578,92144,92307
2025-12-05T02:15:00+09:00,92287,92287,92111,92173
2025-12-05T02:30:00+09:00,92169,92310,91857,91985
2025-12-05T02:45:00+09:00,91955,92499,91928,92469
2025-12-05T03:00:00+09:00,92386,92440,92260,92440
2025-12-05T03:15:00+09:00,92372,92518,92211,92492
2025-12-05T03:30:00+09:00,92499,92579,92001,92064
2025-12-05T03:45:00+09:00,92064,92226,92011,92159
2025-12-05T04:00:00+09:00,92153,92185,91365,91365
2025-12-05T04:15:00+09:00,91365,91540,91000,91400
2025-12-05T04:30:00+09:00,91380,91973,91373,91947
2025-12-05T04:45:00+09:00,91987,92150,91872,92030
2025-12-05T05:00:00+09:00,92007,92195,91717,92056
2025-12-05T05:15:00+09:00,92018,92205,91930,92060
2025-12-05T05:30:00+09:00,92040,92340,92010,92340
2025-12-05T05:45:00+09:00,92338,92518,92329,92518
2025-12-05T06:00:00+09:00,92513,92699,92420,92480
2025-12-05T06:15:00+09:00,92435,92550,92350,92350
2025-12-05T06:30:00+09:00,92340,92357,92250,92259
2025-12-05T06:45:00+09:00,92267,92267,92140,92160
2025-12-05T07:00:00+09:00,92187,92370,92187,92293
2025-12-05T07:15:00+09:00,92311,92345,92180,92218
2025-12-05T07:30:00+09:00,92222,92482,92221,92482
2025-12-05T07:45:00+09:00,92445,92456,92380,92395
2025-12-05T08:00:00+09:00,92370,92437,92290,92326
2025-12-05T08:15:00+09:00,92325,92389,92250,92251
2025-12-05T08:30:00+09:00,92241,92298,92143,92150
2025-12-05T08:45:00+09:00,92152,92163,92101,92101
2025-12-05T09:00:00+09:00,92120,92260,92106,92110
2025-12-05T09:15:00+09:00,92141,92489,92121,92355
2025-12-05T09:30:00+09:00,92366,92440,92343,92430
2025-12-05T09:45:00+09:00,92424,92426,92300,92330
2025-12-05T10:00:00+09:00,92314,92500,92302,92400
2025-12-05T10:15:00+09:00,92410,92629,92410,92629
2025-12-05T10:30:00+09:00,92550,92556,92445,92505
2025-12-05T10:45:00+09:00,92452,92521,92380,92414
2025-12-05T11:00:00+09:00,92402,92470,92311,92470
2025-12-05T11:15:00+09:00,92468,92643,92468,92617
2025-12-05T11:30:00+09:00,92617,92744,92522,92717
2025-12-05T11:45:00+09:00,92717,92717,92551,92551
2025-12-05T12:00:00+09:00,92585,92690,92584,92600
2025-12-05T12:15:00+09:00,92608,92608,92431,92458
2025-12-05T12:30:00+09:00,92442,92465,92393,92393
2025-12-05T12:45:00+09:00,92393,92393,92042,92162
2025-12-05T13:00:00+09:00,92178,92366,92178,92354
2025-12-05T13:15:00+09:00,92340,92400,92220,92220
2025-12-05T13:30:00+09:00,92233,92233,91920,91923
2025-12-05T13:45:00+09:00,91940,92109,91879,92038
2025-12-05T14:00:00+09:00,92046,92200,92046,92200
2025-12-05T14:15:00+09:00,92108,92108,91960,92028
2025-12-05T14:30:00+09:00,91964,92032,91934,92021
2025-12-05T14:45:00+09:00,92021,92047,91927,91943
2025-12-05T15:00:00+09:00,91997,92130,91972,92130
2025-12-05T15:15:00+09:00,92103,92134,92032,92054
2025-12-05T15:30:00+09:00,92079,92117,91980,92117
2025-12-05T15:45:00+09:00,92127,92280,92127,92280
2025-12-05T16:00:00+09:00,92242,92449,92242,92449
2025-12-05T16:15:00+09:00,92365,92492,92365,92490
2025-12-05T16:30:00+09:00,92473,92473,92338,92338
2025-12-05T16:45:00+09:00,92351,92351,92261,92261
2025-12-05T17:00:00+09:00,92297,92297,92097,92161
2025-12-05T17:15:00+09:00,92135,92169,92072,92112
2025-12-05T17:30:00+09:00,92109,92109,91938,91951
2025-12-05T17:45:00+09:00,92033,92154,92033,92154
2025-12-05T18:00:00+09:00,92139,92139,91868,91868
2025-12-05T18:15:00+09:00,91889,91889,91358,91387
2025-12-05T18:30:00+09:00,91386,91460,91051,91051
2025-12-05T18:45:00+09:00,91051,91160,91051,91160
2025-12-05T19:00:00+09:00,91155,91339,91155,91246
2025-12-05T19:15:00+09:00,91282,91450,91280,91397
2025-12-05T19:30:00+09:00,91359,91490,91333,91490
2025-12-05T19:45:00+09:00,91480,91480,91289,91290
2025-12-05T20:00:00+09:00,91310,91524,91271,91524
2025-12-05T20:15:00+09:00,91510,91530,91341,91421
2025-12-05T20:30:00+09:00,91413,91413,91170,91180
2025-12-05T20:45:00+09:00,91171,91417,91171,91395
2025-12-05T21:00:00+09:00,91367,91420,91240,91310
2025-12-05T21:15:00+09:00,91300,91358,91150,91231
2025-12-05T21:30:00+09:00,91234,91293,91174,91249
2025-12-05T21:45:00+09:00,91206,91271,91167,91271
2025-12-05T22:00:00+09:00,91241,91346,91120,91170
2025-12-05T22:15:00+09:00,91140,91140,90666,90826
2025-12-05T22:30:00+09:00,90829,90969,90381,90492
2025-12-05T22:45:00+09:00,90500,90716,90314,90550
2025-12-05T23:00:00+09:00,90540,90779,90517,90561
2025-12-05T23:15:00+09:00,90574,90575,90400,90540
2025-12-05T23:30:00+09:00,90495,90732,90000,90237
2025-12-05T23:45:00+09:00,90265,90578,90023,90306
2025-12-06T00:00:00+09:00,90307,91462,90307,91054
2025-12-06T00:15:00+09:00,91056,91220,90910,91220
2025-12-06T00:30:00+09:00,91220,91389,90960,91002
2025-12-06T00:45:00+09:00,90994,91130,90318,90479
2025-12-06T01:00:00+09:00,90480,90480,89293,89389
2025-12-06T01:15:00+09:00,89396,89397,89000,89167
2025-12-06T01:30:00+09:00,89130,89130,88136,88426
2025-12-06T01:45:00+09:00,88443,89010,88408,88910
2025-12-06T02:00:00+09:00,88880,89010,88700,88780
2025-12-06T02:15:00+09:00,88749,89082,88749,88820
2025-12-06T02:30:00+09:00,88830,89197,88800,89080
2025-12-06T02:45:00+09:00,89085,89500,89011,89370
2025-12-06T03:00:00+09:00,89370,89828,89311,89709
2025-12-06T03:15:00+09:00,89674,89705,89290,89427
2025-12-06T03:30:00+09:00,89435,89515,89077,89150
2025-12-06T03:45:00+09:00,89159,89241,89000,89003
2025-12-06T04:00:00+09:00,89001,89210,88894,89210
2025-12-06T04:15:00+09:00,89183,89508,89118,89464
2025-12-06T04:30:00+09:00,89465,89680,89391,89503
2025-12-06T04:45:00+09:00,89520,89829,89410,89695
2025-12-06T05:00:00+09:00,89683,89738,89430,89705
2025-12-06T05:15:00+09:00,89688,89750,89590,89598
2025-12-06T05:30:00+09:00,89614,89614,89320,89320
2025-12-06T05:45:00+09:00,89324,89364,89262,89343
2025-12-06T06:00:00+09:00,89337,89470,89333,89470
2025-12-06T06:15:00+09:00,89472,89490,89413,89450
2025-12-06T06:30:00+09:00,89481,89481,89299,89320
2025-12-06T06:45:00+09:00,89319,89323,89128,89206
2025-12-06T07:00:00+09:00,89192,89192,88992,88995
2025-12-06T07:15:00+09:00,89000,89248,89000,89246
2025-12-06T07:30:00+09:00,89250,89320,89150,89320
2025-12-06T07:45:00+09:00,89327,89380,89310,89328
2025-12-06T08:00:00+09:00,89280,89280,89011,89125
2025-12-06T08:15:00+09:00,89167,89277,89144,89277
2025-12-06T08:30:00+09:00,89278,89369,89278,89292
2025-12-06T08:45:00+09:00,89292,89390,89286,89379
2025-12-06T09:00:00+09:00,89372,89372,89130,89154
2025-12-06T09:15:00+09:00,89154,89219,89132,89219
2025-12-06T09:30:00+09:00,89204,89480,89204,89472
2025-12-06T09:45:00+09:00,89463,89484,89436,89484
2025-12-06T10:00:00+09:00,89469,89469,89371,89421
2025-12-06T10:15:00+09:00,89433,89500,89403,89449
2025-12-06T10:30:00+09:00,89483,89483,89257,89257
2025-12-06T10:45:00+09:00,89297,89381,89297,89348
2025-12-06T11:00:00+09:00,89348,89348,89231,89296
2025-12-06T11:15:00+09:00,89337,89368,89284,89323
2025-12-06T11:30:00+09:00,89288,89292,89270,89270
2025-12-06T11:45:00+09:00,89301,89409,89289,89409
2025-12-06T12:00:00+09:00,89410,89780,89410,89780
2025-12-06T12:15:00+09:00,89789,89789,89610,89610
2025-12-06T12:30:00+09:00,89600,89759,89591,89689
2025-12-06T12:45:00+09:00,89704,89773,89704,89726
2025-12-06T13:00:00+09:00,89726,89726,89580,89614
2025-12-06T13:15:00+09:00,89627,89654,89622,89643
2025-12-06T13:30:00+09:00,89637,89678,89637,89642
2025-12-06T13:45:00+09:00,89606,89715,89606,89715
2025-12-06T14:00:00+09:00,89716,89755,89716,89755
2025-12-06T14:15:00+09:00,89758,89758,89639,89666
2025-12-06T14:30:00+09:00,89646,89646,89602,89627
2025-12-06T14:45:00+09:00,89600,89645,89590,89645
2025-12-06T15:00:00+09:00,89640,89690,89596,89690
2025-12-06T15:15:00+09:00,89660,89783,89660,89783
2025-12-06T15:30:00+09:00,89765,89765,89713,89717
2025-12-06T15:45:00+09:00,89716,89742,89700,89729
2025-12-06T16:00:00+09:00,89730,89735,89730,89735
2025-12-06T16:15:00+09:00,89732,89739,89650,89650
2025-12-06T16:30:00+09:00,89640,89670,89490,89670
2025-12-06T16:45:00+09:00,89678,89739,89640,89663
2025-12-06T17:00:00+09:00,89655,89656,89593,89605
2025-12-06T17:15:00+09:00,89605,89676,89341,89350
2025-12-06T17:30:00+09:00,89357,89449,89280,89403
2025-12-06T17:45:00+09:00,89392,89392,89314,89314
2025-12-06T18:00:00+09:00,89310,89580,89310,89580
2025-12-06T18:15:00+09:00,89565,89640,89541,89640
2025-12-06T18:30:00+09:00,89647,89670,89554,89670
2025-12-06T18:45:00+09:00,89668,89680,89614,89615
2025-12-06T19:00:00+09:00,89620,89645,89548,89624
2025-12-06T19:15:00+09:00,89635,89700,89591,89591
2025-12-06T19:30:00+09:00,89607,89621,89583,89621
2025-12-06T19:45:00+09:00,89580,89580,89530,89554
2025-12-06T20:00:00+09:00,89548,89585,89548,89562
2025-12-06T20:15:00+09:00,89551,89626,89551,89626
2025-12-06T20:30:00+09:00,89623,89739,89611,89738
2025-12-06T20:45:00+09:00,89705,89718,89654,89664
2025-12-06T21:00:00+09:00,89666,89683,89621,89631
2025-12-06T21:15:00+09:00,89639,89669,89624,89668
2025-12-06T21:30:00+09:00,89645,89674,89630,89638
2025-12-06T21:45:00+09:00,89634,89643,89634,89641
2025-12-06T22:00:00+09:00,89628,89635,89624,89625
2025-12-06T22:15:00+09:00,89636,89714,89630,89714
2025-12-06T22:30:00+09:00,89690,89812,89690,89811
2025-12-06T22:45:00+09:00,89794,89794,89701,89708
2025-12-06T23:00:00+09:00,89704,89745,89702,89745
2025-12-06T23:15:00+09:00,89745,90290,89745,89964
2025-12-06T23:30:00+09:00,89960,90106,89959,90049
2025-12-06T23:45:00+09:00,90099,90222,90068,90068
2025-12-07T00:00:00+09:00,90069,90069,89871,89886
2025-12-07T00:15:00+09:00,89884,89884,89549,89640
2025-12-07T00:30:00+09:00,89672,89926,89628,89922
2025-12-07T00:45:00+09:00,89919,89980,89790,89790
2025-12-07T01:00:00+09:00,89781,90010,89780,89972
2025-12-07T01:15:00+09:00,89972,89980,89911,89929
2025-12-07T01:30:00+09:00,89921,89948,89852,89853
2025-12-07T01:45:00+09:00,89852,89852,89720,89728
2025-12-07T02:00:00+09:00,89726,89786,89680,89681
2025-12-07T02:15:00+09:00,89721,89830,89682,89830
2025-12-07T02:30:00+09:00,89822,89822,89702,89702
2025-12-07T02:45:00+09:00,89711,89711,89680,89711
2025-12-07T03:00:00+09:00,89739,89774,89672,89774
2025-12-07T03:15:00+09:00,89773,89781,89736,89773
2025-12-07T03:30:00+09:00,89772,89772,89708,89711
2025-12-07T03:45:00+09:00,89690,89690,89591,89645
2025-12-07T04:00:00+09:00,89669,89750,89407,89556
2025-12-07T04:15:00+09:00,89543,89609,89433,89560
2025-12-07T04:30:00+09:00,89575,89580,89293,89490
2025-12-07T04:45:00+09:00,89463,89483,89449,89449
2025-12-07T05:00:00+09:00,89457,89505,89333,89405
2025-12-07T05:15:00+09:00,89441,89456,89441,89456
2025-12-07T05:30:00+09:00,89462,89566,89462,89545
2025-12-07T05:45:00+09:00,89545,89570,89544,89570
2025-12-07T06:00:00+09:00,89577,89621,89531,89535
2025-12-07T06:15:00+09:00,89535,89535,89451,89503
2025-12-07T06:30:00+09:00,89466,89580,89465,89539
2025-12-07T06:45:00+09:00,89526,89526,89471,89481
2025-12-07T07:00:00+09:00,89482,89537,89361,89537
2025-12-07T07:15:00+09:00,89540,89559,89430,89430
2025-12-07T07:30:00+09:00,89420,89456,89380,89380
2025-12-07T07:45:00+09:00,89382,89395,89304,89336
2025-12-07T08:00:00+09:00,89336,89336,89071,89180
2025-12-07T08:15:00+09:00,89180,89193,89000,89038
2025-12-07T08:30:00+09:00,89053,89180,89053,89139
2025-12-07T08:45:00+09:00,89170,89280,89170,89280
2025-12-07T09:00:00+09:00,89273,89426,89248,89260
2025-12-07T09:15:00+09:00,89250,89370,89250,89370
2025-12-07T09:30:00+09:00,89390,89592,89388,89565
2025-12-07T09:45:00+09:00,89525,89543,89460,89460
2025-12-07T10:00:00+09:00,89463,89556,89463,89531
2025-12-07T10:15:00+09:00,89559,89600,89489,89489
2025-12-07T10:30:00+09:00,89497,89497,89438,89438
2025-12-07T10:45:00+09:00,89448,89448,89378,89378
2025-12-07T11:00:00+09:00,89371,89436,89368,89436
2025-12-07T11:15:00+09:00,89444,89556,89444,89521
2025-12-07T11:30:00+09:00,89477,89492,89458,89458
2025-12-07T11:45:00+09:00,89560,89700,89560,89683
2025-12-07T12:00:00+09:00,89658,89665,89611,89649
2025-12-07T12:15:00+09:00,89627,89640,89625,89625
2025-12-07T12:30:00+09:00,89624,89750,89621,89750
2025-12-07T12:45:00+09:00,89746,89770,89736,89736
2025-12-07T13:00:00+09:00,89756,89803,89741,89741
2025-12-07T13:15:00+09:00,89750,89750,89700,89700
2025-12-07T13:30:00+09:00,89690,89690,89569,89598
2025-12-07T13:45:00+09:00,89604,89604,89602,89602
2025-12-07T14:00:00+09:00,89606,89606,89502,89502
2025-12-07T14:15:00+09:00,89500,89529,89491,89511
2025-12-07T14:30:00+09:00,89528,89543,89512,89538
2025-12-07T14:45:00+09:00,89567,89571,89542,89571
2025-12-07T15:00:00+09:00,89554,89656,89554,89639
2025-12-07T15:15:00+09:00,89638,89720,89638,89708
2025-12-07T15:30:00+09:00,89714,89734,89714,89719
2025-12-07T15:45:00+09:00,89721,89740,89700,89740
2025-12-07T16:00:00+09:00,89750,89760,89513,89513
2025-12-07T16:15:00+09:00,89512,89526,89420,89436
2025-12-07T16:30:00+09:00,89400,89400,89311,89327
2025-12-07T16:45:00+09:00,89326,89450,89297,89401
2025-12-07T17:00:00+09:00,89410,89410,89300,89300
2025-12-07T17:15:00+09:00,89290,89404,89285,89404
2025-12-07T17:30:00+09:00,89419,89557,89396,89557
2025-12-07T17:45:00+09:00,89520,89520,89341,89373
2025-12-07T18:00:00+09:00,89366,89424,89366,89424
2025-12-07T18:15:00+09:00,89422,89423,89172,89213
2025-12-07T18:30:00+09:00,89244,89283,89231,89243
2025-12-07T18:45:00+09:00,89232,89232,89102,89148
2025-12-07T19:00:00+09:00,89161,89310,89161,89310
2025-12-07T19:15:00+09:00,89298,89316,89267,89267
2025-12-07T19:30:00+09:00,89272,89390,89190,89390
2025-12-07T19:45:00+09:00,89357,89423,89326,89326
2025-12-07T20:00:00+09:00,89310,89310,89260,89295
2025-12-07T20:15:00+09:00,89301,89301,89268,89268
2025-12-07T20:30:00+09:00,89242,89284,89242,89284
2025-12-07T20:45:00+09:00,89279,89279,89213,89239
2025-12-07T21:00:00+09:00,89216,89365,89165,89346
2025-12-07T21:15:00+09:00,89357,89388,89273,89300
2025-12-07T21:30:00+09:00,89300,89367,89300,89367
2025-12-07T21:45:00+09:00,89370,89633,89370,89531
2025-12-07T22:00:00+09:00,89554,89554,89371,89371
2025-12-07T22:15:00+09:00,89399,89402,88715,89008
2025-12-07T22:30:00+09:00,89008,89067,88951,89026
2025-12-07T22:45:00+09:00,88994,89119,88971,89078
2025-12-07T23:00:00+09:00,89071,89115,88858,88858
2025-12-07T23:15:00+09:00,88851,88891,88000,88000
2025-12-07T23:30:00+09:00,88000,88422,87878,88329
2025-12-07T23:45:00+09:00,88328,88419,88177,88320
2025-12-08T00:00:00+09:00,88264,89075,88251,88940
2025-12-08T00:15:00+09:00,88939,88999,88721,88801
2025-12-08T00:30:00+09:00,88814,89118,88814,88992
2025-12-08T00:45:00+09:00,88980,89750,88980,89624
2025-12-08T01:00:00+09:00,89594,89594,89258,89258
2025-12-08T01:15:00+09:00,89284,89469,89201,89362
2025-12-08T01:30:00+09:00,89376,89599,89333,89522
2025-12-08T01:45:00+09:00,89519,89898,89460,89898
2025-12-08T02:00:00+09:00,89898,89898,89690,89898
2025-12-08T02:15:00+09:00,89898,90740,89895,90730
2025-12-08T02:30:00+09:00,90772,91299,90750,90926
2025-12-08T02:45:00+09:00,90909,91140,90790,91015
2025-12-08T03:00:00+09:00,91025,91497,91025,91331
2025-12-08T03:15:00+09:00,91380,91700,91380,91635
2025-12-08T03:30:00+09:00,91647,91783,91420,91420
2025-12-08T03:45:00+09:00,91401,91530,91301,91391
2025-12-08T04:00:00+09:00,91404,91548,91330,91548
2025-12-08T04:15:00+09:00,91504,91504,91320,91320
2025-12-08T04:30:00+09:00,91321,91416,91281,91410
2025-12-08T04:45:00+09:00,91419,91422,91379,91419
2025-12-08T05:00:00+09:00,91430,91491,91390,91390
2025-12-08T05:15:00+09:00,91409,91496,91383,91478
2025-12-08T05:30:00+09:00,91470,91520,91420,91520
2025-12-08T05:45:00+09:00,91509,91509,91448,91450
2025-12-08T06:00:00+09:00,91478,91478,91307,91307
2025-12-08T06:15:00+09:00,91306,91310,90888,90922
2025-12-08T06:30:00+09:00,90923,91040,90522,90565
2025-12-08T06:45:00+09:00,90562,90562,90000,90331
2025-12-08T07:00:00+09:00,90299,90299,89080,89458
2025-12-08T07:15:00+09:00,89448,89780,89321,89772
2025-12-08T07:30:00+09:00,89750,90290,89725,90092
2025-12-08T07:45:00+09:00,90131,90220,89430,89666
2025-12-08T08:00:00+09:00,89673,89857,89611,89829
2025-12-08T08:15:00+09:00,89804,90090,89804,90086
2025-12-08T08:30:00+09:00,90074,90081,89910,89951
2025-12-08T08:45:00+09:00,89974,90500,89974,90473
2025-12-08T09:00:00+09:00,90433,90439,90150,90150
2025-12-08T09:15:00+09:00,90143,90310,89941,90270
2025-12-08T09:30:00+09:00,90285,90651,90285,90410
2025-12-08T09:45:00+09:00,90410,90500,90330,90454
2025-12-08T10:00:00+09:00,90408,90801,90374,90728
2025-12-08T10:15:00+09:00,90738,91255,90690,91227
2025-12-08T10:30:00+09:00,91273,91723,91242,91242
2025-12-08T10:45:00+09:00,91293,91293,90856,90956
2025-12-08T11:00:00+09:00,90950,91050,90880,90992
2025-12-08T11:15:00+09:00,90992,91121,90992,91121
2025-12-08T11:30:00+09:00,91073,91241,91039,91201
2025-12-08T11:45:00+09:00,91246,91460,91160,91459
2025-12-08T12:00:00+09:00,91423,91461,91190,91196
2025-12-08T12:15:00+09:00,91202,91387,91202,91315
2025-12-08T12:30:00+09:00,91315,91315,91051,91051
2025-12-08T12:45:00+09:00,91069,91132,91051,91132
2025-12-08T13:00:00+09:00,91116,91200,91106,91176
2025-12-08T13:15:00+09:00,91155,91320,91155,91306
2025-12-08T13:30:00+09:00,91328,91485,91250,91270
2025-12-08T13:45:00+09:00,91257,91321,91242,91318
2025-12-08T14:00:00+09:00,91269,91277,91129,91181
2025-12-08T14:15:00+09:00,91154,91390,91122,91362
2025-12-08T14:30:00+09:00,91351,91470,91341,91394
2025-12-08T14:45:00+09:00,91394,91467,91375,91375
2025-12-08T15:00:00+09:00,91413,91450,91293,91419
2025-12-08T15:15:00+09:00,91420,91469,91405,91469
2025-12-08T15:30:00+09:00,91475,91620,91475,91616
2025-12-08T15:45:00+09:00,91616,91670,91490,91490
2025-12-08T16:00:00+09:00,91481,91559,91413,91489
2025-12-08T16:15:00+09:00,91494,91759,91494,91740
2025-12-08T16:30:00+09:00,91759,91894,91694,91740
2025-12-08T16:45:00+09:00,91730,91730,91541,91561
2025-12-08T17:00:00+09:00,91604,91639,91541,91639
2025-12-08T17:15:00+09:00,91640,91737,91640,91706
2025-12-08T17:30:00+09:00,91727,91831,91658,91831
2025-12-08T17:45:00+09:00,91849,91950,91756,91857
2025-12-08T18:00:00+09:00,91854,92283,91854,92131
2025-12-08T18:15:00+09:00,92091,92091,91983,92016
2025-12-08T18:30:00+09:00,92008,92067,91971,92038
2025-12-08T18:45:00+09:00,92024,92024,91970,91970
2025-12-08T19:00:00+09:00,91971,92110,91895,92017
2025-12-08T19:15:00+09:00,92040,92087,92026,92057
2025-12-08T19:30:00+09:00,92047,92217,92014,92217
2025-12-08T19:45:00+09:00,92218,92242,92176,92176
2025-12-08T20:00:00+09:00,92179,92183,92034,92157
2025-12-08T20:15:00+09:00,92158,92206,92110,92110
2025-12-08T20:30:00+09:00,92090,92090,91930,92000
2025-12-08T20:45:00+09:00,91999,92000,91958,91999
2025-12-08T21:00:00+09:00,91995,91995,91813,91836
2025-12-08T21:15:00+09:00,91814,91910,91801,91883
2025-12-08T21:30:00+09:00,91890,91930,91679,91768
2025-12-08T21:45:00+09:00,91779,91831,91763,91809
2025-12-08T22:00:00+09:00,91774,92118,91731,91850
2025-12-08T22:15:00+09:00,91844,91884,91601,91655
2025-12-08T22:30:00+09:00,91625,91697,91397,91658
2025-12-08T22:45:00+09:00,91679,91746,91451,91458
2025-12-08T23:00:00+09:00,91459,91600,91449,91544
2025-12-08T23:15:00+09:00,91560,91569,91182,91370
2025-12-08T23:30:00+09:00,91379,91769,90800,91500
2025-12-08T23:45:00+09:00,91500,91645,90903,90947
2025-12-09T00:00:00+09:00,90907,91010,90142,90283
2025-12-09T00:15:00+09:00,90284,90535,89788,90062
2025-12-09T00:30:00+09:00,90034,90228,89694,89789
2025-12-09T00:45:00+09:00,89800,90281,89781,90050
2025-12-09T01:00:00+09:00,90034,90112,89761,90077
2025-12-09T01:15:00+09:00,90076,90460,89960,90383
2025-12-09T01:30:00+09:00,90310,90500,90210,90340
2025-12-09T01:45:00+09:00,90332,90332,89822,90010
2025-12-09T02:00:00+09:00,90015,90260,89837,90178
2025-12-09T02:15:00+09:00,90178,90240,89899,90038
2025-12-09T02:30:00+09:00,90016,90134,89770,89895
2025-12-09T02:45:00+09:00,89881,90370,89840,90298
2025-12-09T03:00:00+09:00,90296,90470,90270,90373
2025-12-09T03:15:00+09:00,90398,90543,90230,90230
2025-12-09T03:30:00+09:00,90170,90450,90070,90450
2025-12-09T03:45:00+09:00,90460,90538,89800,89930
2025-12-09T04:00:00+09:00,89970,90240,89953,90099
2025-12-09T04:15:00+09:00,90140,90230,90060,90149
2025-12-09T04:30:00+09:00,90172,90350,90163,90226
2025-12-09T04:45:00+09:00,90237,90403,90150,90150
2025-12-09T05:00:00+09:00,90211,90520,90211,90452
2025-12-09T05:15:00+09:00,90441,90670,90429,90566
2025-12-09T05:30:00+09:00,90554,90670,90420,90670
2025-12-09T05:45:00+09:00,90675,90991,90675,90880
2025-12-09T06:00:00+09:00,90888,91000,90800,90850
2025-12-09T06:15:00+09:00,90855,91050,90855,91050
2025-12-09T06:30:00+09:00,91089,91313,91089,91161
2025-12-09T06:45:00+09:00,91229,91411,91180,91398
2025-12-09T07:00:00+09:00,91387,91397,90990,90990
2025-12-09T07:15:00+09:00,91026,91119,90970,90993
2025-12-09T07:30:00+09:00,91016,91080,90832,90860
2025-12-09T07:45:00+09:00,90821,90960,90806,90807
2025-12-09T08:00:00+09:00,90888,91010,90870,90870
2025-12-09T08:15:00+09:00,90861,90918,90544,90740
2025-12-09T08:30:00+09:00,90770,90799,90676,90693
2025-12-09T08:45:00+09:00,90673,90699,90611,90668
2025-12-09T09:00:00+09:00,90670,90780,90644,90780
2025-12-09T09:15:00+09:00,90788,90862,90753,90762
2025-12-09T09:30:00+09:00,90754,90754,90500,90538
2025-12-09T09:45:00+09:00,90510,90529,90450,90461
2025-12-09T10:00:00+09:00,90460,90550,90320,90520
2025-12-09T10:15:00+09:00,90514,90600,90252,90281
2025-12-09T10:30:00+09:00,90310,90314,90110,90110
2025-12-09T10:45:00+09:00,90101,90136,90004,90106
2025-12-09T11:00:00+09:00,90150,90280,90060,90185
2025-12-09T11:15:00+09:00,90187,90399,90187,90398
2025-12-09T11:30:00+09:00,90355,90375,90251,90282
2025-12-09T11:45:00+09:00,90286,90325,90140,90140
2025-12-09T12:00:00+09:00,90131,90214,90063,90063
2025-12-09T12:15:00+09:00,90062,90159,89905,90054
2025-12-09T12:30:00+09:00,90089,90440,90089,90415
2025-12-09T12:45:00+09:00,90371,90500,90371,90478
2025-12-09T13:00:00+09:00,90484,90530,90455,90530
2025-12-09T13:15:00+09:00,90520,90528,90400,90423
2025-12-09T13:30:00+09:00,90406,90406,89829,89970
2025-12-09T13:45:00+09:00,89970,89998,89891,89942
2025-12-09T14:00:00+09:00,89960,89999,89761,89864
2025-12-09T14:15:00+09:00,89847,89925,89563,89837
2025-12-09T14:30:00+09:00,89899,90225,89899,90170
2025-12-09T14:45:00+09:00,90151,90182,89941,89948
2025-12-09T15:00:00+09:00,89958,90139,89958,90015
2025-12-09T15:15:00+09:00,90009,90052,89888,89909
2025-12-09T15:30:00+09:00,89929,89958,89868,89938
2025-12-09T15:45:00+09:00,89960,90279,89949,90252
2025-12-09T16:00:00+09:00,90208,90340,90171,90215
2025-12-09T16:15:00+09:00,90217,90500,90217,90478
2025-12-09T16:30:00+09:00,90478,90577,90478,90576
2025-12-09T16:45:00+09:00,90578,90586,90578,90586
2025-12-09T17:00:00+09:00,90586,90631,90569,90606
2025-12-09T17:15:00+09:00,90630,90667,90620,90620
2025-12-09T17:30:00+09:00,90620,90620,90490,90600
2025-12-09T17:45:00+09:00,90600,90700,90590,90591
2025-12-09T18:00:00+09:00,90602,90602,90478,90534
2025-12-09T18:15:00+09:00,90533,90568,90436,90436
2025-12-09T18:30:00+09:00,90450,90450,90310,90311
2025-12-09T18:45:00+09:00,90311,90336,90295,90295
2025-12-09T19:00:00+09:00,90295,90346,90234,90331
2025-12-09T19:15:00+09:00,90304,90325,90292,90325
2025-12-09T19:30:00+09:00,90312,90460,90100,90280
2025-12-09T19:45:00+09:00,90256,90390,90180,90390
2025-12-09T20:00:00+09:00,90409,90450,90369,90378
2025-12-09T20:15:00+09:00,90384,90411,90292,90411
2025-12-09T20:30:00+09:00,90382,90411,90359,90387
2025-12-09T20:45:00+09:00,90388,90510,90388,90510
2025-12-09T21:00:00+09:00,90500,90568,90490,90497
2025-12-09T21:15:00+09:00,90506,90790,90506,90666
2025-12-09T21:30:00+09:00,90687,90771,90631,90751
2025-12-09T21:45:00+09:00,90749,90780,90728,90728
2025-12-09T22:00:00+09:00,90728,90728,90630,90646
2025-12-09T22:15:00+09:00,90658,90820,90650,90820
2025-12-09T22:30:00+09:00,90801,90952,90360,90360
2025-12-09T22:45:00+09:00,90352,90490,90291,90490
2025-12-09T23:00:00+09:00,90520,90710,90483,90545
2025-12-09T23:15:00+09:00,90506,90506,90275,90301
2025-12-09T23:30:00+09:00,90380,90640,90168,90210
2025-12-09T23:45:00+09:00,90244,90413,90168,90413
2025-12-10T00:00:00+09:00,90420,91338,90407,90720
2025-12-10T00:15:00+09:00,90709,91350,90631,91217
2025-12-10T00:30:00+09:00,91217,92119,91120,92119
2025-12-10T00:45:00+09:00,92140,92900,91967,92751
2025-12-10T01:00:00+09:00,92784,93596,92784,93500
2025-12-10T01:15:00+09:00,93528,93780,93400,93487
2025-12-10T01:30:00+09:00,93486,94300,93486,94300
2025-12-10T01:45:00+09:00,94306,94500,94126,94252
2025-12-10T02:00:00+09:00,94253,94665,93717,94272
2025-12-10T02:15:00+09:00,94271,94272,93670,93764
2025-12-10T02:30:00+09:00,93794,93939,93570,93799
2025-12-10T02:45:00+09:00,93817,94029,93786,93883
2025-12-10T03:00:00+09:00,93926,94033,93690,93994
2025-12-10T03:15:00+09:00,93999,94162,93938,94161
2025-12-10T03:30:00+09:00,94140,94140,93887,93924
2025-12-10T03:45:00+09:00,93922,93979,93717,93929
2025-12-10T04:00:00+09:00,93959,93974,93752,93973
2025-12-10T04:15:00+09:00,93931,94050,93830,93981
2025-12-10T04:30:00+09:00,94030,94214,93670,93682
2025-12-10T04:45:00+09:00,93771,93930,93727,93800
2025-12-10T05:00:00+09:00,93802,93820,93592,93697
2025-12-10T05:15:00+09:00,93700,93700,92803,93103
2025-12-10T05:30:00+09:00,93080,93280,92891,93021
2025-12-10T05:45:00+09:00,93055,93230,93021,93082
2025-12-10T06:00:00+09:00,93135,93248,93022,93022
2025-12-10T06:15:00+09:00,93083,93180,93033,93180
2025-12-10T06:30:00+09:00,93181,93181,92753,92761
2025-12-10T06:45:00+09:00,92730,92760,92325,92727
2025-12-10T07:00:00+09:00,92728,92929,92664,92740
2025-12-10T07:15:00+09:00,92714,92714,92550,92566
2025-12-10T07:30:00+09:00,92567,93009,92567,92982
2025-12-10T07:45:00+09:00,92976,93044,92830,92933
2025-12-10T08:00:00+09:00,92909,92909,92598,92598
2025-12-10T08:15:00+09:00,92601,92892,92601,92892
2025-12-10T08:30:00+09:00,92889,92970,92834,92962
2025-12-10T08:45:00+09:00,92967,92967,92753,92753
2025-12-10T09:00:00+09:00,92752,92810,92711,92726
2025-12-10T09:15:00+09:00,92734,92734,92338,92542
2025-12-10T09:30:00+09:00,92580,92608,92514,92521
2025-12-10T09:45:00+09:00,92542,92542,92143,92220
2025-12-10T10:00:00+09:00,92211,92319,92181,92302
2025-12-10T10:15:00+09:00,92296,92420,92246,92310
2025-12-10T10:30:00+09:00,92301,92301,92039,92280
2025-12-10T10:45:00+09:00,92243,92371,92243,92350
2025-12-10T11:00:00+09:00,92347,92347,92091,92260
2025-12-10T11:15:00+09:00,92262,92590,92262,92536
2025-12-10T11:30:00+09:00,92489,92536,92411,92411
2025-12-10T11:45:00+09:00,92415,92540,92320,92540
2025-12-10T12:00:00+09:00,92535,92577,92450,92500
2025-12-10T12:15:00+09:00,92512,92512,92430,92430
2025-12-10T12:30:00+09:00,92455,92515,92435,92515
2025-12-10T12:45:00+09:00,92471,92530,92438,92460
2025-12-10T13:00:00+09:00,92472,92572,92438,92533
2025-12-10T13:15:00+09:00,92539,92670,92456,92456
2025-12-10T13:30:00+09:00,92467,92660,92467,92614
2025-12-10T13:45:00+09:00,92610,92635,92540,92635
2025-12-10T14:00:00+09:00,92589,92650,92575,92650
2025-12-10T14:15:00+09:00,92650,92750,92619,92619
2025-12-10T14:30:00+09:00,92621,92642,92578,92642
2025-12-10T14:45:00+09:00,92629,92641,92585,92585
2025-12-10T15:00:00+09:00,92618,92619,92433,92618
2025-12-10T15:15:00+09:00,92585,92587,92552,92552
2025-12-10T15:30:00+09:00,92564,92680,92564,92680
2025-12-10T15:45:00+09:00,92680,92730,92567,92710
2025-12-10T16:00:00+09:00,92708,92711,92610,92610
2025-12-10T16:15:00+09:00,92602,92602,92541,92596
2025-12-10T16:30:00+09:00,92579,92710,92579,92710
2025-12-10T16:45:00+09:00,92705,92790,92664,92790
2025-12-10T17:00:00+09:00,92800,92800,92723,92723
2025-12-10T17:15:00+09:00,92731,92765,92720,92735
2025-12-10T17:30:00+09:00,92731,92752,92620,92683
2025-12-10T17:45:00+09:00,92671,92690,92662,92669
2025-12-10T18:00:00+09:00,92674,92684,92624,92670
2025-12-10T18:15:00+09:00,92656,92659,92528,92550
2025-12-10T18:30:00+09:00,92543,92611,92543,92610
2025-12-10T18:45:00+09:00,92611,92957,92611,92954
2025-12-10T19:00:00+09:00,92934,93256,92900,92994
2025-12-10T19:15:00+09:00,92995,92995,92500,92509
2025-12-10T19:30:00+09:00,92516,92516,92203,92271
2025-12-10T19:45:00+09:00,92284,92402,92203,92351
2025-12-10T20:00:00+09:00,92329,92440,92290,92398
2025-12-10T20:15:00+09:00,92365,92406,92341,92385
2025-12-10T20:30:00+09:00,92363,92390,91872,92043
2025-12-10T20:45:00+09:00,92039,92160,91832,92160
2025-12-10T21:00:00+09:00,92169,92210,92093,92093
2025-12-10T21:15:00+09:00,92114,92128,92030,92035
2025-12-10T21:30:00+09:00,92060,92154,91909,92008
2025-12-10T21:45:00+09:00,91976,92070,91870,92065
2025-12-10T22:00:00+09:00,92047,92104,92021,92104
2025-12-10T22:15:00+09:00,92093,92245,92075,92189
2025-12-10T22:30:00+09:00,92152,92190,92012,92040
2025-12-10T22:45:00+09:00,92061,92128,92037,92128
2025-12-10T23:00:00+09:00,92130,92136,92000,92031
2025-12-10T23:15:00+09:00,92046,92109,91930,91963
2025-12-10T23:30:00+09:00,91972,92112,91874,91977
2025-12-10T23:45:00+09:00,91943,91997,91660,91860
2025-12-11T00:00:00+09:00,91835,92175,91820,92104
2025-12-11T00:15:00+09:00,92079,92150,91921,92001
2025-12-11T00:30:00+09:00,92001,92009,91632,91942
2025-12-11T00:45:00+09:00,91904,92090,91895,92090
2025-12-11T01:00:00+09:00,92092,92293,91970,92285
2025-12-11T01:15:00+09:00,92284,92602,92255,92551
2025-12-11T01:30:00+09:00,92500,92500,92290,92392
2025-12-11T01:45:00+09:00,92396,92429,92144,92177
2025-12-11T02:00:00+09:00,92203,92274,92155,92274
2025-12-11T02:15:00+09:00,92279,92530,92239,92404
2025-12-11T02:30:00+09:00,92381,92474,92293,92474
2025-12-11T02:45:00+09:00,92474,92520,92390,92426
2025-12-11T03:00:00+09:00,92409,92510,92350,92498
2025-12-11T03:15:00+09:00,92456,92474,92051,92300
2025-12-11T03:30:00+09:00,92303,93060,92283,92620
2025-12-11T03:45:00+09:00,92620,92829,92097,92545
2025-12-11T04:00:00+09:00,92536,93289,91710,93000
2025-12-11T04:15:00+09:00,92999,93145,92367,92489
2025-12-11T04:30:00+09:00,92490,93194,92490,92648
2025-12-11T04:45:00+09:00,92630,93144,92630,92938
2025-12-11T05:00:00+09:00,92979,94254,92721,94254
2025-12-11T05:15:00+09:00,94254,94470,93170,93574
2025-12-11T05:30:00+09:00,93584,93812,93343,93679
2025-12-11T05:45:00+09:00,93696,93819,92300,92490
2025-12-11T06:00:00+09:00,92449,92666,91931,92350
2025-12-11T06:15:00+09:00,92331,92570,92269,92426
2025-12-11T06:30:00+09:00,92420,92650,92222,92507
2025-12-11T06:45:00+09:00,92516,92805,92361,92361
2025-12-11T07:00:00+09:00,92431,92719,92142,92193
2025-12-11T07:15:00+09:00,92234,92486,92019,92339
2025-12-11T07:30:00+09:00,92370,92709,92200,92561
2025-12-11T07:45:00+09:00,92587,92659,92470,92610
2025-12-11T08:00:00+09:00,92584,92642,92328,92382
2025-12-11T08:15:00+09:00,92352,92374,92210,92210
2025-12-11T08:30:00+09:00,92200,92200,92074,92081
2025-12-11T08:45:00+09:00,92070,92107,92020,92023
2025-12-11T09:00:00+09:00,92069,92105,92019,92061
2025-12-11T09:15:00+09:00,92060,92060,91813,91861
2025-12-11T09:30:00+09:00,91844,91844,91290,91318
2025-12-11T09:45:00+09:00,91346,91480,91123,91461
2025-12-11T10:00:00+09:00,91461,91461,91060,91060
2025-12-11T10:15:00+09:00,91059,91149,90811,91108
2025-12-11T10:30:00+09:00,91142,91318,90990,91042
2025-12-11T10:45:00+09:00,91042,91052,90688,90723
2025-12-11T11:00:00+09:00,90713,90713,90217,90248
2025-12-11T11:15:00+09:00,90275,90396,90006,90132
2025-12-11T11:30:00+09:00,90131,90250,90000,90140
2025-12-11T11:45:00+09:00,90115,90208,89976,90111
2025-12-11T12:00:00+09:00,90136,90136,89500,89681
2025-12-11T12:15:00+09:00,89636,90033,89591,89796
2025-12-11T12:30:00+09:00,89797,89925,89678,89861
2025-12-11T12:45:00+09:00,89831,89960,89823,89946
2025-12-11T13:00:00+09:00,89949,90130,89800,90130
2025-12-11T13:15:00+09:00,90129,90170,89961,90100
2025-12-11T13:30:00+09:00,90099,90220,90079,90186
2025-12-11T13:45:00+09:00,90171,90500,90121,90500
2025-12-11T14:00:00+09:00,90499,90499,90151,90151
2025-12-11T14:15:00+09:00,90179,90413,90179,90317
2025-12-11T14:30:00+09:00,90335,90361,90260,90263
2025-12-11T14:45:00+09:00,90289,90395,90289,90365
2025-12-11T15:00:00+09:00,90358,90358,90286,90306
2025-12-11T15:15:00+09:00,90311,90316,90070,90127
2025-12-11T15:30:00+09:00,90161,90493,90161,90370
2025-12-11T15:45:00+09:00,90371,90393,90300,90366
2025-12-11T16:00:00+09:00,90365,90378,90270,90280
2025-12-11T16:15:00+09:00,90291,90332,90170,90177
2025-12-11T16:30:00+09:00,90201,90289,90201,90275
2025-12-11T16:45:00+09:00,90253,90310,90196,90303
2025-12-11T17:00:00+09:00,90314,90314,90078,90128
2025-12-11T17:15:00+09:00,90129,90250,90120,90188
2025-12-11T17:30:00+09:00,90182,90182,90051,90108
2025-12-11T17:45:00+09:00,90114,90296,90082,90252
2025-12-11T18:00:00+09:00,90255,90333,90225,90325
2025-12-11T18:15:00+09:00,90326,90500,90326,90466
2025-12-11T18:30:00+09:00,90490,90530,90362,90394
2025-12-11T18:45:00+09:00,90393,90418,90260,90263
2025-12-11T19:00:00+09:00,90312,90380,90280,90380
2025-12-11T19:15:00+09:00,90362,90362,90250,90314
2025-12-11T19:30:00+09:00,90301,90301,90254,90254
2025-12-11T19:45:00+09:00,90258,90380,90250,90352
2025-12-11T20:00:00+09:00,90356,90440,90356,90409
2025-12-11T20:15:00+09:00,90409,90420,90330,90330
2025-12-11T20:30:00+09:00,90321,90333,90280,90280
2025-12-11T20:45:00+09:00,90302,90302,90278,90278
2025-12-11T21:00:00+09:00,90305,90305,90200,90218
2025-12-11T21:15:00+09:00,90226,90370,90215,90342
2025-12-11T21:30:00+09:00,90342,90398,90341,90341
2025-12-11T21:45:00+09:00,90341,90342,90069,90069
2025-12-11T22:00:00+09:00,90105,90132,90081,90094
2025-12-11T22:15:00+09:00,90093,90128,90030,90127
2025-12-11T22:30:00+09:00,90086,90145,89915,90082
2025-12-11T22:45:00+09:00,90075,90170,90040,90117
2025-12-11T23:00:00+09:00,90141,90164,90081,90160
2025-12-11T23:15:00+09:00,90180,90280,90179,90181
2025-12-11T23:30:00+09:00,90194,90489,89834,90310
2025-12-11T23:45:00+09:00,90314,90325,89245,89620
2025-12-12T00:00:00+09:00,89546,90200,89443,90160
2025-12-12T00:15:00+09:00,90122,90632,89961,90240
2025-12-12T00:30:00+09:00,90275,90280,89742,89863
2025-12-12T00:45:00+09:00,89819,90030,89678,89950
2025-12-12T01:00:00+09:00,89897,89966,89420,89425
2025-12-12T01:15:00+09:00,89420,89702,89414,89589
2025-12-12T01:30:00+09:00,89636,90010,89501,89991
2025-12-12T01:45:00+09:00,89988,90194,89682,89741
2025-12-12T02:00:00+09:00,89780,89919,89682,89919
2025-12-12T02:15:00+09:00,89920,90283,89911,90140
2025-12-12T02:30:00+09:00,90115,90250,90020,90076
2025-12-12T02:45:00+09:00,90104,90170,89990,89990
2025-12-12T03:00:00+09:00,90024,90436,89950,90363
2025-12-12T03:15:00+09:00,90386,90500,90300,90416
2025-12-12T03:30:00+09:00,90413,91139,90385,91139
2025-12-12T03:45:00+09:00,91150,91230,90576,90708
2025-12-12T04:00:00+09:00,90739,90904,90650,90790
2025-12-12T04:15:00+09:00,90777,91190,90756,91190
2025-12-12T04:30:00+09:00,91172,91520,91172,91372
2025-12-12T04:45:00+09:00,91399,91448,90790,90874
2025-12-12T05:00:00+09:00,90874,91483,90839,91360
2025-12-12T05:15:00+09:00,91391,91440,91031,91103
2025-12-12T05:30:00+09:00,91064,91644,91064,91616
2025-12-12T05:45:00+09:00,91638,91850,91470,91774
2025-12-12T06:00:00+09:00,91812,92573,91750,92391
2025-12-12T06:15:00+09:00,92463,93250,92463,93250
2025-12-12T06:30:00+09:00,93259,93519,92934,93177
2025-12-12T06:45:00+09:00,93180,93235,92862,92884
2025-12-12T07:00:00+09:00,92986,93200,92895,92950
2025-12-12T07:15:00+09:00,92943,92943,92282,92380
2025-12-12T07:30:00+09:00,92408,92712,92269,92404
2025-12-12T07:45:00+09:00,92394,92479,92112,92420
2025-12-12T08:00:00+09:00,92387,92684,92387,92556
2025-12-12T08:15:00+09:00,92521,92669,92461,92568
2025-12-12T08:30:00+09:00,92542,92832,92529,92778
2025-12-12T08:45:00+09:00,92768,92768,92460,92515
2025-12-12T09:00:00+09:00,92542,92578,92470,92480
2025-12-12T09:15:00+09:00,92472,92650,92420,92420
2025-12-12T09:30:00+09:00,92442,92449,92337,92363
2025-12-12T09:45:00+09:00,92334,92378,91447,91585
2025-12-12T10:00:00+09:00,91599,91894,91562,91794
2025-12-12T10:15:00+09:00,91832,92170,91832,92131
2025-12-12T10:30:00+09:00,92114,92310,92071,92201
2025-12-12T10:45:00+09:00,92212,92248,92130,92186
2025-12-12T11:00:00+09:00,92201,92500,91991,92499
2025-12-12T11:15:00+09:00,92450,92450,92310,92424
2025-12-12T11:30:00+09:00,92440,92500,92430,92430
2025-12-12T11:45:00+09:00,92471,92755,92429,92600
2025-12-12T12:00:00+09:00,92621,92750,92491,92502
2025-12-12T12:15:00+09:00,92502,92502,92221,92271
2025-12-12T12:30:00+09:00,92294,92393,92283,92371
2025-12-12T12:45:00+09:00,92369,92400,92339,92339
2025-12-12T13:00:00+09:00,92307,92382,92251,92251
2025-12-12T13:15:00+09:00,92257,92262,92200,92212
2025-12-12T13:30:00+09:00,92225,92280,92209,92251
2025-12-12T13:45:00+09:00,92266,92450,92266,92428
2025-12-12T14:00:00+09:00,92429,92535,92268,92268
2025-12-12T14:15:00+09:00,92283,92307,92143,92187
2025-12-12T14:30:00+09:00,92171,92340,92171,92340
2025-12-12T14:45:00+09:00,92340,92480,92340,92455
2025-12-12T15:00:00+09:00,92469,92678,92469,92678
2025-12-12T15:15:00+09:00,92714,92728,92635,92635
2025-12-12T15:30:00+09:00,92637,92637,92560,92603
2025-12-12T15:45:00+09:00,92603,92603,92510,92552
2025-12-12T16:00:00+09:00,92521,92590,92521,92583
2025-12-12T16:15:00+09:00,92562,92562,92408,92408
2025-12-12T16:30:00+09:00,92409,92520,92315,92450
2025-12-12T16:45:00+09:00,92460,92483,92460,92462
2025-12-12T17:00:00+09:00,92468,92475,92412,92468
2025-12-12T17:15:00+09:00,92467,92467,92250,92267
2025-12-12T17:30:00+09:00,92263,92297,92238,92268
2025-12-12T17:45:00+09:00,92255,92370,92170,92370
2025-12-12T18:00:00+09:00,92337,92390,92296,92390
2025-12-12T18:15:00+09:00,92376,92397,92190,92190
2025-12-12T18:30:00+09:00,92170,92213,92163,92213
2025-12-12T18:45:00+09:00,92212,92560,92212,92560
2025-12-12T19:00:00+09:00,92530,92630,92530,92595
2025-12-12T19:15:00+09:00,92594,92594,92498,92535
2025-12-12T19:30:00+09:00,92517,92517,92491,92491
2025-12-12T19:45:00+09:00,92490,92582,92490,92529
2025-12-12T20:00:00+09:00,92525,92525,92433,92433
2025-12-12T20:15:00+09:00,92432,92436,92351,92436
2025-12-12T20:30:00+09:00,92443,92444,92354,92391
2025-12-12T20:45:00+09:00,92367,92435,92367,92422
2025-12-12T21:00:00+09:00,92445,92445,92303,92312
2025-12-12T21:15:00+09:00,92312,92312,92250,92250
2025-12-12T21:30:00+09:00,92224,92269,92155,92155
2025-12-12T21:45:00+09:00,92156,92432,92156,92432
2025-12-12T22:00:00+09:00,92440,92440,92394,92400
2025-12-12T22:15:00+09:00,92424,92549,92370,92370
2025-12-12T22:30:00+09:00,92362,92388,92304,92352
2025-12-12T22:45:00+09:00,92342,92410,92333,92348
2025-12-12T23:00:00+09:00,92348,92348,92277,92277
2025-12-12T23:15:00+09:00,92276,92350,92200,92211
2025-12-12T23:30:00+09:00,92192,92620,92000,92450
2025-12-12T23:45:00+09:00,92511,92688,92320,92530
2025-12-13T00:00:00+09:00,92520,92520,92000,92078
2025-12-13T00:15:00+09:00,92050,92050,90956,90980
2025-12-13T00:30:00+09:00,90948,90975,90311,90570
2025-12-13T00:45:00+09:00,90590,90837,89894,90051
2025-12-13T01:00:00+09:00,89989,90150,89752,90082
2025-12-13T01:15:00+09:00,90081,90500,89892,90482
2025-12-13T01:30:00+09:00,90474,90474,89585,89746
2025-12-13T01:45:00+09:00,89737,90233,89715,90071
2025-12-13T02:00:00+09:00,90100,90484,90100,90398
2025-12-13T02:15:00+09:00,90423,90688,89933,89960
2025-12-13T02:30:00+09:00,89926,90310,89926,90254
2025-12-13T02:45:00+09:00,90291,90360,90057,90110
2025-12-13T03:00:00+09:00,90146,90535,90146,90423
2025-12-13T03:15:00+09:00,90391,90616,90310,90593
2025-12-13T03:30:00+09:00,90594,90699,90491,90532
2025-12-13T03:45:00+09:00,90519,90670,90370,90370
2025-12-13T04:00:00+09:00,90405,90439,90092,90111
2025-12-13T04:15:00+09:00,90110,90400,90110,90288
2025-12-13T04:30:00+09:00,90292,90332,90180,90182
2025-12-13T04:45:00+09:00,90174,90272,90166,90192
2025-12-13T05:00:00+09:00,90249,90308,90130,90130
2025-12-13T05:15:00+09:00,90120,90280,90098,90102
2025-12-13T05:30:00+09:00,90102,90190,89971,90190
2025-12-13T05:45:00+09:00,90188,90335,90185,90241
2025-12-13T06:00:00+09:00,90251,90391,90230,90391
2025-12-13T06:15:00+09:00,90325,90325,90200,90228
2025-12-13T06:30:00+09:00,90300,90352,90300,90352
2025-12-13T06:45:00+09:00,90329,90329,90282,90285
2025-12-13T07:00:00+09:00,90261,90456,90261,90414
2025-12-13T07:15:00+09:00,90413,90418,90373,90386
2025-12-13T07:30:00+09:00,90413,90413,90381,90381
2025-12-13T07:45:00+09:00,90362,90362,90350,90359
2025-12-13T08:00:00+09:00,90394,90426,90374,90407
2025-12-13T08:15:00+09:00,90434,90434,90394,90394
2025-12-13T08:30:00+09:00,90394,90411,90394,90411
2025-12-13T08:45:00+09:00,90418,90418,90291,90302
2025-12-13T09:00:00+09:00,90325,90474,90288,90436
2025-12-13T09:15:00+09:00,90404,90441,90390,90391
2025-12-13T09:30:00+09:00,90391,90391,90360,90378
2025-12-13T09:45:00+09:00,90378,90379,90378,90379
2025-12-13T10:00:00+09:00,90386,90390,90386,90388
2025-12-13T10:15:00+09:00,90377,90377,90361,90361
2025-12-13T10:30:00+09:00,90370,90370,90185,90185
2025-12-13T10:45:00+09:00,90213,90238,90213,90238
2025-12-13T11:00:00+09:00,90283,90360,90283,90360
2025-12-13T11:15:00+09:00,90333,90348,90333,90347
2025-12-13T11:30:00+09:00,90347,90347,90287,90315
2025-12-13T11:45:00+09:00,90321,90321,90280,90280
2025-12-13T12:00:00+09:00,90292,90309,90282,90307
2025-12-13T12:15:00+09:00,90307,90377,90307,90368
2025-12-13T12:30:00+09:00,90374,90495,90374,90495
2025-12-13T12:45:00+09:00,90447,90447,90395,90395
2025-12-13T13:00:00+09:00,90402,90402,90380,90381
2025-12-13T13:15:00+09:00,90380,90392,90351,90388
2025-12-13T13:30:00+09:00,90361,90429,90361,90427
2025-12-13T13:45:00+09:00,90413,90443,90412,90412
2025-12-13T14:00:00+09:00,90421,90424,90403,90424
2025-12-13T14:15:00+09:00,90412,90412,90412,90412
2025-12-13T14:30:00+09:00,90409,90410,90368,90368
2025-12-13T14:45:00+09:00,90350,90363,90342,90363
2025-12-13T15:00:00+09:00,90387,90397,90362,90375
2025-12-13T15:15:00+09:00,90363,90363,90341,90341
2025-12-13T15:30:00+09:00,90341,90387,90341,90387
2025-12-13T15:45:00+09:00,90365,90393,90365,90393
2025-12-13T16:00:00+09:00,90401,90404,90401,90402
2025-12-13T16:15:00+09:00,90404,90404,90404,90404
2025-12-13T16:30:00+09:00,90404,90435,90390,90391
2025-12-13T16:45:00+09:00,90400,90416,90399,90399
2025-12-13T17:00:00+09:00,90398,90400,90383,90400
2025-12-13T17:15:00+09:00,90435,90598,90435,90568
2025-12-13T17:30:00+09:00,90557,90557,90470,90470
2025-12-13T17:45:00+09:00,90471,90579,90471,90494
2025-12-13T18:00:00+09:00,90518,90564,90517,90564
2025-12-13T18:15:00+09:00,90509,90509,90505,90505
2025-12-13T18:30:00+09:00,90505,90529,90481,90529
2025-12-13T18:45:00+09:00,90526,90548,90455,90481
2025-12-13T19:00:00+09:00,90497,90549,90492,90518
2025-12-13T19:15:00+09:00,90518,90569,90518,90569
2025-12-13T19:30:00+09:00,90576,90671,90576,90658
2025-12-13T19:45:00+09:00,90648,90648,90641,90641
2025-12-13T20:00:00+09:00,90656,90657,90592,90592
2025-12-13T20:15:00+09:00,90619,90619,90519,90519
2025-12-13T20:30:00+09:00,90519,90519,90409,90429
2025-12-13T20:45:00+09:00,90415,90472,90390,90410
2025-12-13T21:00:00+09:00,90411,90520,90411,90497
2025-12-13T21:15:00+09:00,90496,90496,90410,90410
2025-12-13T21:30:00+09:00,90429,90459,90382,90382
2025-12-13T21:45:00+09:00,90381,90403,90370,90396
2025-12-13T22:00:00+09:00,90397,90469,90392,90393
2025-12-13T22:15:00+09:00,90440,90520,90317,90317
2025-12-13T22:30:00+09:00,90310,90336,90265,90301
2025-12-13T22:45:00+09:00,90301,90356,90301,90356
2025-12-13T23:00:00+09:00,90312,90370,90312,90341
2025-12-13T23:15:00+09:00,90334,90334,90046,90046
2025-12-13T23:30:00+09:00,90046,90346,90046,90250
2025-12-13T23:45:00+09:00,90250,90284,90170,90170
2025-12-14T00:00:00+09:00,90160,90329,90144,90262
2025-12-14T00:15:00+09:00,90231,90231,90213,90213
2025-12-14T00:30:00+09:00,90222,90229,90212,90212
2025-12-14T00:45:00+09:00,90200,90200,90155,90163
2025-12-14T01:00:00+09:00,90164,90346,90164,90270
2025-12-14T01:15:00+09:00,90261,90261,90171,90171
2025-12-14T01:30:00+09:00,90170,90175,90140,90160
2025-12-14T01:45:00+09:00,90160,90193,90143,90174
2025-12-14T02:00:00+09:00,90174,90174,90091,90153
2025-12-14T02:15:00+09:00,90151,90173,90085,90106
2025-12-14T02:30:00+09:00,90099,90175,90091,90175
2025-12-14T02:45:00+09:00,90176,90176,90140,90140
2025-12-14T03:00:00+09:00,90141,90240,90141,90240
2025-12-14T03:15:00+09:00,90250,90250,90243,90249
2025-12-14T03:30:00+09:00,90248,90248,90228,90228
2025-12-14T03:45:00+09:00,90222,90222,90195,90199
2025-12-14T04:00:00+09:00,90200,90253,90200,90253
2025-12-14T04:15:00+09:00,90253,90259,90230,90230
2025-12-14T04:30:00+09:00,90230,90290,90222,90290
2025-12-14T04:45:00+09:00,90295,90298,90275,90275
2025-12-14T05:00:00+09:00,90288,90289,90262,90266
2025-12-14T05:15:00+09:00,90250,90250,90231,90232
2025-12-14T05:30:00+09:00,90232,90238,90211,90237
2025-12-14T05:45:00+09:00,90224,90253,90143,90143
2025-12-14T06:00:00+09:00,90150,90150,90100,90100
2025-12-14T06:15:00+09:00,90100,90100,90040,90040
2025-12-14T06:30:00+09:00,90038,90124,89886,90124
2025-12-14T06:45:00+09:00,90107,90240,90107,90240
2025-12-14T07:00:00+09:00,90247,90342,90108,90108
2025-12-14T07:15:00+09:00,90152,90152,90152,90152
2025-12-14T07:30:00+09:00,90163,90290,90163,90259
2025-12-14T07:45:00+09:00,90240,90263,90198,90244
2025-12-14T08:00:00+09:00,90204,90245,90170,90244
2025-12-14T08:15:00+09:00,90244,90286,90244,90266
2025-12-14T08:30:00+09:00,90266,90309,90266,90297
2025-12-14T08:45:00+09:00,90297,90327,90297,90327
2025-12-14T09:00:00+09:00,90321,90321,90215,90314
2025-12-14T09:15:00+09:00,90325,90385,90290,90334
2025-12-14T09:30:00+09:00,90371,90520,90371,90519
2025-12-14T09:45:00+09:00,90520,90530,90423,90423
2025-12-14T10:00:00+09:00,90420,90468,90354,90455
2025-12-14T10:15:00+09:00,90453,90487,90446,90478
2025-12-14T10:30:00+09:00,90444,90444,90290,90290
2025-12-14T10:45:00+09:00,90296,90357,90296,90355
2025-12-14T11:00:00+09:00,90354,90390,90353,90390
2025-12-14T11:15:00+09:00,90365,90419,90365,90418
2025-12-14T11:30:00+09:00,90410,90428,90324,90324
2025-12-14T11:45:00+09:00,90374,90374,90334,90334
2025-12-14T12:00:00+09:00,90352,90357,90339,90346
2025-12-14T12:15:00+09:00,90340,90341,90338,90338
2025-12-14T12:30:00+09:00,90338,90338,90321,90331
2025-12-14T12:45:00+09:00,90335,90335,90321,90321
2025-12-14T13:00:00+09:00,90322,90343,90322,90338
2025-12-14T13:15:00+09:00,90362,90363,90355,90363
2025-12-14T13:30:00+09:00,90366,90372,90224,90224
2025-12-14T13:45:00+09:00,90222,90277,90216,90250
2025-12-14T14:00:00+09:00,90250,90250,90190,90190
2025-12-14T14:15:00+09:00,90186,90186,90130,90154
2025-12-14T14:30:00+09:00,90154,90186,90154,90179
2025-12-14T14:45:00+09:00,90226,90269,90226,90248
2025-12-14T15:00:00+09:00,90242,90270,90242,90270
2025-12-14T15:15:00+09:00,90276,90276,90180,90180
2025-12-14T15:30:00+09:00,90176,90217,90167,90217
2025-12-14T15:45:00+09:00,90209,90224,90202,90224
2025-12-14T16:00:00+09:00,90213,90213,90205,90205
2025-12-14T16:15:00+09:00,90200,90202,90200,90201
2025-12-14T16:30:00+09:00,90181,90192,90160,90192
2025-12-14T16:45:00+09:00,90193,90337,90193,90308
2025-12-14T17:00:00+09:00,90308,90317,90289,90296
2025-12-14T17:15:00+09:00,90283,90288,90247,90262
2025-12-14T17:30:00+09:00,90247,90248,90240,90240
2025-12-14T17:45:00+09:00,90239,90239,90190,90190
2025-12-14T18:00:00+09:00,90205,90210,90160,90160
2025-12-14T18:15:00+09:00,90151,90183,90150,90150
2025-12-14T18:30:00+09:00,90151,90165,90070,90070
2025-12-14T18:45:00+09:00,90091,90091,90084,90085
2025-12-14T19:00:00+09:00,90084,90084,89876,89880
2025-12-14T19:15:00+09:00,89881,90156,89881,90078
2025-12-14T19:30:00+09:00,90065,90065,89931,89988
2025-12-14T19:45:00+09:00,89987,89987,89912,89914
2025-12-14T20:00:00+09:00,89912,89912,89507,89765
2025-12-14T20:15:00+09:00,89771,89799,89566,89575
2025-12-14T20:30:00+09:00,89567,89637,88673,88887
2025-12-14T20:45:00+09:00,88886,89451,88710,89451
2025-12-14T21:00:00+09:00,89410,89500,89174,89405
2025-12-14T21:15:00+09:00,89371,89560,89371,89458
2025-12-14T21:30:00+09:00,89440,89648,89440,89643
2025-12-14T21:45:00+09:00,89645,89687,89468,89468
2025-12-14T22:00:00+09:00,89461,89461,89155,89309
2025-12-14T22:15:00+09:00,89302,89310,89161,89263
2025-12-14T22:30:00+09:00,89282,89371,89261,89324
2025-12-14T22:45:00+09:00,89294,89474,89249,89474
2025-12-14T23:00:00+09:00,89507,89554,89411,89411
2025-12-14T23:15:00+09:00,89390,89445,89284,89284
2025-12-14T23:30:00+09:00,89284,89286,89000,89000
2025-12-14T23:45:00+09:00,89001,89148,88959,89148
2025-12-15T00:00:00+09:00,89122,89186,88997,89058
2025-12-15T00:15:00+09:00,89048,89162,88945,89013
2025-12-15T00:30:00+09:00,89043,89132,89013,89128
2025-12-15T00:45:00+09:00,89102,89102,89039,89072
2025-12-15T01:00:00+09:00,89064,89085,89003,89040
2025-12-15T01:15:00+09:00,89040,89394,89022,89298
2025-12-15T01:30:00+09:00,89327,89327,88800,88801
2025-12-15T01:45:00+09:00,88864,88926,88590,88844
2025-12-15T02:00:00+09:00,88844,89027,88642,88700
2025-12-15T02:15:00+09:00,88702,88893,88661,88801
2025-12-15T02:30:00+09:00,88795,88819,88715,88815
2025-12-15T02:45:00+09:00,88765,88907,88730,88854
2025-12-15T03:00:00+09:00,88853,88932,88794,88931
2025-12-15T03:15:00+09:00,88939,89044,88786,88812
2025-12-15T03:30:00+09:00,88814,88953,88814,88894
2025-12-15T03:45:00+09:00,88913,89031,88860,89031
2025-12-15T04:00:00+09:00,89018,89018,88734,88772
2025-12-15T04:15:00+09:00,88760,88760,88558,88698
2025-12-15T04:30:00+09:00,88698,88742,88587,88587
2025-12-15T04:45:00+09:00,88613,88639,88549,88601
2025-12-15T05:00:00+09:00,88651,88775,88411,88773
2025-12-15T05:15:00+09:00,88763,88800,88684,88684
2025-12-15T05:30:00+09:00,88674,88729,88616,88718
2025-12-15T05:45:00+09:00,88694,88705,88569,88570
2025-12-15T06:00:00+09:00,88554,88607,88499,88529
2025-12-15T06:15:00+09:00,88545,88703,88543,88673
2025-12-15T06:30:00+09:00,88644,88644,88531,88572
2025-12-15T06:45:00+09:00,88561,88561,88411,88475
2025-12-15T07:00:00+09:00,88474,88593,88473,88513
2025-12-15T07:15:00+09:00,88500,88535,88398,88398
2025-12-15T07:30:00+09:00,88397,88397,88063,88202
2025-12-15T07:45:00+09:00,88211,88425,88184,88425
2025-12-15T08:00:00+09:00,88455,88600,88022,88047
2025-12-15T08:15:00+09:00,88099,88233,88001,88062
2025-12-15T08:30:00+09:00,88087,88153,87660,88061
2025-12-15T08:45:00+09:00,88079,88385,88003,88181
2025-12-15T09:00:00+09:00,88197,88512,88166,88166
2025-12-15T09:15:00+09:00,88183,88613,88101,88585
2025-12-15T09:30:00+09:00,88593,88714,88190,88279
2025-12-15T09:45:00+09:00,88265,88511,88265,88504
2025-12-15T10:00:00+09:00,88492,88614,88492,88614
2025-12-15T10:15:00+09:00,88588,88770,88588,88721
2025-12-15T10:30:00+09:00,88739,89317,88722,89100
2025-12-15T10:45:00+09:00,89123,89385,89043,89316
2025-12-15T11:00:00+09:00,89306,89680,89306,89571
2025-12-15T11:15:00+09:00,89572,90000,89572,89715
2025-12-15T11:30:00+09:00,89755,89755,89455,89528
2025-12-15T11:45:00+09:00,89497,89511,89343,89363
2025-12-15T12:00:00+09:00,89368,89480,89343,89450
2025-12-15T12:15:00+09:00,89454,89578,89446,89446
2025-12-15T12:30:00+09:00,89447,89463,89319,89350
2025-12-15T12:45:00+09:00,89362,89409,89351,89351
2025-12-15T13:00:00+09:00,89352,89576,89352,89575
2025-12-15T13:15:00+09:00,89582,89615,89347,89374
2025-12-15T13:30:00+09:00,89391,89703,89391,89703
2025-12-15T13:45:00+09:00,89711,89818,89711,89729
2025-12-15T14:00:00+09:00,89727,89727,89637,89706
2025-12-15T14:15:00+09:00,89711,89798,89711,89781
2025-12-15T14:30:00+09:00,89768,89768,89616,89616
2025-12-15T14:45:00+09:00,89601,89641,89574,89641
2025-12-15T15:00:00+09:00,89658,89658,89552,89606
2025-12-15T15:15:00+09:00,89564,89638,89555,89638
2025-12-15T15:30:00+09:00,89624,89692,89602,89652
2025-12-15T15:45:00+09:00,89660,89932,89660,89834
2025-12-15T16:00:00+09:00,89830,89830,89602,89641
2025-12-15T16:15:00+09:00,89643,89690,89636,89690
2025-12-15T16:30:00+09:00,89642,89765,89642,89670
2025-12-15T16:45:00+09:00,89691,89836,89690,89802
2025-12-15T17:00:00+09:00,89802,89848,89735,89741
2025-12-15T17:15:00+09:00,89814,89926,89786,89926
2025-12-15T17:30:00+09:00,89924,89942,89852,89917
2025-12-15T17:45:00+09:00,89921,89921,89851,89851
2025-12-15T18:00:00+09:00,89840,89964,89840,89871
2025-12-15T18:15:00+09:00,89889,89961,89889,89952
2025-12-15T18:30:00+09:00,89941,89941,89915,89929
2025-12-15T18:45:00+09:00,89922,90000,89914,89921
2025-12-15T19:00:00+09:00,89911,89982,89873,89879
2025-12-15T19:15:00+09:00,89873,89950,89808,89950
2025-12-15T19:30:00+09:00,89940,90011,89811,89838
2025-12-15T19:45:00+09:00,89881,89933,89881,89907
2025-12-15T20:00:00+09:00,89897,89927,89868,89888
2025-12-15T20:15:00+09:00,89875,89875,89874,89874
2025-12-15T20:30:00+09:00,89877,89877,89670,89677
2025-12-15T20:45:00+09:00,89685,89744,89672,89702
2025-12-15T21:00:00+09:00,89674,89674,89504,89504
2025-12-15T21:15:00+09:00,89505,89638,89505,89610
2025-12-15T21:30:00+09:00,89630,89794,89630,89794
2025-12-15T21:45:00+09:00,89794,89794,89703,89743
2025-12-15T22:00:00+09:00,89743,89773,89545,89600
2025-12-15T22:15:00+09:00,89622,89622,89423,89487
2025-12-15T22:30:00+09:00,89476,89515,89326,89515
2025-12-15T22:45:00+09:00,89513,89569,89465,89465
2025-12-15T23:00:00+09:00,89466,89631,89451,89621
2025-12-15T23:15:00+09:00,89617,89711,89420,89441
2025-12-15T23:30:00+09:00,89440,89897,89130,89354
2025-12-15T23:45:00+09:00,89346,89346,87929,88114
2025-12-16T00:00:00+09:00,88083,88260,87505,87533
2025-12-16T00:15:00+09:00,87543,87543,86782,86928
2025-12-16T00:30:00+09:00,86908,87265,86721,87265
2025-12-16T00:45:00+09:00,87214,87434,86820,87177
2025-12-16T01:00:00+09:00,87055,87222,86894,87006
2025-12-16T01:15:00+09:00,86971,87201,86971,87016
2025-12-16T01:30:00+09:00,87035,87045,86150,86437
2025-12-16T01:45:00+09:00,86418,86597,86118,86477
2025-12-16T02:00:00+09:00,86467,86542,86306,86306
2025-12-16T02:15:00+09:00,86305,86445,86202,86297
2025-12-16T02:30:00+09:00,86276,86276,85811,85937
2025-12-16T02:45:00+09:00,85948,86036,85710,85860
2025-12-16T03:00:00+09:00,85860,86066,85720,85976
2025-12-16T03:15:00+09:00,85978,86035,85671,85717
2025-12-16T03:30:00+09:00,85716,85973,85288,85876
2025-12-16T03:45:00+09:00,85856,86394,85825,86290
2025-12-16T04:00:00+09:00,86313,86649,86065,86130
2025-12-16T04:15:00+09:00,86068,86474,86000,86236
2025-12-16T04:30:00+09:00,86235,86427,86231,86321
2025-12-16T04:45:00+09:00,86319,86374,86110,86266
2025-12-16T05:00:00+09:00,86248,86290,85893,85934
2025-12-16T05:15:00+09:00,85894,85984,85764,85876
2025-12-16T05:30:00+09:00,85877,86193,85863,86063
2025-12-16T05:45:00+09:00,86064,86097,85923,85934
2025-12-16T06:00:00+09:00,85926,85949,85664,85774
2025-12-16T06:15:00+09:00,85760,86287,85734,86268
2025-12-16T06:30:00+09:00,86231,86323,86162,86165
2025-12-16T06:45:00+09:00,86177,86454,86177,86376
2025-12-16T07:00:00+09:00,86381,86385,86169,86220
2025-12-16T07:15:00+09:00,86219,86269,86002,86183
2025-12-16T07:30:00+09:00,86162,86259,86105,86214
2025-12-16T07:45:00+09:00,86214,86409,86160,86409
2025-12-16T08:00:00+09:00,86409,86582,86353,86582
2025-12-16T08:15:00+09:00,86547,86547,86263,86347
2025-12-16T08:30:00+09:00,86357,86592,86357,86588
2025-12-16T08:45:00+09:00,86604,86611,86501,86535
2025-12-16T09:00:00+09:00,86551,86655,86471,86471
2025-12-16T09:15:00+09:00,86471,86550,86346,86520
2025-12-16T09:30:00+09:00,86502,86506,86269,86292
2025-12-16T09:45:00+09:00,86288,86288,86024,86024
2025-12-16T10:00:00+09:00,86024,86293,85895,86249
2025-12-16T10:15:00+09:00,86250,86250,86025,86025
2025-12-16T10:30:00+09:00,86058,86166,85832,85985
2025-12-16T10:45:00+09:00,86002,86070,85903,86067
2025-12-16T11:00:00+09:00,86041,86150,86011,86140
2025-12-16T11:15:00+09:00,86136,86342,86049,86306
2025-12-16T11:30:00+09:00,86326,86346,86239,86275
2025-12-16T11:45:00+09:00,86283,86297,85983,86069
2025-12-16T12:00:00+09:00,86080,86149,85856,85876
2025-12-16T12:15:00+09:00,85860,85920,85741,85800
2025-12-16T12:30:00+09:00,85807,85920,85525,85899
2025-12-16T12:45:00+09:00,85907,85987,85907,85987
2025-12-16T13:00:00+09:00,85993,86030,85924,85957
2025-12-16T13:15:00+09:00,85935,85935,85767,85780
2025-12-16T13:30:00+09:00,85778,85809,85606,85781
2025-12-16T13:45:00+09:00,85780,85969,85382,85969
2025-12-16T14:00:00+09:00,85945,86068,85945,86012
2025-12-16T14:15:00+09:00,85983,86128,85983,86125
2025-12-16T14:30:00+09:00,86119,86209,86072,86199
2025-12-16T14:45:00+09:00,86199,86285,86109,86141
2025-12-16T15:00:00+09:00,86142,86408,86142,86339
2025-12-16T15:15:00+09:00,86351,86571,86351,86505
2025-12-16T15:30:00+09:00,86494,86558,86493,86547
2025-12-16T15:45:00+09:00,86539,86698,86539,86620
2025-12-16T16:00:00+09:00,86619,86719,86464,86464
2025-12-16T16:15:00+09:00,86481,86481,86228,86305
2025-12-16T16:30:00+09:00,86304,86314,86030,86030
2025-12-16T16:45:00+09:00,86025,86178,86003,86144
2025-12-16T17:00:00+09:00,86128,86301,86061,86297
2025-12-16T17:15:00+09:00,86250,86387,86152,86387
2025-12-16T17:30:00+09:00,86345,86354,86221,86354
2025-12-16T17:45:00+09:00,86354,86460,86351,86351
2025-12-16T18:00:00+09:00,86388,86460,86375,86460
2025-12-16T18:15:00+09:00,86436,86500,86309,86380
2025-12-16T18:30:00+09:00,86383,86477,86359,86446
2025-12-16T18:45:00+09:00,86446,86476,86384,86411
2025-12-16T19:00:00+09:00,86423,86557,86423,86557
2025-12-16T19:15:00+09:00,86557,86606,86462,86524
2025-12-16T19:30:00+09:00,86526,87373,86514,87233
2025-12-16T19:45:00+09:00,87220,87400,86972,87099
2025-12-16T20:00:00+09:00,87133,87160,86928,87048
2025-12-16T20:15:00+09:00,87069,87255,87069,87255
2025-12-16T20:30:00+09:00,87256,87414,87161,87208
2025-12-16T20:45:00+09:00,87224,87424,87119,87371
2025-12-16T21:00:00+09:00,87373,87408,87312,87340
2025-12-16T21:15:00+09:00,87341,87366,87236,87274
2025-12-16T21:30:00+09:00,87274,87343,87203,87343
2025-12-16T21:45:00+09:00,87344,87600,87275,87335
2025-12-16T22:00:00+09:00,87328,87375,87173,87298
2025-12-16T22:15:00+09:00,87297,87639,87297,87510
2025-12-16T22:30:00+09:00,87500,87925,86666,87008
2025-12-16T22:45:00+09:00,87018,87192,86540,86564
2025-12-16T23:00:00+09:00,86578,87043,86231,86976
2025-12-16T23:15:00+09:00,86955,87195,86920,87070
2025-12-16T23:30:00+09:00,87056,87476,87048,87245
2025-12-16T23:45:00+09:00,87184,87810,86954,87380
2025-12-17T00:00:00+09:00,87420,87568,87104,87403
2025-12-17T00:15:00+09:00,87338,87352,87000,87319
2025-12-17T00:30:00+09:00,87339,87442,87203,87433
2025-12-17T00:45:00+09:00,87438,88262,87390,88075
2025-12-17T01:00:00+09:00,88088,88099,87760,87843
2025-12-17T01:15:00+09:00,87864,88175,87655,88002
2025-12-17T01:30:00+09:00,87964,88004,87531,87586
2025-12-17T01:45:00+09:00,87658,87879,87606,87738
2025-12-17T02:00:00+09:00,87730,87911,87659,87868
2025-12-17T02:15:00+09:00,87917,87944,87405,87416
2025-12-17T02:30:00+09:00,87461,87612,87265,87331
2025-12-17T02:45:00+09:00,87331,87361,87221,87222
2025-12-17T03:00:00+09:00,87243,87642,87189,87579
2025-12-17T03:15:00+09:00,87588,87618,87381,87490
2025-12-17T03:30:00+09:00,87520,88011,87518,88011
2025-12-17T03:45:00+09:00,88006,88085,87836,87840
2025-12-17T04:00:00+09:00,87855,87855,87474,87474
2025-12-17T04:15:00+09:00,87431,87527,87404,87516
2025-12-17T04:30:00+09:00,87520,87699,87492,87640
2025-12-17T04:45:00+09:00,87638,87874,87638,87695
2025-12-17T05:00:00+09:00,87694,87745,87536,87562
2025-12-17T05:15:00+09:00,87534,87671,87473,87666
2025-12-17T05:30:00+09:00,87666,87891,87666,87891
2025-12-17T05:45:00+09:00,87897,87920,87713,87713
2025-12-17T06:00:00+09:00,87713,87804,87666,87804
2025-12-17T06:15:00+09:00,87775,87862,87754,87810
2025-12-17T06:30:00+09:00,87815,87999,87815,87999
2025-12-17T06:45:00+09:00,88000,88004,87864,87893
2025-12-17T07:00:00+09:00,87894,87977,87760,87763
2025-12-17T07:15:00+09:00,87775,87950,87775,87950
2025-12-17T07:30:00+09:00,87965,88007,87936,88005
2025-12-17T07:45:00+09:00,87948,87952,87862,87896
2025-12-17T08:00:00+09:00,87878,87884,87800,87800
2025-12-17T08:15:00+09:00,87854,87897,87734,87762
2025-12-17T08:30:00+09:00,87762,87886,87762,87886
2025-12-17T08:45:00+09:00,87907,87952,87864,87950
2025-12-17T09:00:00+09:00,87892,87896,87666,87666
2025-12-17T09:15:00+09:00,87701,87731,87666,87666
2025-12-17T09:30:00+09:00,87666,87675,87606,87606
2025-12-17T09:45:00+09:00,87606,87667,87606,87648
2025-12-17T10:00:00+09:00,87669,87799,87669,87755
2025-12-17T10:15:00+09:00,87800,88054,87800,87859
2025-12-17T10:30:00+09:00,87886,87981,87725,87725
2025-12-17T10:45:00+09:00,87725,87771,87641,87662
2025-12-17T11:00:00+09:00,87682,87705,87417,87419
2025-12-17T11:15:00+09:00,87439,87529,87349,87470
2025-12-17T11:30:00+09:00,87490,87534,87383,87531
2025-12-17T11:45:00+09:00,87532,87668,87532,87627
2025-12-17T12:00:00+09:00,87610,87732,87584,87584
2025-12-17T12:15:00+09:00,87595,87611,87483,87490
2025-12-17T12:30:00+09:00,87512,87521,87341,87431
2025-12-17T12:45:00+09:00,87411,87416,87301,87310
2025-12-17T13:00:00+09:00,87367,87494,87344,87480
2025-12-17T13:15:00+09:00,87444,87444,87133,87165
2025-12-17T13:30:00+09:00,87195,87226,87012,87012
2025-12-17T13:45:00+09:00,87012,87012,86900,86901
2025-12-17T14:00:00+09:00,86900,86900,86578,86761
2025-12-17T14:15:00+09:00,86761,86794,86300,86539
2025-12-17T14:30:00+09:00,86471,86621,86383,86621
2025-12-17T14:45:00+09:00,86610,86818,86584,86754
2025-12-17T15:00:00+09:00,86758,87110,86729,86982
2025-12-17T15:15:00+09:00,87016,87089,86963,86992
2025-12-17T15:30:00+09:00,86998,87060,86911,86925
2025-12-17T15:45:00+09:00,86920,86931,86871,86897
2025-12-17T16:00:00+09:00,86901,87046,86800,86800
2025-12-17T16:15:00+09:00,86791,86875,86727,86864
2025-12-17T16:30:00+09:00,86849,87246,86849,87147
2025-12-17T16:45:00+09:00,87130,87197,87054,87192
2025-12-17T17:00:00+09:00,87164,87164,86935,86935
2025-12-17T17:15:00+09:00,86932,86958,86604,86676
2025-12-17T17:30:00+09:00,86640,86695,86505,86605
2025-12-17T17:45:00+09:00,86601,86601,86500,86530
2025-12-17T18:00:00+09:00,86534,86639,86507,86621
2025-12-17T18:15:00+09:00,86619,86745,86428,86490
2025-12-17T18:30:00+09:00,86473,86613,86427,86613
2025-12-17T18:45:00+09:00,86585,86632,86572,86572
2025-12-17T19:00:00+09:00,86567,86863,86421,86821
2025-12-17T19:15:00+09:00,86813,86899,86689,86737
2025-12-17T19:30:00+09:00,86738,86970,86655,86898
2025-12-17T19:45:00+09:00,86896,87000,86733,86794
2025-12-17T20:00:00+09:00,86796,86999,86740,86999
2025-12-17T20:15:00+09:00,87000,87032,86939,86968
2025-12-17T20:30:00+09:00,86963,87093,86949,87079
2025-12-17T20:45:00+09:00,87071,87271,87064,87156
2025-12-17T21:00:00+09:00,87152,87369,87152,87325
2025-12-17T21:15:00+09:00,87292,87296,87163,87247
2025-12-17T21:30:00+09:00,87248,87250,87021,87021
2025-12-17T21:45:00+09:00,87031,87246,87006,87196
2025-12-17T22:00:00+09:00,87201,87407,87077,87077
2025-12-17T22:15:00+09:00,87078,87251,87014,87251
2025-12-17T22:30:00+09:00,87227,87500,87227,87500
2025-12-17T22:45:00+09:00,87499,87964,87499,87773
2025-12-17T23:00:00+09:00,87784,87843,87628,87725
2025-12-17T23:15:00+09:00,87749,87997,87749,87836
2025-12-17T23:30:00+09:00,87836,88000,87522,87579
2025-12-17T23:45:00+09:00,87630,89790,87316,89785
2025-12-18T00:00:00+09:00,89794,90427,89550,90305
2025-12-18T00:15:00+09:00,90277,90398,89738,89988
2025-12-18T00:30:00+09:00,90020,90161,88649,88834
2025-12-18T00:45:00+09:00,88810,88834,87255,87356
2025-12-18T01:00:00+09:00,87306,87887,87086,87104
2025-12-18T01:15:00+09:00,87078,87119,86463,86465
2025-12-18T01:30:00+09:00,86424,86824,86285,86736
2025-12-18T01:45:00+09:00,86719,87117,86589,87117
2025-12-18T02:00:00+09:00,87088,87100,86583,86777
2025-12-18T02:15:00+09:00,86755,87229,86715,86976
2025-12-18T02:30:00+09:00,86976,87030,86453,86470
2025-12-18T02:45:00+09:00,86470,86706,86373,86521
2025-12-18T03:00:00+09:00,86548,86943,86548,86659
2025-12-18T03:15:00+09:00,86661,86797,86545,86577
2025-12-18T03:30:00+09:00,86577,86687,86000,86065
2025-12-18T03:45:00+09:00,86058,86148,85829,85965
2025-12-18T04:00:00+09:00,85982,85997,85438,85637
2025-12-18T04:15:00+09:00,85646,86073,85624,85857
2025-12-18T04:30:00+09:00,85849,86009,85585,85776
2025-12-18T04:45:00+09:00,85776,86326,85759,86174
2025-12-18T05:00:00+09:00,86188,86212,85799,85833
2025-12-18T05:15:00+09:00,85834,86417,85834,86302
2025-12-18T05:30:00+09:00,86309,86359,86018,86274
2025-12-18T05:45:00+09:00,86275,86341,85955,86053
2025-12-18T06:00:00+09:00,86040,86225,86040,86171
2025-12-18T06:15:00+09:00,86146,86146,85926,86003
2025-12-18T06:30:00+09:00,86011,86090,85848,86064
2025-12-18T06:45:00+09:00,86062,86172,86014,86152
2025-12-18T07:00:00+09:00,86149,86281,86049,86222
2025-12-18T07:15:00+09:00,86227,86590,86161,86411
2025-12-18T07:30:00+09:00,86416,86467,86249,86320
2025-12-18T07:45:00+09:00,86318,86535,86256,86489
2025-12-18T08:00:00+09:00,86493,86493,86164,86165
2025-12-18T08:15:00+09:00,86159,86265,86126,86187
2025-12-18T08:30:00+09:00,86187,86300,86120,86265
2025-12-18T08:45:00+09:00,86276,86409,86229,86396
2025-12-18T09:00:00+09:00,86395,86466,86251,86318
2025-12-18T09:15:00+09:00,86313,86419,86219,86413
2025-12-18T09:30:00+09:00,86396,86481,86317,86317
2025-12-18T09:45:00+09:00,86312,86459,86295,86400
2025-12-18T10:00:00+09:00,86402,86417,86025,86134
2025-12-18T10:15:00+09:00,86114,86224,86037,86163
2025-12-18T10:30:00+09:00,86163,86330,86136,86284
2025-12-18T10:45:00+09:00,86299,86360,86170,86260
2025-12-18T11:00:00+09:00,86281,86698,86140,86658
2025-12-18T11:15:00+09:00,86648,87000,86449,86565
2025-12-18T11:30:00+09:00,86559,86852,86551,86843
2025-12-18T11:45:00+09:00,86859,86917,86768,86855
2025-12-18T12:00:00+09:00,86822,86850,86683,86734
2025-12-18T12:15:00+09:00,86734,86734,86434,86434
2025-12-18T12:30:00+09:00,86443,86709,86400,86676
2025-12-18T12:45:00+09:00,86667,86798,86637,86756
2025-12-18T13:00:00+09:00,86758,87000,86739,86893
2025-12-18T13:15:00+09:00,86885,87000,86837,86954
2025-12-18T13:30:00+09:00,86988,87021,86937,86969
2025-12-18T13:45:00+09:00,86972,86972,86872,86885
2025-12-18T14:00:00+09:00,86874,86888,86728,86734
2025-12-18T14:15:00+09:00,86746,86773,86647,86668
2025-12-18T14:30:00+09:00,86663,86859,86635,86796
2025-12-18T14:45:00+09:00,86790,86800,86513,86569
2025-12-18T15:00:00+09:00,86556,86697,86538,86682
2025-12-18T15:15:00+09:00,86693,86721,86545,86591
2025-12-18T15:30:00+09:00,86589,86676,86535,86603
2025-12-18T15:45:00+09:00,86606,86773,86579,86768
2025-12-18T16:00:00+09:00,86780,86971,86719,86907
2025-12-18T16:15:00+09:00,86912,86987,86907,86956
2025-12-18T16:30:00+09:00,86953,86985,86826,86870
2025-12-18T16:45:00+09:00,86854,86962,86835,86953
2025-12-18T17:00:00+09:00,86953,87068,86809,86876
2025-12-18T17:15:00+09:00,86881,87165,86881,87070
2025-12-18T17:30:00+09:00,87083,87249,87055,87144
2025-12-18T17:45:00+09:00,87142,87210,87069,87078
2025-12-18T18:00:00+09:00,87081,87124,86903,86926
2025-12-18T18:15:00+09:00,86938,87160,86938,87104
2025-12-18T18:30:00+09:00,87141,87477,87138,87450
2025-12-18T18:45:00+09:00,87464,87479,87362,87371
2025-12-18T19:00:00+09:00,87374,87500,87327,87425
2025-12-18T19:15:00+09:00,87419,87500,87353,87449
2025-12-18T19:30:00+09:00,87457,87537,87375,87427
2025-12-18T19:45:00+09:00,87433,87442,87300,87420
2025-12-18T20:00:00+09:00,87430,87445,87193,87218
2025-12-18T20:15:00+09:00,87214,87283,87144,87265
2025-12-18T20:30:00+09:00,87271,87356,87220,87236
2025-12-18T20:45:00+09:00,87228,87366,87228,87357
2025-12-18T21:00:00+09:00,87366,87443,87238,87244
2025-12-18T21:15:00+09:00,87251,87323,87200,87227
2025-12-18T21:30:00+09:00,87247,87522,87247,87462
2025-12-18T21:45:00+09:00,87462,87487,87214,87349
2025-12-18T22:00:00+09:00,87348,88054,87348,87983
2025-12-18T22:15:00+09:00,87987,88050,87659,87736
2025-12-18T22:30:00+09:00,87744,88930,87731,88843
2025-12-18T22:45:00+09:00,88814,89290,88707,88944
2025-12-18T23:00:00+09:00,88948,89550,88200,88242
2025-12-18T23:15:00+09:00,88220,88893,88188,88604
2025-12-18T23:30:00+09:00,88614,89203,87821,87893
2025-12-18T23:45:00+09:00,87918,88608,87860,88430
2025-12-19T00:00:00+09:00,88430,88770,88066,88190
2025-12-19T00:15:00+09:00,88210,88725,88058,88678
2025-12-19T00:30:00+09:00,88694,89451,88406,89156
2025-12-19T00:45:00+09:00,89143,89143,88529,88596
2025-12-19T01:00:00+09:00,88577,88617,88280,88291
2025-12-19T01:15:00+09:00,88280,88500,87934,88176
2025-12-19T01:30:00+09:00,88172,88485,88157,88345
2025-12-19T01:45:00+09:00,88349,88380,88015,88093
2025-12-19T02:00:00+09:00,88091,88103,86345,86498
2025-12-19T02:15:00+09:00,86478,86478,85563,86016
2025-12-19T02:30:00+09:00,85986,86670,85694,86548
2025-12-19T02:45:00+09:00,86588,86688,86206,86585
2025-12-19T03:00:00+09:00,86583,86992,86392,86828
2025-12-19T03:15:00+09:00,86843,86854,86393,86514
2025-12-19T03:30:00+09:00,86514,86762,86434,86594
2025-12-19T03:45:00+09:00,86594,86662,85848,86125
2025-12-19T04:00:00+09:00,86071,86155,85630,85777
2025-12-19T04:15:00+09:00,85797,85880,85320,85801
2025-12-19T04:30:00+09:00,85765,85949,84696,84832
2025-12-19T04:45:00+09:00,84826,84970,84598,84598
2025-12-19T05:00:00+09:00,84614,85397,84562,85291
2025-12-19T05:15:00+09:00,85259,85307,85034,85112
2025-12-19T05:30:00+09:00,85091,85253,84869,85137
2025-12-19T05:45:00+09:00,85172,85257,84704,84704
2025-12-19T06:00:00+09:00,84704,85415,84699,85287
2025-12-19T06:15:00+09:00,85263,85597,85236,85586
2025-12-19T06:30:00+09:00,85585,85970,85358,85439
2025-12-19T06:45:00+09:00,85437,85844,85412,85782
2025-12-19T07:00:00+09:00,85766,85893,85503,85511
2025-12-19T07:15:00+09:00,85534,85670,85425,85633
2025-12-19T07:30:00+09:00,85626,85861,85626,85721
2025-12-19T07:45:00+09:00,85719,85873,85649,85744
2025-12-19T08:00:00+09:00,85755,85775,85476,85764
2025-12-19T08:15:00+09:00,85767,85767,85516,85636
2025-12-19T08:30:00+09:00,85648,85738,85570,85638
2025-12-19T08:45:00+09:00,85628,85678,85482,85670
2025-12-19T09:00:00+09:00,85664,85750,85550,85651
2025-12-19T09:15:00+09:00,85646,85713,85551,85558
2025-12-19T09:30:00+09:00,85566,85627,85440,85447
2025-12-19T09:45:00+09:00,85453,85759,85443,85759
2025-12-19T10:00:00+09:00,85728,85749,85490,85597
2025-12-19T10:15:00+09:00,85582,85678,85304,85317
2025-12-19T10:30:00+09:00,85300,85534,85254,85477
2025-12-19T10:45:00+09:00,85485,85557,85254,85476
2025-12-19T11:00:00+09:00,85456,85463,85259,85370
2025-12-19T11:15:00+09:00,85387,85696,85322,85644
2025-12-19T11:30:00+09:00,85644,85746,85497,85727
2025-12-19T11:45:00+09:00,85743,86069,85694,85759
2025-12-19T12:00:00+09:00,85769,86612,85730,86500
2025-12-19T12:15:00+09:00,86477,87270,86087,87241
2025-12-19T12:30:00+09:00,87242,87672,86899,87150
2025-12-19T12:45:00+09:00,87179,87458,86814,86978
2025-12-19T13:00:00+09:00,87007,87488,86968,87472
2025-12-19T13:15:00+09:00,87471,87496,87148,87169
2025-12-19T13:30:00+09:00,87173,87322,87077,87103
2025-12-19T13:45:00+09:00,87119,87247,87119,87223
2025-12-19T14:00:00+09:00,87226,87317,86987,87116
2025-12-19T14:15:00+09:00,87116,87128,86859,86884
2025-12-19T14:30:00+09:00,86894,87079,86790,87009
2025-12-19T14:45:00+09:00,87022,87358,87022,87260
2025-12-19T15:00:00+09:00,87242,87330,87136,87175
2025-12-19T15:15:00+09:00,87177,87197,87028,87147
2025-12-19T15:30:00+09:00,87147,87254,87077,87248
2025-12-19T15:45:00+09:00,87231,87595,87193,87595
2025-12-19T16:00:00+09:00,87600,88491,87600,88262
2025-12-19T16:15:00+09:00,88263,88327,87911,88063
2025-12-19T16:30:00+09:00,88045,88074,87831,87902
2025-12-19T16:45:00+09:00,87898,88110,87863,88050
2025-12-19T17:00:00+09:00,88049,88228,87952,88070
2025-12-19T17:15:00+09:00,88055,88131,87839,87848
2025-12-19T17:30:00+09:00,87842,88297,87833,88055
2025-12-19T17:45:00+09:00,88064,88349,88063,88236
2025-12-19T18:00:00+09:00,88234,88248,88058,88063
2025-12-19T18:15:00+09:00,88059,88220,88020,88139
2025-12-19T18:30:00+09:00,88139,88294,88069,88154
2025-12-19T18:45:00+09:00,88161,88236,88111,88222
2025-12-19T19:00:00+09:00,88220,88427,88152,88311
2025-12-19T19:15:00+09:00,88311,88373,88040,88067
2025-12-19T19:30:00+09:00,88083,88239,88046,88177
2025-12-19T19:45:00+09:00,88186,88443,88186,88376
2025-12-19T20:00:00+09:00,88374,88491,88246,88450
2025-12-19T20:15:00+09:00,88451,88496,88284,88401
2025-12-19T20:30:00+09:00,88401,88482,88282,88403
2025-12-19T20:45:00+09:00,88404,88444,88296,88309
2025-12-19T21:00:00+09:00,88318,88371,87988,88323
2025-12-19T21:15:00+09:00,88317,88389,88100,88127
2025-12-19T21:30:00+09:00,88139,88194,88068,88132
2025-12-19T21:45:00+09:00,88160,88250,87932,87970
2025-12-19T22:00:00+09:00,87967,88159,87967,88111
2025-12-19T22:15:00+09:00,88105,88164,88013,88137
2025-12-19T22:30:00+09:00,88134,88307,87928,88206
2025-12-19T22:45:00+09:00,88208,88213,87989,88090
2025-12-19T23:00:00+09:00,88098,88311,88014,88266
2025-12-19T23:15:00+09:00,88268,88450,87944,88129
2025-12-19T23:30:00+09:00,88119,88644,87612,88616
2025-12-19T23:45:00+09:00,88590,88606,88008,88267
2025-12-20T00:00:00+09:00,88261,88900,88052,88842
2025-12-20T00:15:00+09:00,88842,89500,88156,88285
2025-12-20T00:30:00+09:00,88274,88506,88011,88165
2025-12-20T00:45:00+09:00,88136,88166,87796,88051
2025-12-20T01:00:00+09:00,88038,88595,87976,88480
2025-12-20T01:15:00+09:00,88471,88557,88335,88508
2025-12-20T01:30:00+09:00,88489,88995,88449,88593
2025-12-20T01:45:00+09:00,88597,88610,87971,88073
2025-12-20T02:00:00+09:00,88077,88384,87969,88173
2025-12-20T02:15:00+09:00,88182,88432,87641,87709
2025-12-20T02:30:00+09:00,87714,87799,87016,87206
2025-12-20T02:45:00+09:00,87212,87534,87000,87041
2025-12-20T03:00:00+09:00,87046,87345,86928,87295
2025-12-20T03:15:00+09:00,87300,87565,87163,87432
2025-12-20T03:30:00+09:00,87432,87458,87026,87112
2025-12-20T03:45:00+09:00,87102,87401,87020,87248
2025-12-20T04:00:00+09:00,87251,87502,87221,87382
2025-12-20T04:15:00+09:00,87391,87901,87386,87747
2025-12-20T04:30:00+09:00,87742,88090,87683,88046
2025-12-20T04:45:00+09:00,88046,88240,87888,87946
2025-12-20T05:00:00+09:00,87938,88059,87680,87864
2025-12-20T05:15:00+09:00,87868,88299,87759,88130
2025-12-20T05:30:00+09:00,88110,88500,87986,88145
2025-12-20T05:45:00+09:00,88129,88485,88030,88182
2025-12-20T06:00:00+09:00,88190,88190,87988,87999
2025-12-20T06:15:00+09:00,88022,88202,87979,88087
2025-12-20T06:30:00+09:00,88102,88155,88002,88003
2025-12-20T06:45:00+09:00,88035,88054,87889,87930
2025-12-20T07:00:00+09:00,87963,88317,87960,88150
2025-12-20T07:15:00+09:00,88160,88422,88160,88327
2025-12-20T07:30:00+09:00,88342,88496,88251,88490
2025-12-20T07:45:00+09:00,88492,88531,88311,88445
2025-12-20T08:00:00+09:00,88438,88461,88342,88361
2025-12-20T08:15:00+09:00,88359,88460,88350,88434
2025-12-20T08:30:00+09:00,88429,88429,88256,88337
2025-12-20T08:45:00+09:00,88327,88331,88236,88241
2025-12-20T09:00:00+09:00,88253,88282,88121,88228
2025-12-20T09:15:00+09:00,88238,88297,88178,88279
2025-12-20T09:30:00+09:00,88282,88290,88167,88200
2025-12-20T09:45:00+09:00,88189,88233,88078,88122
2025-12-20T10:00:00+09:00,88122,88228,88122,88205
2025-12-20T10:15:00+09:00,88221,88288,88214,88249
2025-12-20T10:30:00+09:00,88255,88255,88167,88168
2025-12-20T10:45:00+09:00,88169,88258,88166,88200
2025-12-20T11:00:00+09:00,88204,88215,88104,88157
2025-12-20T11:15:00+09:00,88163,88257,88163,88222
2025-12-20T11:30:00+09:00,88221,88425,88214,88425
2025-12-20T11:45:00+09:00,88386,88386,88287,88305
2025-12-20T12:00:00+09:00,88305,88367,88278,88283
2025-12-20T12:15:00+09:00,88294,88422,88294,88422
2025-12-20T12:30:00+09:00,88425,88458,88397,88397
2025-12-20T12:45:00+09:00,88405,88413,88315,88315
2025-12-20T13:00:00+09:00,88329,88374,88231,88249
2025-12-20T13:15:00+09:00,88242,88349,88242,88343
2025-12-20T13:30:00+09:00,88328,88426,88325,88380
2025-12-20T13:45:00+09:00,88389,88446,88351,88409
2025-12-20T14:00:00+09:00,88421,88476,88382,88469
2025-12-20T14:15:00+09:00,88476,88631,88460,88524
2025-12-20T14:30:00+09:00,88506,88692,88487,88629
2025-12-20T14:45:00+09:00,88613,88613,88406,88414
2025-12-20T15:00:00+09:00,88415,88563,88394,88555
2025-12-20T15:15:00+09:00,88553,88553,88471,88475
2025-12-20T15:30:00+09:00,88466,88480,88416,88428
2025-12-20T15:45:00+09:00,88421,88464,88397,88425
2025-12-20T16:00:00+09:00,88443,88459,88336,88417
2025-12-20T16:15:00+09:00,88411,88419,88303,88347
2025-12-20T16:30:00+09:00,88342,88379,88297,88313
2025-12-20T16:45:00+09:00,88311,88392,88300,88392
2025-12-20T17:00:00+09:00,88393,88495,88393,88421
2025-12-20T17:15:00+09:00,88422,88540,88414,88473
2025-12-20T17:30:00+09:00,88478,88544,88449,88453
2025-12-20T17:45:00+09:00,88451,88464,88365,88366
2025-12-20T18:00:00+09:00,88359,88423,88321,88408
2025-12-20T18:15:00+09:00,88402,88454,88401,88435
2025-12-20T18:30:00+09:00,88435,88468,88376,88395
2025-12-20T18:45:00+09:00,88391,88400,88334,88354
2025-12-20T19:00:00+09:00,88356,88399,88313,88372
2025-12-20T19:15:00+09:00,88369,88380,88224,88261
2025-12-20T19:30:00+09:00,88268,88298,88246,88294
2025-12-20T19:45:00+09:00,88300,88319,88229,88259
2025-12-20T20:00:00+09:00,88262,88265,88190,88228
2025-12-20T20:15:00+09:00,88239,88423,88227,88341
2025-12-20T20:30:00+09:00,88337,88401,88328,88369
2025-12-20T20:45:00+09:00,88363,88407,88341,88380
2025-12-20T21:00:00+09:00,88366,88445,88337,88362
2025-12-20T21:15:00+09:00,88362,88362,88301,88311
2025-12-20T21:30:00+09:00,88306,88323,88278,88302
2025-12-20T21:45:00+09:00,88299,88358,88297,88353
2025-12-20T22:00:00+09:00,88351,88447,88209,88249
2025-12-20T22:15:00+09:00,88245,88269,87920,88118
2025-12-20T22:30:00+09:00,88109,88301,88092,88292
2025-12-20T22:45:00+09:00,88282,88387,88282,88360
2025-12-20T23:00:00+09:00,88368,88368,88095,88180
2025-12-20T23:15:00+09:00,88177,88238,88159,88206
2025-12-20T23:30:00+09:00,88218,88298,88203,88284
2025-12-20T23:45:00+09:00,88287,88374,88272,88348
2025-12-21T00:00:00+09:00,88349,88363,88270,88300
2025-12-21T00:15:00+09:00,88298,88314,88110,88203
2025-12-21T00:30:00+09:00,88217,88270,88192,88261
2025-12-21T00:45:00+09:00,88258,88305,88248,88279
2025-12-21T01:00:00+09:00,88279,88345,88258,88280
2025-12-21T01:15:00+09:00,88288,88309,88264,88270
2025-12-21T01:30:00+09:00,88277,88277,88227,88237
2025-12-21T01:45:00+09:00,88240,88272,88223,88246
2025-12-21T02:00:00+09:00,88257,88329,88189,88263
2025-12-21T02:15:00+09:00,88265,88354,88254,88330
2025-12-21T02:30:00+09:00,88330,88339,88254,88279
2025-12-21T02:45:00+09:00,88289,88328,88250,88254
2025-12-21T03:00:00+09:00,88283,88303,88220,88249
2025-12-21T03:15:00+09:00,88249,88302,88249,88282
2025-12-21T03:30:00+09:00,88286,88298,88266,88269
2025-12-21T03:45:00+09:00,88275,88500,88273,88398
2025-12-21T04:00:00+09:00,88408,88422,88290,88386
2025-12-21T04:15:00+09:00,88389,88389,88320,88348
2025-12-21T04:30:00+09:00,88348,88348,88311,88325
2025-12-21T04:45:00+09:00,88321,88338,88286,88318
2025-12-21T05:00:00+09:00,88315,88365,88300,88360
2025-12-21T05:15:00+09:00,88346,88389,88346,88362
2025-12-21T05:30:00+09:00,88369,88422,88320,88320
2025-12-21T05:45:00+09:00,88330,88379,88321,88368
2025-12-21T06:00:00+09:00,88373,88430,88356,88397
2025-12-21T06:15:00+09:00,88396,88530,88376,88399
2025-12-21T06:30:00+09:00,88383,88402,88370,88379
2025-12-21T06:45:00+09:00,88375,88383,88271,88305
2025-12-21T07:00:00+09:00,88311,88344,88258,88266
2025-12-21T07:15:00+09:00,88276,88320,88237,88307
2025-12-21T07:30:00+09:00,88302,88392,88302,88357
2025-12-21T07:45:00+09:00,88351,88441,88350,88371
2025-12-21T08:00:00+09:00,88371,88433,88352,88431
2025-12-21T08:15:00+09:00,88431,88470,88355,88380
2025-12-21T08:30:00+09:00,88386,88432,88373,88415
2025-12-21T08:45:00+09:00,88420,88525,88411,88456
2025-12-21T09:00:00+09:00,88463,88512,88393,88429
2025-12-21T09:15:00+09:00,88421,88523,88421,88508
2025-12-21T09:30:00+09:00,88514,88536,88402,88436
2025-12-21T09:45:00+09:00,88440,88493,88416,88475
2025-12-21T10:00:00+09:00,88474,88474,88381,88393
2025-12-21T10:15:00+09:00,88405,88429,88380,88380
2025-12-21T10:30:00+09:00,88377,88377,88175,88222
2025-12-21T10:45:00+09:00,88213,88274,88118,88125
2025-12-21T11:00:00+09:00,88119,88265,88102,88133
2025-12-21T11:15:00+09:00,88127,88127,88000,88081
2025-12-21T11:30:00+09:00,88077,88169,88040,88067
2025-12-21T11:45:00+09:00,88057,88132,88003,88070
2025-12-21T12:00:00+09:00,88071,88216,88048,88144
2025-12-21T12:15:00+09:00,88145,88269,88130,88184
2025-12-21T12:30:00+09:00,88189,88255,88148,88167
2025-12-21T12:45:00+09:00,88160,88197,88158,88194
2025-12-21T13:00:00+09:00,88194,88270,88155,88192
2025-12-21T13:15:00+09:00,88200,88253,88200,88230
2025-12-21T13:30:00+09:00,88240,88249,88191,88206
2025-12-21T13:45:00+09:00,88193,88200,88162,88193
2025-12-21T14:00:00+09:00,88183,88234,88161,88232
2025-12-21T14:15:00+09:00,88233,88273,88174,88256
2025-12-21T14:30:00+09:00,88256,88267,88219,88231
2025-12-21T14:45:00+09:00,88219,88265,88202,88257
2025-12-21T15:00:00+09:00,88240,88311,88220,88302
2025-12-21T15:15:00+09:00,88305,88321,88259,88285
2025-12-21T15:30:00+09:00,88285,88306,88218,88218
2025-12-21T15:45:00+09:00,88226,88261,88182,88206
2025-12-21T16:00:00+09:00,88222,88269,88200,88220
2025-12-21T16:15:00+09:00,88225,88254,88202,88212
2025-12-21T16:30:00+09:00,88213,88240,88152,88170
2025-12-21T16:45:00+09:00,88175,88298,88175,88284
2025-12-21T17:00:00+09:00,88287,88300,88251,88267
2025-12-21T17:15:00+09:00,88259,88380,88253,88370
2025-12-21T17:30:00+09:00,88362,88855,88340,88702
2025-12-21T17:45:00+09:00,88715,88755,88557,88634
2025-12-21T18:00:00+09:00,88638,88888,88587,88785
2025-12-21T18:15:00+09:00,88776,88902,88731,88731
2025-12-21T18:30:00+09:00,88732,89000,88732,88923
2025-12-21T18:45:00+09:00,88930,89172,88922,88989
2025-12-21T19:00:00+09:00,88989,89073,88868,88890
2025-12-21T19:15:00+09:00,88918,88946,88818,88845
2025-12-21T19:30:00+09:00,88846,88906,88665,88811
2025-12-21T19:45:00+09:00,88817,88818,88670,88758
2025-12-21T20:00:00+09:00,88764,88764,88672,88721
2025-12-21T20:15:00+09:00,88734,88852,88702,88775
2025-12-21T20:30:00+09:00,88785,88802,88700,88712
2025-12-21T20:45:00+09:00,88703,88757,88700,88710
2025-12-21T21:00:00+09:00,88713,88897,88700,88869
2025-12-21T21:15:00+09:00,88871,89035,88870,88940
2025-12-21T21:30:00+09:00,88952,89017,88644,88680
2025-12-21T21:45:00+09:00,88677,88760,88554,88730
2025-12-21T22:00:00+09:00,88735,88811,88374,88443
2025-12-21T22:15:00+09:00,88443,88464,88291,88314
2025-12-21T22:30:00+09:00,88314,88329,87835,88068
2025-12-21T22:45:00+09:00,88009,88053,87714,87779
2025-12-21T23:00:00+09:00,87781,88238,87719,87985
2025-12-21T23:15:00+09:00,87990,88122,87885,88007
2025-12-21T23:30:00+09:00,88005,88157,87929,88152
2025-12-21T23:45:00+09:00,88148,88191,88057,88161
2025-12-22T00:00:00+09:00,88168,88174,88005,88029
2025-12-22T00:15:00+09:00,88024,88064,87903,87993
2025-12-22T00:30:00+09:00,87988,88199,87986,88100
2025-12-22T00:45:00+09:00,88082,88358,88064,88163
2025-12-22T01:00:00+09:00,88155,88256,88083,88150
2025-12-22T01:15:00+09:00,88141,88447,88069,88311
2025-12-22T01:30:00+09:00,88313,88357,88270,88275
2025-12-22T01:45:00+09:00,88286,88476,88263,88447
2025-12-22T02:00:00+09:00,88452,88520,88429,88496
2025-12-22T02:15:00+09:00,88502,88583,88353,88387
2025-12-22T02:30:00+09:00,88395,88475,88363,88475
2025-12-22T02:45:00+09:00,88471,88502,88357,88405
2025-12-22T03:00:00+09:00,88396,88398,88020,88071
2025-12-22T03:15:00+09:00,88060,88216,88036,88202
2025-12-22T03:30:00+09:00,88216,88386,88183,88342
2025-12-22T03:45:00+09:00,88354,88528,88354,88528
2025-12-22T04:00:00+09:00,88530,88587,88401,88459
2025-12-22T04:15:00+09:00,88459,88473,88396,88435
2025-12-22T04:30:00+09:00,88432,88511,88269,88498
2025-12-22T04:45:00+09:00,88498,88682,88430,88572
2025-12-22T05:00:00+09:00,88560,88587,88385,88389
2025-12-22T05:15:00+09:00,88396,88432,88352,88359
2025-12-22T05:30:00+09:00,88363,88401,88343,88365
2025-12-22T05:45:00+09:00,88370,88379,88300,88315
2025-12-22T06:00:00+09:00,88307,88362,88259,88337
2025-12-22T06:15:00+09:00,88340,88454,88335,88416
2025-12-22T06:30:00+09:00,88418,88451,88284,88310
2025-12-22T06:45:00+09:00,88310,88327,88168,88230
2025-12-22T07:00:00+09:00,88242,88453,88189,88444
2025-12-22T07:15:00+09:00,88453,88542,88319,88436
2025-12-22T07:30:00+09:00,88445,88525,88375,88450
2025-12-22T07:45:00+09:00,88448,88572,88438,88558
2025-12-22T08:00:00+09:00,88561,88893,88552,88587
2025-12-22T08:15:00+09:00,88594,88721,88520,88526
2025-12-22T08:30:00+09:00,88523,88653,88441,88561
2025-12-22T08:45:00+09:00,88553,88745,88553,88726
2025-12-22T09:00:00+09:00,88745,89550,88745,89532
2025-12-22T09:15:00+09:00,89548,89764,88853,89078
2025-12-22T09:30:00+09:00,89104,89382,88904,89205
2025-12-22T09:45:00+09:00,89233,89312,88665,88692
2025-12-22T10:00:00+09:00,88687,89118,88579,89036
2025-12-22T10:15:00+09:00,89050,89211,89014,89083
2025-12-22T10:30:00+09:00,89080,89358,89080,89168
2025-12-22T10:45:00+09:00,89150,89234,88630,88693
2025-12-22T11:00:00+09:00,88730,88743,88000,88256
2025-12-22T11:15:00+09:00,88258,88500,88179,88404
2025-12-22T11:30:00+09:00,88410,88629,88368,88444
2025-12-22T11:45:00+09:00,88467,88625,88463,88538
2025-12-22T12:00:00+09:00,88538,88722,88353,88650
2025-12-22T12:15:00+09:00,88654,88926,88642,88844
2025-12-22T12:30:00+09:00,88850,88908,88680,88773
2025-12-22T12:45:00+09:00,88781,88892,88741,88840
2025-12-22T13:00:00+09:00,88831,88905,88776,88853
2025-12-22T13:15:00+09:00,88861,89101,88847,89013
2025-12-22T13:30:00+09:00,89007,89075,88874,89061
2025-12-22T13:45:00+09:00,89050,89101,88910,88975
2025-12-22T14:00:00+09:00,88967,89063,88881,88887
2025-12-22T14:15:00+09:00,88888,88965,88832,88867
2025-12-22T14:30:00+09:00,88860,89067,88841,88977
2025-12-22T14:45:00+09:00,88974,89071,88867,88898
2025-12-22T15:00:00+09:00,88898,88946,88794,88815
2025-12-22T15:15:00+09:00,88825,88987,88814,88912
2025-12-22T15:30:00+09:00,88908,89090,88902,89030
2025-12-22T15:45:00+09:00,89041,89063,88951,88980
2025-12-22T16:00:00+09:00,88977,89268,88954,89228
2025-12-22T16:15:00+09:00,89235,89238,89125,89191
2025-12-22T16:30:00+09:00,89181,89280,89146,89222
2025-12-22T16:45:00+09:00,89217,89252,89095,89235
2025-12-22T17:00:00+09:00,89235,89349,89145,89254
2025-12-22T17:15:00+09:00,89264,89973,89250,89877
2025-12-22T17:30:00+09:00,89892,89968,89617,89779
2025-12-22T17:45:00+09:00,89787,89813,89282,89383
2025-12-22T18:00:00+09:00,89378,89564,89333,89382
2025-12-22T18:15:00+09:00,89374,89685,89351,89619
2025-12-22T18:30:00+09:00,89632,89762,89527,89638
2025-12-22T18:45:00+09:00,89642,89872,89596,89868
2025-12-22T19:00:00+09:00,89879,89906,89638,89722
2025-12-22T19:15:00+09:00,89730,89863,89700,89728
2025-12-22T19:30:00+09:00,89747,89883,89723,89854
2025-12-22T19:45:00+09:00,89844,89890,89800,89806
2025-12-22T20:00:00+09:00,89809,89919,89745,89818
2025-12-22T20:15:00+09:00,89820,89925,89641,89879
2025-12-22T20:30:00+09:00,89879,90107,89790,89874
2025-12-22T20:45:00+09:00,89877,90142,89874,89945
2025-12-22T21:00:00+09:00,89958,90130,89867,90088
2025-12-22T21:15:00+09:00,90088,90324,90088,90319
2025-12-22T21:30:00+09:00,90318,90606,90073,90185
2025-12-22T21:45:00+09:00,90175,90322,90096,90234
2025-12-22T22:00:00+09:00,90228,90350,90110,90185
2025-12-22T22:15:00+09:00,90185,90200,90000,90143
2025-12-22T22:30:00+09:00,90133,90133,89761,89803
2025-12-22T22:45:00+09:00,89800,90010,89800,89948
2025-12-22T23:00:00+09:00,89948,90173,89930,90017
2025-12-22T23:15:00+09:00,90021,90222,89987,90001
2025-12-22T23:30:00+09:00,90002,90241,89471,89866
2025-12-22T23:45:00+09:00,89860,90329,89757,90174
2025-12-23T00:00:00+09:00,90147,90480,89647,89647
2025-12-23T00:15:00+09:00,89655,89888,89242,89643
2025-12-23T00:30:00+09:00,89655,89710,89236,89441
2025-12-23T00:45:00+09:00,89406,89923,89294,89749
2025-12-23T01:00:00+09:00,89760,89977,89669,89840
2025-12-23T01:15:00+09:00,89856,90134,89838,90085
2025-12-23T01:30:00+09:00,90084,90084,89537,89615
2025-12-23T01:45:00+09:00,89608,89786,89557,89561
2025-12-23T02:00:00+09:00,89572,89598,89101,89303
2025-12-23T02:15:00+09:00,89310,89412,89113,89348
2025-12-23T02:30:00+09:00,89345,89536,89255,89332
2025-12-23T02:45:00+09:00,89319,89414,89215,89320
2025-12-23T03:00:00+09:00,89318,89500,89250,89400
2025-12-23T03:15:00+09:00,89387,89543,89262,89485
2025-12-23T03:30:00+09:00,89494,89530,89348,89439
2025-12-23T03:45:00+09:00,89445,89512,89152,89160
2025-12-23T04:00:00+09:00,89151,89163,88681,88730
2025-12-23T04:15:00+09:00,88730,88909,88542,88569
2025-12-23T04:30:00+09:00,88552,88649,88327,88401
2025-12-23T04:45:00+09:00,88377,88400,88000,88084
2025-12-23T05:00:00+09:00,88078,88315,88000,88208
2025-12-23T05:15:00+09:00,88183,88225,87950,88127
2025-12-23T05:30:00+09:00,88133,88388,88089,88381
2025-12-23T05:45:00+09:00,88383,88535,88181,88417
2025-12-23T06:00:00+09:00,88389,88569,88354,88379
2025-12-23T06:15:00+09:00,88379,88500,88365,88488
2025-12-23T06:30:00+09:00,88480,88676,88469,88601
2025-12-23T06:45:00+09:00,88608,88608,88269,88321
2025-12-23T07:00:00+09:00,88310,88433,88195,88340
2025-12-23T07:15:00+09:00,88340,88500,88321,88486
2025-12-23T07:30:00+09:00,88486,88518,88350,88419
2025-12-23T07:45:00+09:00,88439,88871,88439,88721
2025-12-23T08:00:00+09:00,88700,88744,88540,88683
2025-12-23T08:15:00+09:00,88673,88706,88577,88700
2025-12-23T08:30:00+09:00,88691,88698,88494,88554
2025-12-23T08:45:00+09:00,88552,88670,88470,88655
2025-12-23T09:00:00+09:00,88653,88653,88540,88598
2025-12-23T09:15:00+09:00,88606,88766,88571,88664
2025-12-23T09:30:00+09:00,88661,88989,88618,88787
2025-12-23T09:45:00+09:00,88777,88892,88712,88807
2025-12-23T10:00:00+09:00,88819,88940,88673,88676
2025-12-23T10:15:00+09:00,88681,88749,88666,88666
2025-12-23T10:30:00+09:00,88674,88734,88486,88560
2025-12-23T10:45:00+09:00,88554,88622,88535,88585
2025-12-23T11:00:00+09:00,88585,88713,88356,88630
2025-12-23T11:15:00+09:00,88627,88826,88627,88777
2025-12-23T11:30:00+09:00,88781,88817,88315,88327
2025-12-23T11:45:00+09:00,88331,88382,88179,88271
2025-12-23T12:00:00+09:00,88281,88283,87861,88161
2025-12-23T12:15:00+09:00,88170,88321,88114,88264
2025-12-23T12:30:00+09:00,88265,88407,88200,88374
2025-12-23T12:45:00+09:00,88371,88373,88197,88202
2025-12-23T13:00:00+09:00,88199,88417,88110,88338
2025-12-23T13:15:00+09:00,88349,88414,88278,88282
2025-12-23T13:30:00+09:00,88297,88301,88097,88156
2025-12-23T13:45:00+09:00,88159,88184,87952,87952
2025-12-23T14:00:00+09:00,87954,88026,87872,87939
2025-12-23T14:15:00+09:00,87951,88058,87897,88044
2025-12-23T14:30:00+09:00,88032,88032,87641,87816
2025-12-23T14:45:00+09:00,87825,87876,87649,87789
2025-12-23T15:00:00+09:00,87793,87823,87443,87585
2025-12-23T15:15:00+09:00,87586,87658,87096,87245
2025-12-23T15:30:00+09:00,87249,87410,87142,87347
2025-12-23T15:45:00+09:00,87331,87546,87287,87446
2025-12-23T16:00:00+09:00,87446,87585,87415,87491
2025-12-23T16:15:00+09:00,87499,87654,87426,87634
2025-12-23T16:30:00+09:00,87652,87687,87554,87565
2025-12-23T16:45:00+09:00,87578,87744,87567,87608
2025-12-23T17:00:00+09:00,87608,87695,87540,87634
2025-12-23T17:15:00+09:00,87634,87740,87581,87661
2025-12-23T17:30:00+09:00,87658,87732,87633,87649
2025-12-23T17:45:00+09:00,87662,87662,87473,87512
2025-12-23T18:00:00+09:00,87512,87660,87509,87615
2025-12-23T18:15:00+09:00,87598,87672,87412,87476
2025-12-23T18:30:00+09:00,87483,87545,87345,87529
2025-12-23T18:45:00+09:00,87540,87643,87505,87575
2025-12-23T19:00:00+09:00,87583,87670,87550,87592
2025-12-23T19:15:00+09:00,87607,87711,87583,87678
2025-12-23T19:30:00+09:00,87668,87696,87555,87654
2025-12-23T19:45:00+09:00,87653,87719,87620,87655
2025-12-23T20:00:00+09:00,87654,87763,87607,87725
2025-12-23T20:15:00+09:00,87737,87946,87713,87810
2025-12-23T20:30:00+09:00,87810,87871,87746,87863
2025-12-23T20:45:00+09:00,87866,87923,87854,87915
2025-12-23T21:00:00+09:00,87910,87998,87757,87877
2025-12-23T21:15:00+09:00,87878,87883,87680,87700
2025-12-23T21:30:00+09:00,87697,87957,87654,87939
2025-12-23T21:45:00+09:00,87939,88000,87837,87837
2025-12-23T22:00:00+09:00,87837,87853,87752,87832
2025-12-23T22:15:00+09:00,87834,87948,87708,87888
2025-12-23T22:30:00+09:00,87873,87962,87485,87754
2025-12-23T22:45:00+09:00,87762,87762,87533,87667
2025-12-23T23:00:00+09:00,87663,87885,87651,87806
2025-12-23T23:15:00+09:00,87799,87813,87617,87694
2025-12-23T23:30:00+09:00,87692,87813,87329,87476
2025-12-23T23:45:00+09:00,87479,87486,86644,86925
2025-12-24T00:00:00+09:00,86904,87199,86747,86998
2025-12-24T00:15:00+09:00,87004,87535,87004,87320
2025-12-24T00:30:00+09:00,87300,87572,87261,87425
2025-12-24T00:45:00+09:00,87425,87534,87273,87466
2025-12-24T01:00:00+09:00,87460,88210,87349,87778
2025-12-24T01:15:00+09:00,87784,88037,87774,87878
2025-12-24T01:30:00+09:00,87878,87936,87689,87844
2025-12-24T01:45:00+09:00,87858,88164,87820,88016
2025-12-24T02:00:00+09:00,88007,88300,87879,87889
2025-12-24T02:15:00+09:00,87893,88109,87749,87749
2025-12-24T02:30:00+09:00,87756,87897,87674,87820
2025-12-24T02:45:00+09:00,87833,87833,87186,87191
2025-12-24T03:00:00+09:00,87190,87624,87180,87599
2025-12-24T03:15:00+09:00,87599,87925,87564,87835
2025-12-24T03:30:00+09:00,87835,88196,87784,88126
2025-12-24T03:45:00+09:00,88128,88135,87892,87989
2025-12-24T04:00:00+09:00,87989,88057,87785,87887
2025-12-24T04:15:00+09:00,87903,88034,87648,87689
2025-12-24T04:30:00+09:00,87686,87918,87657,87820
2025-12-24T04:45:00+09:00,87830,87885,87677,87760
2025-12-24T05:00:00+09:00,87756,87791,87530,87649
2025-12-24T05:15:00+09:00,87667,87909,87658,87784
2025-12-24T05:30:00+09:00,87774,88275,87692,88200
2025-12-24T05:45:00+09:00,88207,88379,87686,87702
2025-12-24T06:00:00+09:00,87706,87804,87546,87702
2025-12-24T06:15:00+09:00,87710,87867,87657,87823
2025-12-24T06:30:00+09:00,87822,87823,87670,87726
2025-12-24T06:45:00+09:00,87732,87792,87642,87731
2025-12-24T07:00:00+09:00,87724,87795,87408,87500
2025-12-24T07:15:00+09:00,87504,87629,87412,87496
2025-12-24T07:30:00+09:00,87497,87683,87253,87590
2025-12-24T07:45:00+09:00,87595,87677,87365,87425
2025-12-24T08:00:00+09:00,87427,87427,87232,87341
2025-12-24T08:15:00+09:00,87334,87456,87199,87435
2025-12-24T08:30:00+09:00,87431,87536,87397,87512
2025-12-24T08:45:00+09:00,87502,87536,87428,87503
2025-12-24T09:00:00+09:00,87497,87677,87398,87425
2025-12-24T09:15:00+09:00,87419,87462,87268,87357
2025-12-24T09:30:00+09:00,87364,87570,87286,87515
2025-12-24T09:45:00+09:00,87524,87679,87519,87668
2025-12-24T10:00:00+09:00,87680,87852,87616,87751
2025-12-24T10:15:00+09:00,87747,87749,87643,87678
2025-12-24T10:30:00+09:00,87676,87777,87510,87552
2025-12-24T10:45:00+09:00,87562,87691,87510,87635
2025-12-24T11:00:00+09:00,87647,87675,87347,87422
2025-12-24T11:15:00+09:00,87429,87499,87356,87432
2025-12-24T11:30:00+09:00,87423,87495,87000,87116
2025-12-24T11:45:00+09:00,87109,87207,86950,87152
2025-12-24T12:00:00+09:00,87137,87143,86873,87070
2025-12-24T12:15:00+09:00,87041,87286,87034,87252
2025-12-24T12:30:00+09:00,87251,87362,87247,87330
2025-12-24T12:45:00+09:00,87332,87414,87332,87361
2025-12-24T13:00:00+09:00,87362,87484,87327,87440
2025-12-24T13:15:00+09:00,87446,87450,87315,87326
2025-12-24T13:30:00+09:00,87338,87357,87211,87311
2025-12-24T13:45:00+09:00,87308,87359,87099,87149
2025-12-24T14:00:00+09:00,87174,87259,87076,87110
2025-12-24T14:15:00+09:00,87110,87273,87059,87185
2025-12-24T14:30:00+09:00,87186,87188,86835,86854
2025-12-24T14:45:00+09:00,86855,87043,86803,86977
2025-12-24T15:00:00+09:00,86978,87016,86884,86889
2025-12-24T15:15:00+09:00,86877,87028,86812,86996
2025-12-24T15:30:00+09:00,86982,87087,86937,87050
2025-12-24T15:45:00+09:00,87042,87096,86988,87055
2025-12-24T16:00:00+09:00,87052,87096,87028,87083
2025-12-24T16:15:00+09:00,87071,87124,86980,87023
2025-12-24T16:30:00+09:00,87035,87207,87022,87179
2025-12-24T16:45:00+09:00,87187,87209,86937,86941
2025-12-24T17:00:00+09:00,86936,87040,86895,87023
2025-12-24T17:15:00+09:00,87010,87116,86826,86975
2025-12-24T17:30:00+09:00,86966,87009,86822,86980
2025-12-24T17:45:00+09:00,86964,87026,86793,86827
2025-12-24T18:00:00+09:00,86839,86930,86839,86925
2025-12-24T18:15:00+09:00,86930,86939,86837,86870
2025-12-24T18:30:00+09:00,86872,86890,86749,86841
2025-12-24T18:45:00+09:00,86841,86932,86815,86838
2025-12-24T19:00:00+09:00,86829,87125,86829,87101
2025-12-24T19:15:00+09:00,87096,87151,87046,87080
2025-12-24T19:30:00+09:00,87081,87197,87064,87135
2025-12-24T19:45:00+09:00,87134,87234,87096,87115
2025-12-24T20:00:00+09:00,87107,87345,87105,87302
2025-12-24T20:15:00+09:00,87302,87367,87231,87247
2025-12-24T20:30:00+09:00,87242,87288,87211,87256
2025-12-24T20:45:00+09:00,87244,87312,87209,87209
2025-12-24T21:00:00+09:00,87215,87314,87145,87302
2025-12-24T21:15:00+09:00,87300,87414,87270,87334
2025-12-24T21:30:00+09:00,87341,87463,87328,87432
2025-12-24T21:45:00+09:00,87422,87500,87320,87455
2025-12-24T22:00:00+09:00,87446,87460,87299,87319
2025-12-24T22:15:00+09:00,87314,87361,87248,87282
2025-12-24T22:30:00+09:00,87280,87556,87050,87197
2025-12-24T22:45:00+09:00,87197,87346,87197,87308
2025-12-24T23:00:00+09:00,87319,87473,87316,87450
2025-12-24T23:15:00+09:00,87453,87466,87227,87279
2025-12-24T23:30:00+09:00,87265,87320,86408,87010
2025-12-24T23:45:00+09:00,87010,87300,86786,87015
2025-12-25T00:00:00+09:00,87003,87229,86898,86928
2025-12-25T00:15:00+09:00,86937,87041,86597,86876
2025-12-25T00:30:00+09:00,86878,87249,86873,87080
2025-12-25T00:45:00+09:00,87069,87170,86949,87069
2025-12-25T01:00:00+09:00,87065,87234,86999,87142
2025-12-25T01:15:00+09:00,87132,87182,86933,86989
2025-12-25T01:30:00+09:00,87009,87713,87009,87516
2025-12-25T01:45:00+09:00,87546,87546,87210,87295
2025-12-25T02:00:00+09:00,87307,87507,87289,87350
2025-12-25T02:15:00+09:00,87345,87490,87321,87470
2025-12-25T02:30:00+09:00,87480,87587,87312,87413
2025-12-25T02:45:00+09:00,87411,87491,87254,87334
2025-12-25T03:00:00+09:00,87328,87425,87237,87363
2025-12-25T03:15:00+09:00,87348,87521,87344,87420
2025-12-25T03:30:00+09:00,87458,87502,87406,87486
2025-12-25T03:45:00+09:00,87470,87527,87437,87487
2025-12-25T04:00:00+09:00,87487,87535,87417,87427
2025-12-25T04:15:00+09:00,87441,87518,87358,87504
2025-12-25T04:30:00+09:00,87507,87536,87465,87527
2025-12-25T04:45:00+09:00,87524,87601,87513,87594
2025-12-25T05:00:00+09:00,87597,87707,87566,87630
2025-12-25T05:15:00+09:00,87639,87686,87627,87643
2025-12-25T05:30:00+09:00,87641,87701,87605,87665
2025-12-25T05:45:00+09:00,87658,87662,87540,87579
2025-12-25T06:00:00+09:00,87579,87702,87579,87674
2025-12-25T06:15:00+09:00,87673,87799,87649,87742
2025-12-25T06:30:00+09:00,87739,87825,87726,87791
2025-12-25T06:45:00+09:00,87782,87782,87673,87718
2025-12-25T07:00:00+09:00,87724,87926,87714,87842
2025-12-25T07:15:00+09:00,87836,87882,87785,87811
2025-12-25T07:30:00+09:00,87820,88094,87780,88017
2025-12-25T07:45:00+09:00,88007,88060,87978,88032
2025-12-25T08:00:00+09:00,88040,88052,87830,87868
2025-12-25T08:15:00+09:00,87847,87863,87619,87634
2025-12-25T08:30:00+09:00,87636,87756,87636,87689
2025-12-25T08:45:00+09:00,87676,87760,87675,87692
2025-12-25T09:00:00+09:00,87706,87761,87594,87684
2025-12-25T09:15:00+09:00,87686,87782,87643,87649
2025-12-25T09:30:00+09:00,87641,87738,87541,87576
2025-12-25T09:45:00+09:00,87588,87683,87547,87593
2025-12-25T10:00:00+09:00,87598,87697,87591,87697
2025-12-25T10:15:00+09:00,87714,87774,87629,87743
2025-12-25T10:30:00+09:00,87743,87768,87616,87767
2025-12-25T10:45:00+09:00,87769,87780,87707,87730
2025-12-25T11:00:00+09:00,87741,87789,87598,87782
2025-12-25T11:15:00+09:00,87777,87788,87739,87762
2025-12-25T11:30:00+09:00,87768,87944,87767,87935
2025-12-25T11:45:00+09:00,87919,87998,87885,87925
2025-12-25T12:00:00+09:00,87926,87959,87816,87871
2025-12-25T12:15:00+09:00,87874,87939,87842,87866
2025-12-25T12:30:00+09:00,87864,87873,87801,87838
2025-12-25T12:45:00+09:00,87835,87900,87800,87875
2025-12-25T13:00:00+09:00,87880,87886,87763,87818
2025-12-25T13:15:00+09:00,87818,87870,87781,87787
2025-12-25T13:30:00+09:00,87810,87842,87785,87824
2025-12-25T13:45:00+09:00,87833,87876,87807,87808
2025-12-25T14:00:00+09:00,87815,87815,87670,87691
2025-12-25T14:15:00+09:00,87703,87758,87693,87742
2025-12-25T14:30:00+09:00,87743,87813,87741,87781
2025-12-25T14:45:00+09:00,87792,87812,87765,87773
2025-12-25T15:00:00+09:00,87767,87794,87704,87740
2025-12-25T15:15:00+09:00,87757,87794,87736,87767
2025-12-25T15:30:00+09:00,87773,87833,87765,87799
2025-12-25T15:45:00+09:00,87793,87875,87793,87865
2025-12-25T16:00:00+09:00,87864,87870,87796,87836
2025-12-25T16:15:00+09:00,87835,87854,87802,87833
2025-12-25T16:30:00+09:00,87825,87827,87774,87782
2025-12-25T16:45:00+09:00,87783,87894,87782,87864
2025-12-25T17:00:00+09:00,87856,87918,87798,87815
2025-12-25T17:15:00+09:00,87808,87812,87374,87464
2025-12-25T17:30:00+09:00,87458,87542,87437,87527
2025-12-25T17:45:00+09:00,87524,87661,87478,87616
2025-12-25T18:00:00+09:00,87617,87632,87478,87517
2025-12-25T18:15:00+09:00,87524,87559,87479,87524
2025-12-25T18:30:00+09:00,87517,87543,87469,87521
2025-12-25T18:45:00+09:00,87519,87564,87498,87546
2025-12-25T19:00:00+09:00,87546,87554,87401,87403
2025-12-25T19:15:00+09:00,87394,87471,87366,87432
2025-12-25T19:30:00+09:00,87429,87444,87269,87356
2025-12-25T19:45:00+09:00,87333,87446,87309,87445
2025-12-25T20:00:00+09:00,87451,87586,87432,87517
2025-12-25T20:15:00+09:00,87518,87600,87485,87574
2025-12-25T20:30:00+09:00,87571,87616,87520,87548
2025-12-25T20:45:00+09:00,87558,87596,87507,87540
2025-12-25T21:00:00+09:00,87547,87591,87500,87509
2025-12-25T21:15:00+09:00,87517,87605,87510,87593
2025-12-25T21:30:00+09:00,87597,87620,87518,87542
2025-12-25T21:45:00+09:00,87542,87601,87530,87584
2025-12-25T22:00:00+09:00,87581,87581,87509,87542
2025-12-25T22:15:00+09:00,87549,87549,87412,87532
2025-12-25T22:30:00+09:00,87523,87701,87483,87624
2025-12-25T22:45:00+09:00,87625,87701,87584,87644
2025-12-25T23:00:00+09:00,87643,87750,87637,87722
2025-12-25T23:15:00+09:00,87724,87745,87568,87599
2025-12-25T23:30:00+09:00,87590,87681,87585,87648
2025-12-25T23:45:00+09:00,87659,87790,87658,87745
2025-12-26T00:00:00+09:00,87751,87849,87735,87803
2025-12-26T00:15:00+09:00,87807,88254,87776,88093
2025-12-26T00:30:00+09:00,88110,88573,87956,88531
2025-12-26T00:45:00+09:00,88526,88615,88302,88375
2025-12-26T01:00:00+09:00,88391,88453,88179,88326
2025-12-26T01:15:00+09:00,88328,88498,88324,88432
2025-12-26T01:30:00+09:00,88439,88487,88202,88346
2025-12-26T01:45:00+09:00,88337,88356,88015,88095
2025-12-26T02:00:00+09:00,88093,88199,88008,88040
2025-12-26T02:15:00+09:00,88046,88175,88024,88053
2025-12-26T02:30:00+09:00,88042,88097,88032,88062
2025-12-26T02:45:00+09:00,88063,88218,88046,88149
2025-12-26T03:00:00+09:00,88153,88333,88153,88316
2025-12-26T03:15:00+09:00,88314,88314,88228,88241
2025-12-26T03:30:00+09:00,88242,88330,88156,88249
2025-12-26T03:45:00+09:00,88250,88305,88238,88247
2025-12-26T04:00:00+09:00,88248,88263,88166,88196
2025-12-26T04:15:00+09:00,88188,88203,88080,88121
2025-12-26T04:30:00+09:00,88121,88173,88076,88146
2025-12-26T04:45:00+09:00,88138,88176,88112,88158
2025-12-26T05:00:00+09:00,88165,88178,88068,88125
2025-12-26T05:15:00+09:00,88123,88145,87658,87785
2025-12-26T05:30:00+09:00,87785,87854,87716,87818
2025-12-26T05:45:00+09:00,87821,87922,87821,87904
2025-12-26T06:00:00+09:00,87904,88010,87828,88010
2025-12-26T06:15:00+09:00,87994,88008,87935,87979
2025-12-26T06:30:00+09:00,87974,87996,87950,87974
2025-12-26T06:45:00+09:00,87978,87980,87880,87911
2025-12-26T07:00:00+09:00,87922,87942,87814,87874
2025-12-26T07:15:00+09:00,87872,87900,87834,87857
2025-12-26T07:30:00+09:00,87865,87926,87712,87732
2025-12-26T07:45:00+09:00,87732,87737,87351,87680
2025-12-26T08:00:00+09:00,87689,87796,87502,87719
2025-12-26T08:15:00+09:00,87704,87719,87486,87509
2025-12-26T08:30:00+09:00,87502,87502,87050,87099
2025-12-26T08:45:00+09:00,87077,87355,87000,87256
2025-12-26T09:00:00+09:00,87260,87368,87067,87227
2025-12-26T09:15:00+09:00,87228,87299,87000,87109
2025-12-26T09:30:00+09:00,87101,87247,86905,86987
2025-12-26T09:45:00+09:00,87007,87171,86957,87154
2025-12-26T10:00:00+09:00,87157,87358,87146,87315
2025-12-26T10:15:00+09:00,87323,87413,87268,87366
2025-12-26T10:30:00+09:00,87359,87475,87332,87421
2025-12-26T10:45:00+09:00,87413,87500,87393,87450
2025-12-26T11:00:00+09:00,87451,88212,87446,88200
2025-12-26T11:15:00+09:00,88200,89293,88200,89016
2025-12-26T11:30:00+09:00,89028,89439,89028,89225
2025-12-26T11:45:00+09:00,89225,89315,89034,89189
2025-12-26T12:00:00+09:00,89199,89282,89014,89033
2025-12-26T12:15:00+09:00,89032,89035,88739,88832
2025-12-26T12:30:00+09:00,88826,88869,88696,88739
2025-12-26T12:45:00+09:00,88728,88894,88723,88840
2025-12-26T13:00:00+09:00,88831,88832,88512,88722
2025-12-26T13:15:00+09:00,88717,88786,88639,88705
2025-12-26T13:30:00+09:00,88715,89089,88715,89037
2025-12-26T13:45:00+09:00,89028,89157,88955,88965
2025-12-26T14:00:00+09:00,88989,89023,88900,88938
2025-12-26T14:15:00+09:00,88943,88950,88838,88921
2025-12-26T14:30:00+09:00,88911,88935,88820,88870
2025-12-26T14:45:00+09:00,88864,89054,88853,89001
2025-12-26T15:00:00+09:00,89007,89177,89002,89099
2025-12-26T15:15:00+09:00,89106,89161,89034,89081
2025-12-26T15:30:00+09:00,89090,89251,89042,89242
2025-12-26T15:45:00+09:00,89238,89238,89109,89115
2025-12-26T16:00:00+09:00,89133,89380,89118,89362
2025-12-26T16:15:00+09:00,89361,89568,89276,89428
2025-12-26T16:30:00+09:00,89413,89421,88780,88784
2025-12-26T16:45:00+09:00,88806,88818,88357,88478
2025-12-26T17:00:00+09:00,88472,88888,88425,88670
2025-12-26T17:15:00+09:00,88684,88786,88610,88723
2025-12-26T17:30:00+09:00,88712,88712,88561,88631
2025-12-26T17:45:00+09:00,88637,88752,88600,88738
2025-12-26T18:00:00+09:00,88730,88787,88648,88680
2025-12-26T18:15:00+09:00,88696,88882,88693,88762
2025-12-26T18:30:00+09:00,88765,88799,88733,88798
2025-12-26T18:45:00+09:00,88792,88947,88785,88822
2025-12-26T19:00:00+09:00,88829,88898,88766,88879
2025-12-26T19:15:00+09:00,88876,88876,88698,88826
2025-12-26T19:30:00+09:00,88833,88833,88683,88758
2025-12-26T19:45:00+09:00,88753,88874,88746,88760
2025-12-26T20:00:00+09:00,88744,88769,88666,88680
2025-12-26T20:15:00+09:00,88673,88696,88600,88609
2025-12-26T20:30:00+09:00,88613,88660,88555,88594
2025-12-26T20:45:00+09:00,88589,88616,88530,88544
2025-12-26T21:00:00+09:00,88542,88719,88542,88690
2025-12-26T21:15:00+09:00,88685,88713,88628,88711
2025-12-26T21:30:00+09:00,88697,88770,88649,88749
2025-12-26T21:45:00+09:00,88749,88761,88659,88677
2025-12-26T22:00:00+09:00,88672,88841,88619,88836
2025-12-26T22:15:00+09:00,88831,88853,88750,88781
2025-12-26T22:30:00+09:00,88786,89050,88777,88920
2025-12-26T22:45:00+09:00,88924,89067,88907,89011
2025-12-26T23:00:00+09:00,89019,89041,88913,88959
2025-12-26T23:15:00+09:00,88967,89038,88936,88984
2025-12-26T23:30:00+09:00,88984,89085,88298,88435
2025-12-26T23:45:00+09:00,88420,88451,87390,87421
2025-12-27T00:00:00+09:00,87426,87426,86775,86825
2025-12-27T00:15:00+09:00,86825,87149,86686,87063
2025-12-27T00:30:00+09:00,87014,87240,86938,87050
2025-12-27T00:45:00+09:00,87056,87261,87019,87186
2025-12-27T01:00:00+09:00,87187,87316,87064,87071
2025-12-27T01:15:00+09:00,87071,87386,87071,87321
2025-12-27T01:30:00+09:00,87329,87444,87224,87335
2025-12-27T01:45:00+09:00,87334,87378,86921,86958
2025-12-27T02:00:00+09:00,86948,87174,86898,87085
2025-12-27T02:15:00+09:00,87101,87417,87079,87417
2025-12-27T02:30:00+09:00,87396,87545,87276,87465
2025-12-27T02:45:00+09:00,87446,87543,87348,87420
2025-12-27T03:00:00+09:00,87419,87480,87308,87435
2025-12-27T03:15:00+09:00,87418,87467,87302,87314
2025-12-27T03:30:00+09:00,87336,87410,87300,87323
2025-12-27T03:45:00+09:00,87312,87450,87238,87370
2025-12-27T04:00:00+09:00,87355,87473,87336,87403
2025-12-27T04:15:00+09:00,87409,87502,87330,87460
2025-12-27T04:30:00+09:00,87459,87568,87447,87565
2025-12-27T04:45:00+09:00,87568,87670,87510,87606
2025-12-27T05:00:00+09:00,87572,87666,87491,87624
2025-12-27T05:15:00+09:00,87613,87735,87588,87700
2025-12-27T05:30:00+09:00,87700,87790,87652,87779
2025-12-27T05:45:00+09:00,87779,87881,87651,87691
2025-12-27T06:00:00+09:00,87687,87799,87637,87755
2025-12-27T06:15:00+09:00,87743,87759,87646,87680
2025-12-27T06:30:00+09:00,87661,87661,87567,87601
2025-12-27T06:45:00+09:00,87601,87649,87539,87569
2025-12-27T07:00:00+09:00,87569,87691,87552,87556
2025-12-27T07:15:00+09:00,87570,87625,87488,87528
2025-12-27T07:30:00+09:00,87530,87617,87416,87489
2025-12-27T07:45:00+09:00,87489,87638,87396,87636
2025-12-27T08:00:00+09:00,87601,87641,87566,87572
2025-12-27T08:15:00+09:00,87569,87649,87536,87550
2025-12-27T08:30:00+09:00,87552,87577,87427,87459
2025-12-27T08:45:00+09:00,87447,87502,87422,87456
2025-12-27T09:00:00+09:00,87459,87500,87352,87406
2025-12-27T09:15:00+09:00,87404,87447,87333,87406
2025-12-27T09:30:00+09:00,87399,87492,87393,87474
2025-12-27T09:45:00+09:00,87484,87525,87470,87497
2025-12-27T10:00:00+09:00,87499,87501,87445,87487
2025-12-27T10:15:00+09:00,87483,87495,87429,87471
2025-12-27T10:30:00+09:00,87488,87578,87477,87526
2025-12-27T10:45:00+09:00,87531,87569,87505,87561
2025-12-27T11:00:00+09:00,87561,87587,87463,87554
2025-12-27T11:15:00+09:00,87554,87555,87494,87529
2025-12-27T11:30:00+09:00,87529,87549,87497,87539
2025-12-27T11:45:00+09:00,87539,87568,87511,87529
2025-12-27T12:00:00+09:00,87529,87585,87466,87474
2025-12-27T12:15:00+09:00,87479,87514,87470,87514
2025-12-27T12:30:00+09:00,87528,87594,87516,87570
2025-12-27T12:45:00+09:00,87578,87625,87577,87587
2025-12-27T13:00:00+09:00,87605,87608,87558,87568
2025-12-27T13:15:00+09:00,87579,87583,87537,87551
2025-12-27T13:30:00+09:00,87547,87584,87537,87578
2025-12-27T13:45:00+09:00,87575,87575,87545,87555
2025-12-27T14:00:00+09:00,87563,87572,87523,87548
2025-12-27T14:15:00+09:00,87553,87553,87513,87534
2025-12-27T14:30:00+09:00,87529,87604,87529,87563
2025-12-27T14:45:00+09:00,87569,87590,87552,87584
2025-12-27T15:00:00+09:00,87585,87642,87541,87599
2025-12-27T15:15:00+09:00,87609,87609,87510,87538
2025-12-27T15:30:00+09:00,87531,87554,87500,87535
2025-12-27T15:45:00+09:00,87530,87551,87511,87546
2025-12-27T16:00:00+09:00,87550,87627,87550,87621
2025-12-27T16:15:00+09:00,87638,87792,87610,87671
2025-12-27T16:30:00+09:00,87661,87664,87609,87613
2025-12-27T16:45:00+09:00,87612,87628,87591,87603
2025-12-27T17:00:00+09:00,87609,87680,87609,87627
2025-12-27T17:15:00+09:00,87634,87753,87634,87679
2025-12-27T17:30:00+09:00,87671,87719,87663,87685
2025-12-27T17:45:00+09:00,87681,87681,87654,87665
2025-12-27T18:00:00+09:00,87656,87745,87650,87725
2025-12-27T18:15:00+09:00,87725,87742,87620,87639
2025-12-27T18:30:00+09:00,87646,87731,87646,87672
2025-12-27T18:45:00+09:00,87680,87713,87671,87687
2025-12-27T19:00:00+09:00,87698,87703,87626,87629
2025-12-27T19:15:00+09:00,87631,87706,87629,87631
2025-12-27T19:30:00+09:00,87623,87633,87452,87530
2025-12-27T19:45:00+09:00,87522,87613,87509,87591
2025-12-27T20:00:00+09:00,87581,87617,87529,87607
2025-12-27T20:15:00+09:00,87618,87634,87563,87582
2025-12-27T20:30:00+09:00,87585,87621,87561,87564
2025-12-27T20:45:00+09:00,87564,87629,87529,87556
2025-12-27T21:00:00+09:00,87566,87597,87507,87534
2025-12-27T21:15:00+09:00,87539,87576,87515,87568
2025-12-27T21:30:00+09:00,87555,87604,87555,87582
2025-12-27T21:45:00+09:00,87588,87589,87526,87554
2025-12-27T22:00:00+09:00,87554,87554,87484,87537
2025-12-27T22:15:00+09:00,87519,87538,87484,87488
2025-12-27T22:30:00+09:00,87484,87560,87386,87547
2025-12-27T22:45:00+09:00,87546,87561,87541,87541
2025-12-27T23:00:00+09:00,87542,87567,87529,87547
2025-12-27T23:15:00+09:00,87547,87564,87529,87529
2025-12-27T23:30:00+09:00,87529,87616,87529,87616
2025-12-27T23:45:00+09:00,87616,87662,87604,87646
2025-12-28T00:00:00+09:00,87639,87666,87596,87652
2025-12-28T00:15:00+09:00,87645,87660,87596,87637
2025-12-28T00:30:00+09:00,87644,87710,87644,87710
2025-12-28T00:45:00+09:00,87699,87709,87646,87669
2025-12-28T01:00:00+09:00,87675,87701,87598,87598
2025-12-28T01:15:00+09:00,87604,87635,87551,87586
2025-12-28T01:30:00+09:00,87594,87680,87592,87656
2025-12-28T01:45:00+09:00,87659,87662,87599,87604
2025-12-28T02:00:00+09:00,87613,87622,87573,87621
2025-12-28T02:15:00+09:00,87622,87648,87600,87629
2025-12-28T02:30:00+09:00,87633,87658,87618,87658
2025-12-28T02:45:00+09:00,87658,87673,87643,87669
2025-12-28T03:00:00+09:00,87674,87686,87620,87624
2025-12-28T03:15:00+09:00,87624,87664,87602,87631
2025-12-28T03:30:00+09:00,87630,87644,87618,87625
2025-12-28T03:45:00+09:00,87617,87633,87551,87592
2025-12-28T04:00:00+09:00,87608,87695,87587,87666
2025-12-28T04:15:00+09:00,87661,87671,87630,87665
2025-12-28T04:30:00+09:00,87665,87675,87641,87641
2025-12-28T04:45:00+09:00,87648,87690,87645,87682
2025-12-28T05:00:00+09:00,87683,87742,87682,87690
2025-12-28T05:15:00+09:00,87708,87708,87644,87647
2025-12-28T05:30:00+09:00,87646,87666,87620,87653
2025-12-28T05:45:00+09:00,87661,87675,87646,87660
2025-12-28T06:00:00+09:00,87665,87725,87655,87721
2025-12-28T06:15:00+09:00,87723,87738,87718,87724
2025-12-28T06:30:00+09:00,87737,87769,87735,87741
2025-12-28T06:45:00+09:00,87726,87769,87726,87760
2025-12-28T07:00:00+09:00,87759,88000,87709,87947
2025-12-28T07:15:00+09:00,87970,88028,87779,87779
2025-12-28T07:30:00+09:00,87785,87785,87610,87661
2025-12-28T07:45:00+09:00,87657,87746,87582,87643
2025-12-28T08:00:00+09:00,87669,87731,87647,87696
2025-12-28T08:15:00+09:00,87713,87806,87713,87737
2025-12-28T08:30:00+09:00,87739,87787,87739,87773
2025-12-28T08:45:00+09:00,87775,88080,87764,87960
2025-12-28T09:00:00+09:00,87960,88053,87898,87902
2025-12-28T09:15:00+09:00,87902,87920,87800,87808
2025-12-28T09:30:00+09:00,87822,87991,87800,87973
2025-12-28T09:45:00+09:00,87973,88028,87927,87927
2025-12-28T10:00:00+09:00,87939,88028,87935,87935
2025-12-28T10:15:00+09:00,87927,87927,87820,87888
2025-12-28T10:30:00+09:00,87884,87958,87846,87899
2025-12-28T10:45:00+09:00,87897,87907,87851,87870
2025-12-28T11:00:00+09:00,87866,87882,87832,87869
2025-12-28T11:15:00+09:00,87879,87901,87872,87890
2025-12-28T11:30:00+09:00,87892,87957,87892,87926
2025-12-28T11:45:00+09:00,87930,87936,87882,87882
2025-12-28T12:00:00+09:00,87894,87933,87862,87864
2025-12-28T12:15:00+09:00,87863,87901,87810,87829
2025-12-28T12:30:00+09:00,87829,87866,87827,87835
2025-12-28T12:45:00+09:00,87840,87842,87821,87821
2025-12-28T13:00:00+09:00,87807,87926,87775,87888
2025-12-28T13:15:00+09:00,87888,87890,87838,87878
2025-12-28T13:30:00+09:00,87890,87890,87816,87832
2025-12-28T13:45:00+09:00,87842,87851,87780,87805
2025-12-28T14:00:00+09:00,87793,87793,87714,87785
2025-12-28T14:15:00+09:00,87770,87776,87700,87700
2025-12-28T14:30:00+09:00,87711,87773,87700,87763
2025-12-28T14:45:00+09:00,87767,87801,87717,87737
2025-12-28T15:00:00+09:00,87734,87789,87728,87786
2025-12-28T15:15:00+09:00,87797,87828,87779,87818
2025-12-28T15:30:00+09:00,87818,87878,87810,87869
2025-12-28T15:45:00+09:00,87872,87872,87810,87813
2025-12-28T16:00:00+09:00,87802,87820,87758,87797
2025-12-28T16:15:00+09:00,87792,87792,87753,87773
2025-12-28T16:30:00+09:00,87766,87788,87743,87749
2025-12-28T16:45:00+09:00,87763,87816,87755,87809
2025-12-28T17:00:00+09:00,87809,87895,87806,87870
2025-12-28T17:15:00+09:00,87880,87884,87840,87859
2025-12-28T17:30:00+09:00,87859,88060,87835,87920
2025-12-28T17:45:00+09:00,87905,87937,87863,87881
2025-12-28T18:00:00+09:00,87887,87951,87873,87942
2025-12-28T18:15:00+09:00,87949,87987,87915,87960
2025-12-28T18:30:00+09:00,87953,87962,87796,87855
2025-12-28T18:45:00+09:00,87855,87880,87840,87876
2025-12-28T19:00:00+09:00,87880,88034,87878,87974
2025-12-28T19:15:00+09:00,87979,88046,87936,88024
2025-12-28T19:30:00+09:00,88023,88092,87912,87926
2025-12-28T19:45:00+09:00,87934,87948,87909,87934
2025-12-28T20:00:00+09:00,87948,88000,87948,87996
2025-12-28T20:15:00+09:00,88000,88000,87958,87977
2025-12-28T20:30:00+09:00,87962,87963,87889,87902
2025-12-28T20:45:00+09:00,87913,87965,87913,87965
2025-12-28T21:00:00+09:00,87965,87971,87895,87924
2025-12-28T21:15:00+09:00,87917,87936,87895,87930
2025-12-28T21:30:00+09:00,87934,87944,87854,87874
2025-12-28T21:45:00+09:00,87880,87966,87874,87912
2025-12-28T22:00:00+09:00,87932,88027,87926,87927
2025-12-28T22:15:00+09:00,87926,87985,87881,87919
2025-12-28T22:30:00+09:00,87918,88022,87918,87985
2025-12-28T22:45:00+09:00,87983,88001,87947,87967
2025-12-28T23:00:00+09:00,87977,88065,87970,88046
2025-12-28T23:15:00+09:00,88046,88065,87992,88049
2025-12-28T23:30:00+09:00,88050,88174,87997,88064
2025-12-28T23:45:00+09:00,88066,88091,88000,88000
2025-12-29T00:00:00+09:00,88000,88083,88000,88063
2025-12-29T00:15:00+09:00,88069,88091,88020,88032
2025-12-29T00:30:00+09:00,88037,88037,88000,88008
2025-12-29T00:45:00+09:00,88007,88066,87912,87928
2025-12-29T01:00:00+09:00,87927,88000,87910,87949
2025-12-29T01:15:00+09:00,87953,87988,87832,87870
2025-12-29T01:30:00+09:00,87878,87925,87865,87887
2025-12-29T01:45:00+09:00,87888,87918,87885,87892
2025-12-29T02:00:00+09:00,87902,87986,87902,87986
2025-12-29T02:15:00+09:00,87988,88019,87960,87976
2025-12-29T02:30:00+09:00,87967,87967,87895,87895
2025-12-29T02:45:00+09:00,87902,87910,87832,87832
2025-12-29T03:00:00+09:00,87842,87860,87694,87766
2025-12-29T03:15:00+09:00,87762,87806,87551,87789
2025-12-29T03:30:00+09:00,87783,87838,87770,87790
2025-12-29T03:45:00+09:00,87779,87788,87606,87677
2025-12-29T04:00:00+09:00,87677,87780,87591,87741
2025-12-29T04:15:00+09:00,87736,87736,87575,87579
2025-12-29T04:30:00+09:00,87582,87723,87582,87670
2025-12-29T04:45:00+09:00,87663,87696,87588,87590
2025-12-29T05:00:00+09:00,87599,87651,87529,87579
2025-12-29T05:15:00+09:00,87579,87670,87579,87649
2025-12-29T05:30:00+09:00,87647,87689,87639,87670
2025-12-29T05:45:00+09:00,87667,87733,87579,87579
2025-12-29T06:00:00+09:00,87584,87638,87529,87619
2025-12-29T06:15:00+09:00,87620,87664,87564,87610
2025-12-29T06:30:00+09:00,87610,87675,87592,87656
2025-12-29T06:45:00+09:00,87660,87664,87626,87655
2025-12-29T07:00:00+09:00,87658,87662,87543,87589
2025-12-29T07:15:00+09:00,87587,87690,87580,87688
2025-12-29T07:30:00+09:00,87691,87777,87658,87705
2025-12-29T07:45:00+09:00,87715,88059,87715,87964
2025-12-29T08:00:00+09:00,87970,88128,87740,87765
2025-12-29T08:15:00+09:00,87759,87891,87759,87789
2025-12-29T08:30:00+09:00,87770,87886,87706,87877
2025-12-29T08:45:00+09:00,87874,88017,87863,88013
2025-12-29T09:00:00+09:00,88025,88044,87879,87959
2025-12-29T09:15:00+09:00,87961,88108,87873,88074
2025-12-29T09:30:00+09:00,88077,88357,88057,88244
2025-12-29T09:45:00+09:00,88245,88498,88197,88354
2025-12-29T10:00:00+09:00,88350,88374,88093,88123
2025-12-29T10:15:00+09:00,88118,88125,87919,88053
2025-12-29T10:30:00+09:00,88057,88500,87998,88334
2025-12-29T10:45:00+09:00,88350,88518,88350,88490
2025-12-29T11:00:00+09:00,88488,89318,88488,89299
2025-12-29T11:15:00+09:00,89290,89432,88931,89171
2025-12-29T11:30:00+09:00,89190,89289,89030,89141
2025-12-29T11:45:00+09:00,89143,89332,89112,89175
2025-12-29T12:00:00+09:00,89176,89500,89107,89493
2025-12-29T12:15:00+09:00,89500,89533,89354,89482
2025-12-29T12:30:00+09:00,89502,90000,89495,89983
2025-12-29T12:45:00+09:00,89999,90159,89846,90108
2025-12-29T13:00:00+09:00,90107,90165,89928,90037
2025-12-29T13:15:00+09:00,90058,90212,89990,90087
2025-12-29T13:30:00+09:00,90087,90401,90058,90220
2025-12-29T13:45:00+09:00,90218,90302,90127,90127
2025-12-29T14:00:00+09:00,90134,90295,90066,90206
2025-12-29T14:15:00+09:00,90207,90216,90065,90067
2025-12-29T14:30:00+09:00,90069,90184,90013,90120
2025-12-29T14:45:00+09:00,90120,90129,89918,89985
2025-12-29T15:00:00+09:00,89987,90039,89874,89995
2025-12-29T15:15:00+09:00,89996,90117,89952,89952
2025-12-29T15:30:00+09:00,89981,89990,89882,89898
2025-12-29T15:45:00+09:00,89879,89889,89735,89764
2025-12-29T16:00:00+09:00,89773,89853,89517,89654
2025-12-29T16:15:00+09:00,89654,89701,89510,89530
2025-12-29T16:30:00+09:00,89527,89687,89500,89557
2025-12-29T16:45:00+09:00,89560,89663,89540,89607
2025-12-29T17:00:00+09:00,89626,89664,89496,89664
2025-12-29T17:15:00+09:00,89666,89849,89645,89782
2025-12-29T17:30:00+09:00,89782,89809,89631,89721
2025-12-29T17:45:00+09:00,89704,89800,89477,89559
2025-12-29T18:00:00+09:00,89556,89610,89481,89517
2025-12-29T18:15:00+09:00,89502,89507,89293,89325
2025-12-29T18:30:00+09:00,89325,89333,88222,88278
2025-12-29T18:45:00+09:00,88250,88250,87814,88134
2025-12-29T19:00:00+09:00,88139,88303,87945,88099
2025-12-29T19:15:00+09:00,88088,88091,87958,88046
2025-12-29T19:30:00+09:00,88045,88047,87913,87947
2025-12-29T19:45:00+09:00,87943,87975,87673,87808
2025-12-29T20:00:00+09:00,87802,87813,87619,87808
2025-12-29T20:15:00+09:00,87814,87821,87722,87768
2025-12-29T20:30:00+09:00,87763,87780,87636,87677
2025-12-29T20:45:00+09:00,87687,87700,87605,87610
2025-12-29T21:00:00+09:00,87613,87669,86923,87010
2025-12-29T21:15:00+09:00,87010,87421,86860,87298
2025-12-29T21:30:00+09:00,87311,87492,87262,87352
2025-12-29T21:45:00+09:00,87359,87458,87330,87435
2025-12-29T22:00:00+09:00,87423,87586,87337,87371
2025-12-29T22:15:00+09:00,87384,87515,87308,87334
2025-12-29T22:30:00+09:00,87331,87418,87286,87331
2025-12-29T22:45:00+09:00,87332,87439,87219,87429
2025-12-29T23:00:00+09:00,87424,87476,87294,87476
2025-12-29T23:15:00+09:00,87479,87658,87382,87645
2025-12-29T23:30:00+09:00,87640,88218,87452,88123
2025-12-29T23:45:00+09:00,88116,88139,87273,87444
2025-12-30T00:00:00+09:00,87441,87738,87243,87736
2025-12-30T00:15:00+09:00,87743,87920,87484,87735
2025-12-30T00:30:00+09:00,87733,87901,87689,87827
2025-12-30T00:45:00+09:00,87824,87855,87588,87685
2025-12-30T01:00:00+09:00,87685,87849,87592,87773
2025-12-30T01:15:00+09:00,87778,87778,87435,87543
2025-12-30T01:30:00+09:00,87530,87737,87524,87619
2025-12-30T01:45:00+09:00,87608,87778,87537,87627
2025-12-30T02:00:00+09:00,87627,87756,87569,87616
2025-12-30T02:15:00+09:00,87610,87678,87345,87428
2025-12-30T02:30:00+09:00,87437,87620,87413,87593
2025-12-30T02:45:00+09:00,87604,87860,87604,87843
2025-12-30T03:00:00+09:00,87843,87999,87673,87794
2025-12-30T03:15:00+09:00,87794,87870,87667,87708
2025-12-30T03:30:00+09:00,87711,87779,87515,87604
2025-12-30T03:45:00+09:00,87598,87608,87342,87463
2025-12-30T04:00:00+09:00,87456,87670,87305,87572
2025-12-30T04:15:00+09:00,87572,87589,87466,87506
2025-12-30T04:30:00+09:00,87508,87588,87369,87403
2025-12-30T04:45:00+09:00,87405,87461,87321,87361
2025-12-30T05:00:00+09:00,87356,87537,87275,87522
2025-12-30T05:15:00+09:00,87517,87591,87301,87337
2025-12-30T05:30:00+09:00,87336,87402,87204,87231
2025-12-30T05:45:00+09:00,87231,87273,87075,87212
2025-12-30T06:00:00+09:00,87202,87373,87183,87340
2025-12-30T06:15:00+09:00,87335,87364,87211,87288
2025-12-30T06:30:00+09:00,87278,87354,87251,87342
2025-12-30T06:45:00+09:00,87325,87345,87299,87325
2025-12-30T07:00:00+09:00,87325,87325,87070,87115
2025-12-30T07:15:00+09:00,87122,87259,87122,87207
2025-12-30T07:30:00+09:00,87195,87387,87187,87349
2025-12-30T07:45:00+09:00,87351,87395,87313,87320
2025-12-30T08:00:00+09:00,87325,87395,87268,87360
2025-12-30T08:15:00+09:00,87354,87354,87191,87207
2025-12-30T08:30:00+09:00,87206,87263,87180,87213
2025-12-30T08:45:00+09:00,87212,87260,87191,87228
2025-12-30T09:00:00+09:00,87223,87347,87197,87292
2025-12-30T09:15:00+09:00,87292,87360,87283,87284
2025-12-30T09:30:00+09:00,87279,87286,87109,87133
2025-12-30T09:45:00+09:00,87144,87277,87144,87253
2025-12-30T10:00:00+09:00,87243,87275,87121,87204
2025-12-30T10:15:00+09:00,87204,87296,87165,87196
2025-12-30T10:30:00+09:00,87193,87278,87131,87265
2025-12-30T10:45:00+09:00,87263,87363,87263,87314
2025-12-30T11:00:00+09:00,87318,87336,87098,87202
2025-12-30T11:15:00+09:00,87202,87332,87202,87245
2025-12-30T11:30:00+09:00,87234,87267,87000,87153
2025-12-30T11:45:00+09:00,87159,87159,87000,87110
2025-12-30T12:00:00+09:00,87098,87120,86908,86928
2025-12-30T12:15:00+09:00,86927,87300,86821,87269
2025-12-30T12:30:00+09:00,87270,87323,87195,87265
2025-12-30T12:45:00+09:00,87261,87425,87251,87362
2025-12-30T13:00:00+09:00,87381,87427,87264,87309
2025-12-30T13:15:00+09:00,87311,87477,87292,87433
2025-12-30T13:30:00+09:00,87443,87460,87378,87445
2025-12-30T13:45:00+09:00,87442,87459,87284,87290
2025-12-30T14:00:00+09:00,87291,87360,87273,87353
2025-12-30T14:15:00+09:00,87346,87365,87222,87264
2025-12-30T14:30:00+09:00,87252,87257,87134,87231
2025-12-30T14:45:00+09:00,87220,87250,87177,87235
2025-12-30T15:00:00+09:00,87233,87334,87216,87324
2025-12-30T15:15:00+09:00,87329,87414,87329,87381
2025-12-30T15:30:00+09:00,87367,87497,87355,87480
2025-12-30T15:45:00+09:00,87474,87500,87401,87422
2025-12-30T16:00:00+09:00,87423,87527,87387,87511
2025-12-30T16:15:00+09:00,87492,87607,87357,87397
2025-12-30T16:30:00+09:00,87399,87523,87377,87474
2025-12-30T16:45:00+09:00,87476,87498,87447,87470
2025-12-30T17:00:00+09:00,87483,88000,87470,87871
2025-12-30T17:15:00+09:00,87875,88212,87742,87823
2025-12-30T17:30:00+09:00,87821,87964,87763,87885
2025-12-30T17:45:00+09:00,87902,87969,87816,87850
2025-12-30T18:00:00+09:00,87845,87910,87776,87800
2025-12-30T18:15:00+09:00,87792,87792,87634,87674
2025-12-30T18:30:00+09:00,87674,87841,87664,87841
2025-12-30T18:45:00+09:00,87835,88041,87809,87984
2025-12-30T19:00:00+09:00,87971,88112,87949,88017
2025-12-30T19:15:00+09:00,88010,88079,87938,88004
2025-12-30T19:30:00+09:00,87983,88154,87902,88154
2025-12-30T19:45:00+09:00,88143,88180,87916,87940
2025-12-30T20:00:00+09:00,87947,88024,87889,88015
2025-12-30T20:15:00+09:00,88005,88025,87904,87930
2025-12-30T20:30:00+09:00,87924,88001,87872,87878
2025-12-30T20:45:00+09:00,87879,87955,87754,87893
2025-12-30T21:00:00+09:00,87906,88070,87901,88033
2025-12-30T21:15:00+09:00,88028,88087,87982,88008
2025-12-30T21:30:00+09:00,88002,88095,87944,87985
2025-12-30T21:45:00+09:00,87989,88016,87922,88016
2025-12-30T22:00:00+09:00,88014,88045,87892,87939
2025-12-30T22:15:00+09:00,87926,88130,87895,88083
2025-12-30T22:30:00+09:00,88083,88115,87903,88050
2025-12-30T22:45:00+09:00,88061,88122,87996,88092
2025-12-30T23:00:00+09:00,88079,88079,87802,88003
2025-12-30T23:15:00+09:00,88016,88386,87999,88118
2025-12-30T23:30:00+09:00,88122,88243,87867,88088
2025-12-30T23:45:00+09:00,88096,89000,88088,88910
2025-12-31T00:00:00+09:00,88891,89090,88225,88372
2025-12-31T00:15:00+09:00,88379,88591,88241,88489
2025-12-31T00:30:00+09:00,88491,88832,88460,88818
2025-12-31T00:45:00+09:00,88809,89188,88716,89046
2025-12-31T01:00:00+09:00,89061,89170,88821,89001
2025-12-31T01:15:00+09:00,89001,89444,88991,89251
2025-12-31T01:30:00+09:00,89267,89305,88712,88769
2025-12-31T01:45:00+09:00,88769,88831,88625,88792
2025-12-31T02:00:00+09:00,88780,88937,88761,88819
2025-12-31T02:15:00+09:00,88840,88840,88541,88664
2025-12-31T02:30:00+09:00,88662,88737,88553,88571
2025-12-31T02:45:00+09:00,88572,88572,88180,88429
2025-12-31T03:00:00+09:00,88411,88465,88325,88341
2025-12-31T03:15:00+09:00,88368,88480,88352,88425
2025-12-31T03:30:00+09:00,88427,88543,88374,88401
2025-12-31T03:45:00+09:00,88401,88401,88166,88329
2025-12-31T04:00:00+09:00,88329,88329,88000,88103
2025-12-31T04:15:00+09:00,88089,88407,88067,88384
2025-12-31T04:30:00+09:00,88374,88464,88297,88324
2025-12-31T04:45:00+09:00,88322,88371,88173,88255
2025-12-31T05:00:00+09:00,88249,88260,88118,88158
2025-12-31T05:15:00+09:00,88177,88246,88050,88089
2025-12-31T05:30:00+09:00,88093,88203,88050,88073
2025-12-31T05:45:00+09:00,88064,88066,87921,87972
2025-12-31T06:00:00+09:00,87984,88143,87906,88115
2025-12-31T06:15:00+09:00,88124,88236,88120,88208
2025-12-31T06:30:00+09:00,88208,88332,88208,88320
2025-12-31T06:45:00+09:00,88326,88386,88257,88337
2025-12-31T07:00:00+09:00,88333,88509,88333,88508
2025-12-31T07:15:00+09:00,88503,88503,88402,88462
2025-12-31T07:30:00+09:00,88472,88498,88336,88364
2025-12-31T07:45:00+09:00,88356,88469,88317,88465
2025-12-31T08:00:00+09:00,88461,88559,88399,88489
2025-12-31T08:15:00+09:00,88486,88620,88452,88620
2025-12-31T08:30:00+09:00,88597,88625,88553,88595
2025-12-31T08:45:00+09:00,88597,88597,88511,88524
2025-12-31T09:00:00+09:00,88524,88538,88381,88426
2025-12-31T09:15:00+09:00,88424,88498,88344,88431
2025-12-31T09:30:00+09:00,88424,88438,88291,88371
2025-12-31T09:45:00+09:00,88361,88362,88279,88291
2025-12-31T10:00:00+09:00,88293,88367,88213,88350
2025-12-31T10:15:00+09:00,88350,88726,88344,88617
2025-12-31T10:30:00+09:00,88627,88808,88627,88774
2025-12-31T10:45:00+09:00,88785,88832,88630,88697
2025-12-31T11:00:00+09:00,88683,88724,88564,88721
2025-12-31T11:15:00+09:00,88717,88777,88657,88717
2025-12-31T11:30:00+09:00,88713,88797,88588,88643
2025-12-31T11:45:00+09:00,88649,88754,88564,88708
2025-12-31T12:00:00+09:00,88713,88873,88707,88813
2025-12-31T12:15:00+09:00,88802,88809,88564,88588
2025-12-31T12:30:00+09:00,88592,88598,88422,88514
2025-12-31T12:45:00+09:00,88508,88532,88456,88497
2025-12-31T13:00:00+09:00,88506,88545,88462,88510
2025-12-31T13:15:00+09:00,88519,88594,88427,88468
2025-12-31T13:30:00+09:00,88469,88520,88430,88431
2025-12-31T13:45:00+09:00,88432,88467,88368,88368
2025-12-31T14:00:00+09:00,88383,88508,88383,88459
2025-12-31T14:15:00+09:00,88465,88507,88394,88494
2025-12-31T14:30:00+09:00,88505,88565,88467,88565
2025-12-31T14:45:00+09:00,88556,88567,88481,88497
2025-12-31T15:00:00+09:00,88492,88578,88491,88564
2025-12-31T15:15:00+09:00,88556,88610,88502,88578
2025-12-31T15:30:00+09:00,88578,88610,88518,88540
2025-12-31T15:45:00+09:00,88540,88578,88520,88554
2025-12-31T16:00:00+09:00,88550,88550,88473,88523
2025-12-31T16:15:00+09:00,88523,88616,88463,88579
2025-12-31T16:30:00+09:00,88580,88678,88559,88655
2025-12-31T16:45:00+09:00,88655,88671,88605,88645
2025-12-31T17:00:00+09:00,88643,88780,88643,88735
2025-12-31T17:15:00+09:00,88731,88732,88667,88690
2025-12-31T17:30:00+09:00,88698,88698,88425,88464
2025-12-31T17:45:00+09:00,88445,88505,88423,88469
2025-12-31T18:00:00+09:00,88481,88628,88481,88589
2025-12-31T18:15:00+09:00,88586,88647,88586,88630
2025-12-31T18:30:00+09:00,88620,88713,88611,88690
2025-12-31T18:45:00+09:00,88690,88754,88679,88704
2025-12-31T19:00:00+09:00,88705,88865,88705,88835
2025-12-31T19:15:00+09:00,88827,88929,88726,88799
2025-12-31T19:30:00+09:00,88808,88808,88701,88784
2025-12-31T19:45:00+09:00,88790,88883,88760,88878
2025-12-31T20:00:00+09:00,88888,88988,88853,88888
2025-12-31T20:15:00+09:00,88902,88974,88831,88974
2025-12-31T20:30:00+09:00,88969,89037,88932,89036
2025-12-31T20:45:00+09:00,89021,89077,88962,89036
2025-12-31T21:00:00+09:00,89029,89072,88924,88965
2025-12-31T21:15:00+09:00,88976,89029,88925,88966
2025-12-31T21:30:00+09:00,88972,89016,88830,88841
2025-12-31T21:45:00+09:00,88855,88883,88734,88789
2025-12-31T22:00:00+09:00,88787,88884,88751,88837
2025-12-31T22:15:00+09:00,88837,88913,88815,88851
2025-12-31T22:30:00+09:00,88850,88855,88788,88829
2025-12-31T22:45:00+09:00,88820,89086,88800,89011
2025-12-31T23:00:00+09:00,89011,89243,88960,89163
2025-12-31T23:15:00+09:00,89152,89175,88979,88996
2025-12-31T23:30:00+09:00,88977,88977,88670,88711
2025-12-31T23:45:00+09:00,88721,88734,88336,88530
